ISO-10303-21;
HEADER;
FILE_DESCRIPTION(('STEP AP242'),'1');
FILE_NAME('0430450612.stp','2026-03-17T18:43:04',('TraceParts'),('TraceParts S.A.S.'),'Spatial InterOp 3D',' ',' ');
FILE_SCHEMA(('AP242_MANAGED_MODEL_BASED_3D_ENGINEERING_MIM_LF  {1 0 10303 442 1 1 4}'));
ENDSEC;
DATA;
#1=PRODUCT_DEFINITION_CONTEXT('',#10,'design');
#2=APPLICATION_PROTOCOL_DEFINITION('INTERNATIONAL STANDARD','ap242_managed_model_based_3d_engineering',2014,#10);
#3=PRODUCT_CATEGORY_RELATIONSHIP('NONE','NONE',#11,#12);
#4=SHAPE_DEFINITION_REPRESENTATION(#13,#14);
#5=SHAPE_DEFINITION_REPRESENTATION(#13,#15);
#6= (GEOMETRIC_REPRESENTATION_CONTEXT(3)GLOBAL_UNCERTAINTY_ASSIGNED_CONTEXT((#18))GLOBAL_UNIT_ASSIGNED_CONTEXT((#20,#21,#22))REPRESENTATION_CONTEXT('NONE','WORKSPACE'));
#10=APPLICATION_CONTEXT('managed model based 3d engineering');
#11=PRODUCT_CATEGORY('part','NONE');
#12=PRODUCT_RELATED_PRODUCT_CATEGORY('detail',' ',(#24));
#13=PRODUCT_DEFINITION_SHAPE('NONE','NONE',#25);
#14=ADVANCED_BREP_SHAPE_REPRESENTATION('1',(#26,#27),#6);
#15=GEOMETRICALLY_BOUNDED_SURFACE_SHAPE_REPRESENTATION('2',(#28,#29),#6);
#18=UNCERTAINTY_MEASURE_WITH_UNIT(LENGTH_MEASURE(1.0E-06),#20,'','');
#20= (CONVERSION_BASED_UNIT('MILLIMETRE',#32)LENGTH_UNIT()NAMED_UNIT(#35));
#21= (NAMED_UNIT(#37)PLANE_ANGLE_UNIT()SI_UNIT($,.RADIAN.));
#22= (NAMED_UNIT(#37)SOLID_ANGLE_UNIT()SI_UNIT($,.STERADIAN.));
#24=PRODUCT('1','','PART--DESC',(#43));
#25=PRODUCT_DEFINITION('','NONE',#44,#1);
#26=MANIFOLD_SOLID_BREP('1',#45);
#27=AXIS2_PLACEMENT_3D('',#46,#47,#48);
#28=GEOMETRIC_SET('2',(#49,#50,#51,#52,#53,#54,#55,#56,#57));
#29=AXIS2_PLACEMENT_3D('',#58,#59,#60);
#32=LENGTH_MEASURE_WITH_UNIT(LENGTH_MEASURE(1.0),#61);
#35=DIMENSIONAL_EXPONENTS(1.0,0.0,0.0,0.0,0.0,0.0,0.0);
#37=DIMENSIONAL_EXPONENTS(0.0,0.0,0.0,0.0,0.0,0.0,0.0);
#43=PRODUCT_CONTEXT('',#10,'mechanical');
#44=PRODUCT_DEFINITION_FORMATION_WITH_SPECIFIED_SOURCE(' ','NONE',#24,.NOT_KNOWN.);
#45=CLOSED_SHELL('',(#62,#63,#64,#65,#66,#67,#68,#69,#70,#71,#72,#73,#74,#75,#76,#77,#78,#79,#80,#81,#82,#83,#84,#85,#86,#87,#88,#89,#90,#91,#92,#93,#94,#95,#96,#97,#98,#99,#100,#101,#102,#103,#104,#105,#106,#107,#108,#109,#110,#111,#112,#113,#114,#115,#116,#117,#118,#119,#120,#121,#122,#123,#124,#125,#126,#127,#128,#129,#130,#131,#132,#133,#134,#135,#136,#137,#138,#139,#140,#141,#142,#143,#144,#145,#146,#147,#148,#149,#150,#151,#152,#153,#154,#155,#156,#157,#158,#159,#160,#161,#162,#163,#164,#165,#166,#167,#168,#169,#170,#171,#172,#173,#174,#175,#176,#177,#178,#179,#180,#181,#182,#183,#184,#185,#186,#187,#188,#189,#190,#191,#192,#193,#194,#195,#196,#197,#198,#199,#200,#201,#202,#203,#204,#205,#206,#207,#208,#209,#210,#211,#212,#213,#214,#215,#216,#217,#218,#219,#220,#221,#222,#223,#224,#225,#226,#227,#228,#229,#230,#231,#232,#233,#234,#235,#236,#237,#238,#239,#240,#241,#242,#243,#244,#245,#246,#247,#248,#249,#250,#251,#252,#253,#254,#255,#256,#257,#258,#259,#260,#261,#262,#263,#264,#265,#266,#267,#268,#269,#270,#271,#272,#273,#274,#275,#276,#277,#278,#279,#280,#281,#282,#283,#284,#285,#286,#287,#288,#289,#290,#291,#292,#293,#294,#295,#296,#297,#298,#299,#300,#301,#302,#303,#304,#305,#306,#307,#308,#309,#310,#311,#312,#313,#314,#315,#316,#317,#318,#319,#320,#321,#322,#323,#324,#325,#326,#327,#328,#329,#330,#331,#332,#333,#334,#335,#336,#337,#338,#339,#340,#341,#342,#343,#344,#345,#346,#347,#348,#349,#350,#351,#352,#353,#354,#355,#356,#357,#358,#359,#360,#361,#362,#363,#364,#365));
#46=CARTESIAN_POINT('',(0.0,0.0,0.0));
#47=DIRECTION('',(0.0,0.0,1.0));
#48=DIRECTION('',(1.0,0.0,0.0));
#49=COMPOSITE_CURVE('',(#366,#367),.U.);
#50=COMPOSITE_CURVE('',(#368,#369),.U.);
#51=COMPOSITE_CURVE('',(#370,#371),.U.);
#52=COMPOSITE_CURVE('',(#372,#373),.U.);
#53=COMPOSITE_CURVE('',(#374,#375),.U.);
#54=COMPOSITE_CURVE('',(#376,#377),.U.);
#55=COMPOSITE_CURVE('',(#378,#379),.U.);
#56=COMPOSITE_CURVE('',(#380,#381),.U.);
#57=COMPOSITE_CURVE('',(#382,#383,#384,#385),.U.);
#58=CARTESIAN_POINT('',(0.0,0.0,0.0));
#59=DIRECTION('',(0.0,0.0,1.0));
#60=DIRECTION('',(1.0,0.0,0.0));
#61= (NAMED_UNIT(#35)LENGTH_UNIT()SI_UNIT(.MILLI.,.METRE.));
#62=ADVANCED_FACE('',(#387),#388,.T.);
#63=ADVANCED_FACE('',(#389),#390,.T.);
#64=ADVANCED_FACE('',(#391),#392,.T.);
#65=ADVANCED_FACE('',(#393),#394,.T.);
#66=ADVANCED_FACE('',(#395),#396,.F.);
#67=ADVANCED_FACE('',(#397),#398,.F.);
#68=ADVANCED_FACE('',(#399),#400,.F.);
#69=ADVANCED_FACE('',(#401),#402,.T.);
#70=ADVANCED_FACE('',(#403),#404,.F.);
#71=ADVANCED_FACE('',(#405),#406,.F.);
#72=ADVANCED_FACE('',(#407),#408,.F.);
#73=ADVANCED_FACE('',(#409),#410,.T.);
#74=ADVANCED_FACE('',(#411),#412,.T.);
#75=ADVANCED_FACE('',(#413),#414,.F.);
#76=ADVANCED_FACE('',(#415),#416,.F.);
#77=ADVANCED_FACE('',(#417),#418,.F.);
#78=ADVANCED_FACE('',(#419),#420,.F.);
#79=ADVANCED_FACE('',(#421),#422,.F.);
#80=ADVANCED_FACE('',(#423),#424,.F.);
#81=ADVANCED_FACE('',(#425),#426,.F.);
#82=ADVANCED_FACE('',(#427),#428,.T.);
#83=ADVANCED_FACE('',(#429),#430,.T.);
#84=ADVANCED_FACE('',(#431),#432,.F.);
#85=ADVANCED_FACE('',(#433),#434,.T.);
#86=ADVANCED_FACE('',(#435),#436,.T.);
#87=ADVANCED_FACE('',(#437,#438),#439,.T.);
#88=ADVANCED_FACE('',(#440),#441,.F.);
#89=ADVANCED_FACE('',(#442),#443,.F.);
#90=ADVANCED_FACE('',(#444),#445,.T.);
#91=ADVANCED_FACE('',(#446),#447,.T.);
#92=ADVANCED_FACE('',(#448),#449,.T.);
#93=ADVANCED_FACE('',(#450),#451,.T.);
#94=ADVANCED_FACE('',(#452),#453,.F.);
#95=ADVANCED_FACE('',(#454,#455),#456,.T.);
#96=ADVANCED_FACE('',(#457),#458,.T.);
#97=ADVANCED_FACE('',(#459,#460),#461,.T.);
#98=ADVANCED_FACE('',(#462),#463,.T.);
#99=ADVANCED_FACE('',(#464),#465,.F.);
#100=ADVANCED_FACE('',(#466),#467,.F.);
#101=ADVANCED_FACE('',(#468),#469,.F.);
#102=ADVANCED_FACE('',(#470),#471,.F.);
#103=ADVANCED_FACE('',(#472),#473,.F.);
#104=ADVANCED_FACE('',(#474),#475,.F.);
#105=ADVANCED_FACE('',(#476),#477,.F.);
#106=ADVANCED_FACE('',(#478),#479,.F.);
#107=ADVANCED_FACE('',(#480),#481,.F.);
#108=ADVANCED_FACE('',(#482),#483,.F.);
#109=ADVANCED_FACE('',(#484),#485,.F.);
#110=ADVANCED_FACE('',(#486),#487,.F.);
#111=ADVANCED_FACE('',(#488),#489,.T.);
#112=ADVANCED_FACE('',(#490),#491,.F.);
#113=ADVANCED_FACE('',(#492),#493,.F.);
#114=ADVANCED_FACE('',(#494),#495,.F.);
#115=ADVANCED_FACE('',(#496),#497,.F.);
#116=ADVANCED_FACE('',(#498),#499,.T.);
#117=ADVANCED_FACE('',(#500),#501,.T.);
#118=ADVANCED_FACE('',(#502),#503,.T.);
#119=ADVANCED_FACE('',(#504),#505,.T.);
#120=ADVANCED_FACE('',(#506),#507,.T.);
#121=ADVANCED_FACE('',(#508),#509,.T.);
#122=ADVANCED_FACE('',(#510),#511,.T.);
#123=ADVANCED_FACE('',(#512),#513,.T.);
#124=ADVANCED_FACE('',(#514),#515,.T.);
#125=ADVANCED_FACE('',(#516),#517,.T.);
#126=ADVANCED_FACE('',(#518),#519,.T.);
#127=ADVANCED_FACE('',(#520),#521,.T.);
#128=ADVANCED_FACE('',(#522,#523,#524),#525,.T.);
#129=ADVANCED_FACE('',(#526),#527,.T.);
#130=ADVANCED_FACE('',(#528),#529,.T.);
#131=ADVANCED_FACE('',(#530),#531,.T.);
#132=ADVANCED_FACE('',(#532),#533,.F.);
#133=ADVANCED_FACE('',(#534),#535,.F.);
#134=ADVANCED_FACE('',(#536),#537,.T.);
#135=ADVANCED_FACE('',(#538),#539,.T.);
#136=ADVANCED_FACE('',(#540),#541,.T.);
#137=ADVANCED_FACE('',(#542),#543,.T.);
#138=ADVANCED_FACE('',(#544),#545,.T.);
#139=ADVANCED_FACE('',(#546),#547,.F.);
#140=ADVANCED_FACE('',(#548),#549,.T.);
#141=ADVANCED_FACE('',(#550),#551,.T.);
#142=ADVANCED_FACE('',(#552),#553,.F.);
#143=ADVANCED_FACE('',(#554),#555,.T.);
#144=ADVANCED_FACE('',(#556),#557,.T.);
#145=ADVANCED_FACE('',(#558),#559,.T.);
#146=ADVANCED_FACE('',(#560),#561,.F.);
#147=ADVANCED_FACE('',(#562),#563,.F.);
#148=ADVANCED_FACE('',(#564),#565,.F.);
#149=ADVANCED_FACE('',(#566),#567,.F.);
#150=ADVANCED_FACE('',(#568),#569,.F.);
#151=ADVANCED_FACE('',(#570),#571,.F.);
#152=ADVANCED_FACE('',(#572,#573,#574,#575,#576,#577,#578),#579,.T.);
#153=ADVANCED_FACE('',(#580),#581,.F.);
#154=ADVANCED_FACE('',(#582),#583,.F.);
#155=ADVANCED_FACE('',(#584),#585,.F.);
#156=ADVANCED_FACE('',(#586),#587,.T.);
#157=ADVANCED_FACE('',(#588),#589,.T.);
#158=ADVANCED_FACE('',(#590),#591,.T.);
#159=ADVANCED_FACE('',(#592),#593,.T.);
#160=ADVANCED_FACE('',(#594),#595,.F.);
#161=ADVANCED_FACE('',(#596),#597,.T.);
#162=ADVANCED_FACE('',(#598),#599,.T.);
#163=ADVANCED_FACE('',(#600),#601,.T.);
#164=ADVANCED_FACE('',(#602),#603,.T.);
#165=ADVANCED_FACE('',(#604),#605,.T.);
#166=ADVANCED_FACE('',(#606),#607,.T.);
#167=ADVANCED_FACE('',(#608),#609,.T.);
#168=ADVANCED_FACE('',(#610),#611,.T.);
#169=ADVANCED_FACE('',(#612),#613,.T.);
#170=ADVANCED_FACE('',(#614),#615,.T.);
#171=ADVANCED_FACE('',(#616),#617,.T.);
#172=ADVANCED_FACE('',(#618),#619,.T.);
#173=ADVANCED_FACE('',(#620),#621,.F.);
#174=ADVANCED_FACE('',(#622),#623,.F.);
#175=ADVANCED_FACE('',(#624),#625,.F.);
#176=ADVANCED_FACE('',(#626),#627,.F.);
#177=ADVANCED_FACE('',(#628),#629,.F.);
#178=ADVANCED_FACE('',(#630),#631,.T.);
#179=ADVANCED_FACE('',(#632),#633,.T.);
#180=ADVANCED_FACE('',(#634,#635),#636,.T.);
#181=ADVANCED_FACE('',(#637,#638),#639,.T.);
#182=ADVANCED_FACE('',(#640,#641),#642,.T.);
#183=ADVANCED_FACE('',(#643,#644),#645,.T.);
#184=ADVANCED_FACE('',(#646,#647),#648,.T.);
#185=ADVANCED_FACE('',(#649,#650),#651,.T.);
#186=ADVANCED_FACE('',(#652),#653,.F.);
#187=ADVANCED_FACE('',(#654),#655,.F.);
#188=ADVANCED_FACE('',(#656),#657,.F.);
#189=ADVANCED_FACE('',(#658),#659,.F.);
#190=ADVANCED_FACE('',(#660),#661,.F.);
#191=ADVANCED_FACE('',(#662),#663,.F.);
#192=ADVANCED_FACE('',(#664),#665,.F.);
#193=ADVANCED_FACE('',(#666),#667,.F.);
#194=ADVANCED_FACE('',(#668),#669,.F.);
#195=ADVANCED_FACE('',(#670),#671,.F.);
#196=ADVANCED_FACE('',(#672),#673,.F.);
#197=ADVANCED_FACE('',(#674),#675,.F.);
#198=ADVANCED_FACE('',(#676),#677,.F.);
#199=ADVANCED_FACE('',(#678),#679,.F.);
#200=ADVANCED_FACE('',(#680),#681,.F.);
#201=ADVANCED_FACE('',(#682),#683,.F.);
#202=ADVANCED_FACE('',(#684),#685,.F.);
#203=ADVANCED_FACE('',(#686),#687,.F.);
#204=ADVANCED_FACE('',(#688),#689,.F.);
#205=ADVANCED_FACE('',(#690),#691,.F.);
#206=ADVANCED_FACE('',(#692),#693,.F.);
#207=ADVANCED_FACE('',(#694),#695,.F.);
#208=ADVANCED_FACE('',(#696),#697,.F.);
#209=ADVANCED_FACE('',(#698),#699,.F.);
#210=ADVANCED_FACE('',(#700),#701,.F.);
#211=ADVANCED_FACE('',(#702),#703,.F.);
#212=ADVANCED_FACE('',(#704),#705,.F.);
#213=ADVANCED_FACE('',(#706),#707,.F.);
#214=ADVANCED_FACE('',(#708),#709,.F.);
#215=ADVANCED_FACE('',(#710),#711,.F.);
#216=ADVANCED_FACE('',(#712),#713,.T.);
#217=ADVANCED_FACE('',(#714),#715,.T.);
#218=ADVANCED_FACE('',(#716),#717,.F.);
#219=ADVANCED_FACE('',(#718),#719,.T.);
#220=ADVANCED_FACE('',(#720),#721,.T.);
#221=ADVANCED_FACE('',(#722),#723,.T.);
#222=ADVANCED_FACE('',(#724),#725,.T.);
#223=ADVANCED_FACE('',(#726),#727,.T.);
#224=ADVANCED_FACE('',(#728),#729,.T.);
#225=ADVANCED_FACE('',(#730),#731,.T.);
#226=ADVANCED_FACE('',(#732),#733,.T.);
#227=ADVANCED_FACE('',(#734),#735,.T.);
#228=ADVANCED_FACE('',(#736),#737,.T.);
#229=ADVANCED_FACE('',(#738),#739,.T.);
#230=ADVANCED_FACE('',(#740),#741,.T.);
#231=ADVANCED_FACE('',(#742),#743,.T.);
#232=ADVANCED_FACE('',(#744),#745,.T.);
#233=ADVANCED_FACE('',(#746),#747,.T.);
#234=ADVANCED_FACE('',(#748),#749,.T.);
#235=ADVANCED_FACE('',(#750),#751,.T.);
#236=ADVANCED_FACE('',(#752),#753,.F.);
#237=ADVANCED_FACE('',(#754),#755,.T.);
#238=ADVANCED_FACE('',(#756),#757,.T.);
#239=ADVANCED_FACE('',(#758),#759,.T.);
#240=ADVANCED_FACE('',(#760),#761,.T.);
#241=ADVANCED_FACE('',(#762),#763,.T.);
#242=ADVANCED_FACE('',(#764),#765,.T.);
#243=ADVANCED_FACE('',(#766),#767,.T.);
#244=ADVANCED_FACE('',(#768),#769,.F.);
#245=ADVANCED_FACE('',(#770),#771,.F.);
#246=ADVANCED_FACE('',(#772),#773,.F.);
#247=ADVANCED_FACE('',(#774),#775,.F.);
#248=ADVANCED_FACE('',(#776),#777,.T.);
#249=ADVANCED_FACE('',(#778),#779,.T.);
#250=ADVANCED_FACE('',(#780),#781,.F.);
#251=ADVANCED_FACE('',(#782),#783,.F.);
#252=ADVANCED_FACE('',(#784),#785,.F.);
#253=ADVANCED_FACE('',(#786),#787,.F.);
#254=ADVANCED_FACE('',(#788),#789,.F.);
#255=ADVANCED_FACE('',(#790),#791,.T.);
#256=ADVANCED_FACE('',(#792),#793,.T.);
#257=ADVANCED_FACE('',(#794),#795,.F.);
#258=ADVANCED_FACE('',(#796),#797,.F.);
#259=ADVANCED_FACE('',(#798),#799,.F.);
#260=ADVANCED_FACE('',(#800),#801,.F.);
#261=ADVANCED_FACE('',(#802),#803,.F.);
#262=ADVANCED_FACE('',(#804),#805,.F.);
#263=ADVANCED_FACE('',(#806),#807,.F.);
#264=ADVANCED_FACE('',(#808),#809,.F.);
#265=ADVANCED_FACE('',(#810),#811,.T.);
#266=ADVANCED_FACE('',(#812),#813,.T.);
#267=ADVANCED_FACE('',(#814),#815,.T.);
#268=ADVANCED_FACE('',(#816),#817,.T.);
#269=ADVANCED_FACE('',(#818),#819,.T.);
#270=ADVANCED_FACE('',(#820),#821,.T.);
#271=ADVANCED_FACE('',(#822),#823,.T.);
#272=ADVANCED_FACE('',(#824),#825,.T.);
#273=ADVANCED_FACE('',(#826),#827,.F.);
#274=ADVANCED_FACE('',(#828),#829,.T.);
#275=ADVANCED_FACE('',(#830),#831,.T.);
#276=ADVANCED_FACE('',(#832),#833,.T.);
#277=ADVANCED_FACE('',(#834),#835,.T.);
#278=ADVANCED_FACE('',(#836),#837,.T.);
#279=ADVANCED_FACE('',(#838),#839,.F.);
#280=ADVANCED_FACE('',(#840),#841,.T.);
#281=ADVANCED_FACE('',(#842),#843,.T.);
#282=ADVANCED_FACE('',(#844),#845,.T.);
#283=ADVANCED_FACE('',(#846),#847,.T.);
#284=ADVANCED_FACE('',(#848),#849,.T.);
#285=ADVANCED_FACE('',(#850),#851,.T.);
#286=ADVANCED_FACE('',(#852),#853,.T.);
#287=ADVANCED_FACE('',(#854),#855,.T.);
#288=ADVANCED_FACE('',(#856),#857,.T.);
#289=ADVANCED_FACE('',(#858),#859,.T.);
#290=ADVANCED_FACE('',(#860),#861,.T.);
#291=ADVANCED_FACE('',(#862),#863,.T.);
#292=ADVANCED_FACE('',(#864),#865,.T.);
#293=ADVANCED_FACE('',(#866),#867,.F.);
#294=ADVANCED_FACE('',(#868),#869,.F.);
#295=ADVANCED_FACE('',(#870),#871,.F.);
#296=ADVANCED_FACE('',(#872),#873,.F.);
#297=ADVANCED_FACE('',(#874),#875,.T.);
#298=ADVANCED_FACE('',(#876),#877,.T.);
#299=ADVANCED_FACE('',(#878),#879,.F.);
#300=ADVANCED_FACE('',(#880),#881,.F.);
#301=ADVANCED_FACE('',(#882),#883,.F.);
#302=ADVANCED_FACE('',(#884),#885,.F.);
#303=ADVANCED_FACE('',(#886),#887,.F.);
#304=ADVANCED_FACE('',(#888),#889,.T.);
#305=ADVANCED_FACE('',(#890),#891,.T.);
#306=ADVANCED_FACE('',(#892),#893,.F.);
#307=ADVANCED_FACE('',(#894),#895,.F.);
#308=ADVANCED_FACE('',(#896),#897,.F.);
#309=ADVANCED_FACE('',(#898),#899,.F.);
#310=ADVANCED_FACE('',(#900),#901,.T.);
#311=ADVANCED_FACE('',(#902),#903,.T.);
#312=ADVANCED_FACE('',(#904),#905,.T.);
#313=ADVANCED_FACE('',(#906),#907,.T.);
#314=ADVANCED_FACE('',(#908),#909,.T.);
#315=ADVANCED_FACE('',(#910),#911,.T.);
#316=ADVANCED_FACE('',(#912),#913,.T.);
#317=ADVANCED_FACE('',(#914),#915,.T.);
#318=ADVANCED_FACE('',(#916),#917,.F.);
#319=ADVANCED_FACE('',(#918),#919,.T.);
#320=ADVANCED_FACE('',(#920),#921,.T.);
#321=ADVANCED_FACE('',(#922),#923,.T.);
#322=ADVANCED_FACE('',(#924),#925,.T.);
#323=ADVANCED_FACE('',(#926),#927,.T.);
#324=ADVANCED_FACE('',(#928),#929,.F.);
#325=ADVANCED_FACE('',(#930),#931,.T.);
#326=ADVANCED_FACE('',(#932),#933,.T.);
#327=ADVANCED_FACE('',(#934),#935,.T.);
#328=ADVANCED_FACE('',(#936),#937,.T.);
#329=ADVANCED_FACE('',(#938),#939,.T.);
#330=ADVANCED_FACE('',(#940),#941,.T.);
#331=ADVANCED_FACE('',(#942),#943,.T.);
#332=ADVANCED_FACE('',(#944),#945,.T.);
#333=ADVANCED_FACE('',(#946),#947,.T.);
#334=ADVANCED_FACE('',(#948),#949,.T.);
#335=ADVANCED_FACE('',(#950),#951,.T.);
#336=ADVANCED_FACE('',(#952),#953,.T.);
#337=ADVANCED_FACE('',(#954),#955,.T.);
#338=ADVANCED_FACE('',(#956),#957,.T.);
#339=ADVANCED_FACE('',(#958),#959,.T.);
#340=ADVANCED_FACE('',(#960),#961,.F.);
#341=ADVANCED_FACE('',(#962),#963,.T.);
#342=ADVANCED_FACE('',(#964),#965,.F.);
#343=ADVANCED_FACE('',(#966),#967,.F.);
#344=ADVANCED_FACE('',(#968),#969,.F.);
#345=ADVANCED_FACE('',(#970),#971,.F.);
#346=ADVANCED_FACE('',(#972),#973,.F.);
#347=ADVANCED_FACE('',(#974),#975,.T.);
#348=ADVANCED_FACE('',(#976),#977,.T.);
#349=ADVANCED_FACE('',(#978),#979,.T.);
#350=ADVANCED_FACE('',(#980),#981,.T.);
#351=ADVANCED_FACE('',(#982),#983,.T.);
#352=ADVANCED_FACE('',(#984),#985,.T.);
#353=ADVANCED_FACE('',(#986),#987,.T.);
#354=ADVANCED_FACE('',(#988),#989,.T.);
#355=ADVANCED_FACE('',(#990),#991,.T.);
#356=ADVANCED_FACE('',(#992),#993,.T.);
#357=ADVANCED_FACE('',(#994),#995,.F.);
#358=ADVANCED_FACE('',(#996),#997,.F.);
#359=ADVANCED_FACE('',(#998),#999,.F.);
#360=ADVANCED_FACE('',(#1000),#1001,.F.);
#361=ADVANCED_FACE('',(#1002),#1003,.F.);
#362=ADVANCED_FACE('',(#1004),#1005,.F.);
#363=ADVANCED_FACE('',(#1006),#1007,.F.);
#364=ADVANCED_FACE('',(#1008),#1009,.F.);
#365=ADVANCED_FACE('',(#1010),#1011,.T.);
#366=COMPOSITE_CURVE_SEGMENT(.CONTINUOUS.,.T.,#1012);
#367=COMPOSITE_CURVE_SEGMENT(.CONTINUOUS.,.T.,#1013);
#368=COMPOSITE_CURVE_SEGMENT(.CONTINUOUS.,.T.,#1014);
#369=COMPOSITE_CURVE_SEGMENT(.CONTINUOUS.,.T.,#1015);
#370=COMPOSITE_CURVE_SEGMENT(.CONTINUOUS.,.T.,#1016);
#371=COMPOSITE_CURVE_SEGMENT(.CONTINUOUS.,.T.,#1017);
#372=COMPOSITE_CURVE_SEGMENT(.CONTINUOUS.,.T.,#1018);
#373=COMPOSITE_CURVE_SEGMENT(.CONTINUOUS.,.T.,#1019);
#374=COMPOSITE_CURVE_SEGMENT(.CONTINUOUS.,.T.,#1020);
#375=COMPOSITE_CURVE_SEGMENT(.CONTINUOUS.,.T.,#1021);
#376=COMPOSITE_CURVE_SEGMENT(.CONTINUOUS.,.T.,#1022);
#377=COMPOSITE_CURVE_SEGMENT(.CONTINUOUS.,.T.,#1023);
#378=COMPOSITE_CURVE_SEGMENT(.CONTINUOUS.,.T.,#1024);
#379=COMPOSITE_CURVE_SEGMENT(.CONTINUOUS.,.T.,#1025);
#380=COMPOSITE_CURVE_SEGMENT(.CONTINUOUS.,.T.,#1026);
#381=COMPOSITE_CURVE_SEGMENT(.CONTINUOUS.,.T.,#1027);
#382=COMPOSITE_CURVE_SEGMENT(.CONTINUOUS.,.T.,#1028);
#383=COMPOSITE_CURVE_SEGMENT(.CONTINUOUS.,.T.,#1029);
#384=COMPOSITE_CURVE_SEGMENT(.CONTINUOUS.,.T.,#1030);
#385=COMPOSITE_CURVE_SEGMENT(.CONTINUOUS.,.T.,#1031);
#387=FACE_OUTER_BOUND('',#1032,.T.);
#388=CONICAL_SURFACE('',#1033,0.2650005371888,0.785396750616975);
#389=FACE_OUTER_BOUND('',#1034,.T.);
#390=CONICAL_SURFACE('',#1035,0.2650005371888,0.785396750616975);
#391=FACE_OUTER_BOUND('',#1036,.T.);
#392=CONICAL_SURFACE('',#1037,0.2650005371888,0.785396750616975);
#393=FACE_OUTER_BOUND('',#1038,.T.);
#394=CONICAL_SURFACE('',#1039,0.2650005371888,0.785396750616975);
#395=FACE_OUTER_BOUND('',#1040,.T.);
#396=CYLINDRICAL_SURFACE('',#1041,0.75);
#397=FACE_OUTER_BOUND('',#1042,.T.);
#398=PLANE('',#1043);
#399=FACE_OUTER_BOUND('',#1044,.T.);
#400=PLANE('',#1045);
#401=FACE_OUTER_BOUND('',#1046,.T.);
#402=PLANE('',#1047);
#403=FACE_OUTER_BOUND('',#1048,.T.);
#404=PLANE('',#1049);
#405=FACE_OUTER_BOUND('',#1050,.T.);
#406=PLANE('',#1051);
#407=FACE_OUTER_BOUND('',#1052,.T.);
#408=PLANE('',#1053);
#409=FACE_OUTER_BOUND('',#1054,.T.);
#410=PLANE('',#1055);
#411=FACE_OUTER_BOUND('',#1056,.T.);
#412=PLANE('',#1057);
#413=FACE_OUTER_BOUND('',#1058,.T.);
#414=PLANE('',#1059);
#415=FACE_OUTER_BOUND('',#1060,.T.);
#416=PLANE('',#1061);
#417=FACE_OUTER_BOUND('',#1062,.T.);
#418=PLANE('',#1063);
#419=FACE_OUTER_BOUND('',#1064,.T.);
#420=PLANE('',#1065);
#421=FACE_OUTER_BOUND('',#1066,.T.);
#422=PLANE('',#1067);
#423=FACE_OUTER_BOUND('',#1068,.T.);
#424=PLANE('',#1069);
#425=FACE_OUTER_BOUND('',#1070,.T.);
#426=PLANE('',#1071);
#427=FACE_OUTER_BOUND('',#1072,.T.);
#428=PLANE('',#1073);
#429=FACE_OUTER_BOUND('',#1074,.T.);
#430=PLANE('',#1075);
#431=FACE_OUTER_BOUND('',#1076,.T.);
#432=PLANE('',#1077);
#433=FACE_OUTER_BOUND('',#1078,.T.);
#434=PLANE('',#1079);
#435=FACE_OUTER_BOUND('',#1080,.T.);
#436=PLANE('',#1081);
#437=FACE_OUTER_BOUND('',#1082,.T.);
#438=FACE_BOUND('',#1083,.T.);
#439=PLANE('',#1084);
#440=FACE_OUTER_BOUND('',#1085,.T.);
#441=PLANE('',#1086);
#442=FACE_OUTER_BOUND('',#1087,.T.);
#443=CYLINDRICAL_SURFACE('',#1088,0.75);
#444=FACE_OUTER_BOUND('',#1089,.T.);
#445=PLANE('',#1090);
#446=FACE_OUTER_BOUND('',#1091,.T.);
#447=PLANE('',#1092);
#448=FACE_OUTER_BOUND('',#1093,.T.);
#449=PLANE('',#1094);
#450=FACE_OUTER_BOUND('',#1095,.T.);
#451=PLANE('',#1096);
#452=FACE_OUTER_BOUND('',#1097,.T.);
#453=PLANE('',#1098);
#454=FACE_OUTER_BOUND('',#1099,.T.);
#455=FACE_BOUND('',#1100,.T.);
#456=PLANE('',#1101);
#457=FACE_OUTER_BOUND('',#1102,.T.);
#458=PLANE('',#1103);
#459=FACE_OUTER_BOUND('',#1104,.T.);
#460=FACE_BOUND('',#1105,.T.);
#461=PLANE('',#1106);
#462=FACE_OUTER_BOUND('',#1107,.T.);
#463=PLANE('',#1108);
#464=FACE_OUTER_BOUND('',#1109,.T.);
#465=PLANE('',#1110);
#466=FACE_OUTER_BOUND('',#1111,.T.);
#467=PLANE('',#1112);
#468=FACE_OUTER_BOUND('',#1113,.T.);
#469=PLANE('',#1114);
#470=FACE_OUTER_BOUND('',#1115,.T.);
#471=PLANE('',#1116);
#472=FACE_OUTER_BOUND('',#1117,.T.);
#473=PLANE('',#1118);
#474=FACE_OUTER_BOUND('',#1119,.T.);
#475=PLANE('',#1120);
#476=FACE_OUTER_BOUND('',#1121,.T.);
#477=PLANE('',#1122);
#478=FACE_OUTER_BOUND('',#1123,.T.);
#479=PLANE('',#1124);
#480=FACE_OUTER_BOUND('',#1125,.T.);
#481=PLANE('',#1126);
#482=FACE_OUTER_BOUND('',#1127,.T.);
#483=PLANE('',#1128);
#484=FACE_OUTER_BOUND('',#1129,.T.);
#485=PLANE('',#1130);
#486=FACE_OUTER_BOUND('',#1131,.T.);
#487=PLANE('',#1132);
#488=FACE_OUTER_BOUND('',#1133,.T.);
#489=PLANE('',#1134);
#490=FACE_OUTER_BOUND('',#1135,.T.);
#491=PLANE('',#1136);
#492=FACE_OUTER_BOUND('',#1137,.T.);
#493=PLANE('',#1138);
#494=FACE_OUTER_BOUND('',#1139,.T.);
#495=PLANE('',#1140);
#496=FACE_OUTER_BOUND('',#1141,.T.);
#497=PLANE('',#1142);
#498=FACE_OUTER_BOUND('',#1143,.T.);
#499=PLANE('',#1144);
#500=FACE_OUTER_BOUND('',#1145,.T.);
#501=PLANE('',#1146);
#502=FACE_OUTER_BOUND('',#1147,.T.);
#503=PLANE('',#1148);
#504=FACE_OUTER_BOUND('',#1149,.T.);
#505=PLANE('',#1150);
#506=FACE_OUTER_BOUND('',#1151,.T.);
#507=PLANE('',#1152);
#508=FACE_OUTER_BOUND('',#1153,.T.);
#509=PLANE('',#1154);
#510=FACE_OUTER_BOUND('',#1155,.T.);
#511=PLANE('',#1156);
#512=FACE_OUTER_BOUND('',#1157,.T.);
#513=PLANE('',#1158);
#514=FACE_OUTER_BOUND('',#1159,.T.);
#515=PLANE('',#1160);
#516=FACE_OUTER_BOUND('',#1161,.T.);
#517=PLANE('',#1162);
#518=FACE_OUTER_BOUND('',#1163,.T.);
#519=PLANE('',#1164);
#520=FACE_OUTER_BOUND('',#1165,.T.);
#521=PLANE('',#1166);
#522=FACE_OUTER_BOUND('',#1167,.T.);
#523=FACE_BOUND('',#1168,.T.);
#524=FACE_BOUND('',#1169,.T.);
#525=PLANE('',#1170);
#526=FACE_OUTER_BOUND('',#1171,.T.);
#527=PLANE('',#1172);
#528=FACE_OUTER_BOUND('',#1173,.T.);
#529=PLANE('',#1174);
#530=FACE_OUTER_BOUND('',#1175,.T.);
#531=PLANE('',#1176);
#532=FACE_OUTER_BOUND('',#1177,.T.);
#533=PLANE('',#1178);
#534=FACE_OUTER_BOUND('',#1179,.T.);
#535=PLANE('',#1180);
#536=FACE_OUTER_BOUND('',#1181,.T.);
#537=PLANE('',#1182);
#538=FACE_OUTER_BOUND('',#1183,.T.);
#539=PLANE('',#1184);
#540=FACE_OUTER_BOUND('',#1185,.T.);
#541=PLANE('',#1186);
#542=FACE_OUTER_BOUND('',#1187,.T.);
#543=PLANE('',#1188);
#544=FACE_OUTER_BOUND('',#1189,.T.);
#545=PLANE('',#1190);
#546=FACE_OUTER_BOUND('',#1191,.T.);
#547=PLANE('',#1192);
#548=FACE_OUTER_BOUND('',#1193,.T.);
#549=PLANE('',#1194);
#550=FACE_OUTER_BOUND('',#1195,.T.);
#551=PLANE('',#1196);
#552=FACE_OUTER_BOUND('',#1197,.T.);
#553=PLANE('',#1198);
#554=FACE_OUTER_BOUND('',#1199,.T.);
#555=PLANE('',#1200);
#556=FACE_OUTER_BOUND('',#1201,.T.);
#557=PLANE('',#1202);
#558=FACE_OUTER_BOUND('',#1203,.T.);
#559=PLANE('',#1204);
#560=FACE_OUTER_BOUND('',#1205,.T.);
#561=PLANE('',#1206);
#562=FACE_OUTER_BOUND('',#1207,.T.);
#563=PLANE('',#1208);
#564=FACE_OUTER_BOUND('',#1209,.T.);
#565=PLANE('',#1210);
#566=FACE_OUTER_BOUND('',#1211,.T.);
#567=PLANE('',#1212);
#568=FACE_OUTER_BOUND('',#1213,.T.);
#569=PLANE('',#1214);
#570=FACE_OUTER_BOUND('',#1215,.T.);
#571=PLANE('',#1216);
#572=FACE_OUTER_BOUND('',#1217,.T.);
#573=FACE_BOUND('',#1218,.T.);
#574=FACE_BOUND('',#1219,.T.);
#575=FACE_BOUND('',#1220,.T.);
#576=FACE_BOUND('',#1221,.T.);
#577=FACE_BOUND('',#1222,.T.);
#578=FACE_BOUND('',#1223,.T.);
#579=PLANE('',#1224);
#580=FACE_OUTER_BOUND('',#1225,.T.);
#581=PLANE('',#1226);
#582=FACE_OUTER_BOUND('',#1227,.T.);
#583=PLANE('',#1228);
#584=FACE_OUTER_BOUND('',#1229,.T.);
#585=PLANE('',#1230);
#586=FACE_OUTER_BOUND('',#1231,.T.);
#587=PLANE('',#1232);
#588=FACE_OUTER_BOUND('',#1233,.T.);
#589=PLANE('',#1234);
#590=FACE_OUTER_BOUND('',#1235,.T.);
#591=PLANE('',#1236);
#592=FACE_OUTER_BOUND('',#1237,.T.);
#593=PLANE('',#1238);
#594=FACE_OUTER_BOUND('',#1239,.T.);
#595=PLANE('',#1240);
#596=FACE_OUTER_BOUND('',#1241,.T.);
#597=PLANE('',#1242);
#598=FACE_OUTER_BOUND('',#1243,.T.);
#599=PLANE('',#1244);
#600=FACE_OUTER_BOUND('',#1245,.T.);
#601=PLANE('',#1246);
#602=FACE_OUTER_BOUND('',#1247,.T.);
#603=PLANE('',#1248);
#604=FACE_OUTER_BOUND('',#1249,.T.);
#605=PLANE('',#1250);
#606=FACE_OUTER_BOUND('',#1251,.T.);
#607=PLANE('',#1252);
#608=FACE_OUTER_BOUND('',#1253,.T.);
#609=PLANE('',#1254);
#610=FACE_OUTER_BOUND('',#1255,.T.);
#611=PLANE('',#1256);
#612=FACE_OUTER_BOUND('',#1257,.T.);
#613=PLANE('',#1258);
#614=FACE_OUTER_BOUND('',#1259,.T.);
#615=PLANE('',#1260);
#616=FACE_OUTER_BOUND('',#1261,.T.);
#617=PLANE('',#1262);
#618=FACE_OUTER_BOUND('',#1263,.T.);
#619=PLANE('',#1264);
#620=FACE_OUTER_BOUND('',#1265,.T.);
#621=PLANE('',#1266);
#622=FACE_OUTER_BOUND('',#1267,.T.);
#623=PLANE('',#1268);
#624=FACE_OUTER_BOUND('',#1269,.T.);
#625=PLANE('',#1270);
#626=FACE_OUTER_BOUND('',#1271,.T.);
#627=PLANE('',#1272);
#628=FACE_OUTER_BOUND('',#1273,.T.);
#629=PLANE('',#1274);
#630=FACE_OUTER_BOUND('',#1275,.T.);
#631=PLANE('',#1276);
#632=FACE_OUTER_BOUND('',#1277,.T.);
#633=PLANE('',#1278);
#634=FACE_OUTER_BOUND('',#1279,.T.);
#635=FACE_BOUND('',#1280,.T.);
#636=PLANE('',#1281);
#637=FACE_OUTER_BOUND('',#1282,.T.);
#638=FACE_BOUND('',#1283,.T.);
#639=PLANE('',#1284);
#640=FACE_OUTER_BOUND('',#1285,.T.);
#641=FACE_BOUND('',#1286,.T.);
#642=PLANE('',#1287);
#643=FACE_OUTER_BOUND('',#1288,.T.);
#644=FACE_BOUND('',#1289,.T.);
#645=PLANE('',#1290);
#646=FACE_OUTER_BOUND('',#1291,.T.);
#647=FACE_BOUND('',#1292,.T.);
#648=PLANE('',#1293);
#649=FACE_OUTER_BOUND('',#1294,.T.);
#650=FACE_BOUND('',#1295,.T.);
#651=PLANE('',#1296);
#652=FACE_OUTER_BOUND('',#1297,.T.);
#653=PLANE('',#1298);
#654=FACE_OUTER_BOUND('',#1299,.T.);
#655=PLANE('',#1300);
#656=FACE_OUTER_BOUND('',#1301,.T.);
#657=PLANE('',#1302);
#658=FACE_OUTER_BOUND('',#1303,.T.);
#659=PLANE('',#1304);
#660=FACE_OUTER_BOUND('',#1305,.T.);
#661=PLANE('',#1306);
#662=FACE_OUTER_BOUND('',#1307,.T.);
#663=PLANE('',#1308);
#664=FACE_OUTER_BOUND('',#1309,.T.);
#665=PLANE('',#1310);
#666=FACE_OUTER_BOUND('',#1311,.T.);
#667=PLANE('',#1312);
#668=FACE_OUTER_BOUND('',#1313,.T.);
#669=PLANE('',#1314);
#670=FACE_OUTER_BOUND('',#1315,.T.);
#671=PLANE('',#1316);
#672=FACE_OUTER_BOUND('',#1317,.T.);
#673=PLANE('',#1318);
#674=FACE_OUTER_BOUND('',#1319,.T.);
#675=PLANE('',#1320);
#676=FACE_OUTER_BOUND('',#1321,.T.);
#677=PLANE('',#1322);
#678=FACE_OUTER_BOUND('',#1323,.T.);
#679=PLANE('',#1324);
#680=FACE_OUTER_BOUND('',#1325,.T.);
#681=PLANE('',#1326);
#682=FACE_OUTER_BOUND('',#1327,.T.);
#683=PLANE('',#1328);
#684=FACE_OUTER_BOUND('',#1329,.T.);
#685=PLANE('',#1330);
#686=FACE_OUTER_BOUND('',#1331,.T.);
#687=PLANE('',#1332);
#688=FACE_OUTER_BOUND('',#1333,.T.);
#689=PLANE('',#1334);
#690=FACE_OUTER_BOUND('',#1335,.T.);
#691=PLANE('',#1336);
#692=FACE_OUTER_BOUND('',#1337,.T.);
#693=PLANE('',#1338);
#694=FACE_OUTER_BOUND('',#1339,.T.);
#695=PLANE('',#1340);
#696=FACE_OUTER_BOUND('',#1341,.T.);
#697=PLANE('',#1342);
#698=FACE_OUTER_BOUND('',#1343,.T.);
#699=PLANE('',#1344);
#700=FACE_OUTER_BOUND('',#1345,.T.);
#701=PLANE('',#1346);
#702=FACE_OUTER_BOUND('',#1347,.T.);
#703=PLANE('',#1348);
#704=FACE_OUTER_BOUND('',#1349,.T.);
#705=PLANE('',#1350);
#706=FACE_OUTER_BOUND('',#1351,.T.);
#707=PLANE('',#1352);
#708=FACE_OUTER_BOUND('',#1353,.T.);
#709=PLANE('',#1354);
#710=FACE_OUTER_BOUND('',#1355,.T.);
#711=PLANE('',#1356);
#712=FACE_OUTER_BOUND('',#1357,.T.);
#713=PLANE('',#1358);
#714=FACE_OUTER_BOUND('',#1359,.T.);
#715=PLANE('',#1360);
#716=FACE_OUTER_BOUND('',#1361,.T.);
#717=CYLINDRICAL_SURFACE('',#1362,1.52);
#718=FACE_OUTER_BOUND('',#1363,.T.);
#719=PLANE('',#1364);
#720=FACE_OUTER_BOUND('',#1365,.T.);
#721=PLANE('',#1366);
#722=FACE_OUTER_BOUND('',#1367,.T.);
#723=PLANE('',#1368);
#724=FACE_OUTER_BOUND('',#1369,.T.);
#725=PLANE('',#1370);
#726=FACE_OUTER_BOUND('',#1371,.T.);
#727=PLANE('',#1372);
#728=FACE_OUTER_BOUND('',#1373,.T.);
#729=CYLINDRICAL_SURFACE('',#1374,1.52);
#730=FACE_OUTER_BOUND('',#1375,.T.);
#731=PLANE('',#1376);
#732=FACE_OUTER_BOUND('',#1377,.T.);
#733=PLANE('',#1378);
#734=FACE_OUTER_BOUND('',#1379,.T.);
#735=PLANE('',#1380);
#736=FACE_OUTER_BOUND('',#1381,.T.);
#737=PLANE('',#1382);
#738=FACE_OUTER_BOUND('',#1383,.T.);
#739=PLANE('',#1384);
#740=FACE_OUTER_BOUND('',#1385,.T.);
#741=CYLINDRICAL_SURFACE('',#1386,1.52);
#742=FACE_OUTER_BOUND('',#1387,.T.);
#743=PLANE('',#1388);
#744=FACE_OUTER_BOUND('',#1389,.T.);
#745=PLANE('',#1390);
#746=FACE_OUTER_BOUND('',#1391,.T.);
#747=PLANE('',#1392);
#748=FACE_OUTER_BOUND('',#1393,.T.);
#749=PLANE('',#1394);
#750=FACE_OUTER_BOUND('',#1395,.T.);
#751=PLANE('',#1396);
#752=FACE_OUTER_BOUND('',#1397,.T.);
#753=CYLINDRICAL_SURFACE('',#1398,1.52);
#754=FACE_OUTER_BOUND('',#1399,.T.);
#755=PLANE('',#1400);
#756=FACE_OUTER_BOUND('',#1401,.T.);
#757=PLANE('',#1402);
#758=FACE_OUTER_BOUND('',#1403,.T.);
#759=PLANE('',#1404);
#760=FACE_OUTER_BOUND('',#1405,.T.);
#761=PLANE('',#1406);
#762=FACE_OUTER_BOUND('',#1407,.T.);
#763=PLANE('',#1408);
#764=FACE_OUTER_BOUND('',#1409,.T.);
#765=PLANE('',#1410);
#766=FACE_OUTER_BOUND('',#1411,.T.);
#767=PLANE('',#1412);
#768=FACE_OUTER_BOUND('',#1413,.T.);
#769=PLANE('',#1414);
#770=FACE_OUTER_BOUND('',#1415,.T.);
#771=PLANE('',#1416);
#772=FACE_OUTER_BOUND('',#1417,.T.);
#773=PLANE('',#1418);
#774=FACE_OUTER_BOUND('',#1419,.T.);
#775=PLANE('',#1420);
#776=FACE_OUTER_BOUND('',#1421,.T.);
#777=PLANE('',#1422);
#778=FACE_OUTER_BOUND('',#1423,.T.);
#779=PLANE('',#1424);
#780=FACE_OUTER_BOUND('',#1425,.T.);
#781=PLANE('',#1426);
#782=FACE_OUTER_BOUND('',#1427,.T.);
#783=PLANE('',#1428);
#784=FACE_OUTER_BOUND('',#1429,.T.);
#785=PLANE('',#1430);
#786=FACE_OUTER_BOUND('',#1431,.T.);
#787=PLANE('',#1432);
#788=FACE_OUTER_BOUND('',#1433,.T.);
#789=PLANE('',#1434);
#790=FACE_OUTER_BOUND('',#1435,.T.);
#791=PLANE('',#1436);
#792=FACE_OUTER_BOUND('',#1437,.T.);
#793=PLANE('',#1438);
#794=FACE_OUTER_BOUND('',#1439,.T.);
#795=PLANE('',#1440);
#796=FACE_OUTER_BOUND('',#1441,.T.);
#797=PLANE('',#1442);
#798=FACE_OUTER_BOUND('',#1443,.T.);
#799=PLANE('',#1444);
#800=FACE_OUTER_BOUND('',#1445,.T.);
#801=PLANE('',#1446);
#802=FACE_OUTER_BOUND('',#1447,.T.);
#803=PLANE('',#1448);
#804=FACE_OUTER_BOUND('',#1449,.T.);
#805=PLANE('',#1450);
#806=FACE_OUTER_BOUND('',#1451,.T.);
#807=PLANE('',#1452);
#808=FACE_OUTER_BOUND('',#1453,.T.);
#809=PLANE('',#1454);
#810=FACE_OUTER_BOUND('',#1455,.T.);
#811=PLANE('',#1456);
#812=FACE_OUTER_BOUND('',#1457,.T.);
#813=PLANE('',#1458);
#814=FACE_OUTER_BOUND('',#1459,.T.);
#815=CYLINDRICAL_SURFACE('',#1460,1.52);
#816=FACE_OUTER_BOUND('',#1461,.T.);
#817=PLANE('',#1462);
#818=FACE_OUTER_BOUND('',#1463,.T.);
#819=PLANE('',#1464);
#820=FACE_OUTER_BOUND('',#1465,.T.);
#821=PLANE('',#1466);
#822=FACE_OUTER_BOUND('',#1467,.T.);
#823=PLANE('',#1468);
#824=FACE_OUTER_BOUND('',#1469,.T.);
#825=PLANE('',#1470);
#826=FACE_OUTER_BOUND('',#1471,.T.);
#827=CYLINDRICAL_SURFACE('',#1472,1.52);
#828=FACE_OUTER_BOUND('',#1473,.T.);
#829=PLANE('',#1474);
#830=FACE_OUTER_BOUND('',#1475,.T.);
#831=PLANE('',#1476);
#832=FACE_OUTER_BOUND('',#1477,.T.);
#833=PLANE('',#1478);
#834=FACE_OUTER_BOUND('',#1479,.T.);
#835=PLANE('',#1480);
#836=FACE_OUTER_BOUND('',#1481,.T.);
#837=PLANE('',#1482);
#838=FACE_OUTER_BOUND('',#1483,.T.);
#839=CYLINDRICAL_SURFACE('',#1484,1.52);
#840=FACE_OUTER_BOUND('',#1485,.T.);
#841=PLANE('',#1486);
#842=FACE_OUTER_BOUND('',#1487,.T.);
#843=PLANE('',#1488);
#844=FACE_OUTER_BOUND('',#1489,.T.);
#845=PLANE('',#1490);
#846=FACE_OUTER_BOUND('',#1491,.T.);
#847=PLANE('',#1492);
#848=FACE_OUTER_BOUND('',#1493,.T.);
#849=PLANE('',#1494);
#850=FACE_OUTER_BOUND('',#1495,.T.);
#851=CYLINDRICAL_SURFACE('',#1496,1.52);
#852=FACE_OUTER_BOUND('',#1497,.T.);
#853=PLANE('',#1498);
#854=FACE_OUTER_BOUND('',#1499,.T.);
#855=PLANE('',#1500);
#856=FACE_OUTER_BOUND('',#1501,.T.);
#857=PLANE('',#1502);
#858=FACE_OUTER_BOUND('',#1503,.T.);
#859=PLANE('',#1504);
#860=FACE_OUTER_BOUND('',#1505,.T.);
#861=PLANE('',#1506);
#862=FACE_OUTER_BOUND('',#1507,.T.);
#863=PLANE('',#1508);
#864=FACE_OUTER_BOUND('',#1509,.T.);
#865=PLANE('',#1510);
#866=FACE_OUTER_BOUND('',#1511,.T.);
#867=PLANE('',#1512);
#868=FACE_OUTER_BOUND('',#1513,.T.);
#869=PLANE('',#1514);
#870=FACE_OUTER_BOUND('',#1515,.T.);
#871=PLANE('',#1516);
#872=FACE_OUTER_BOUND('',#1517,.T.);
#873=PLANE('',#1518);
#874=FACE_OUTER_BOUND('',#1519,.T.);
#875=PLANE('',#1520);
#876=FACE_OUTER_BOUND('',#1521,.T.);
#877=PLANE('',#1522);
#878=FACE_OUTER_BOUND('',#1523,.T.);
#879=PLANE('',#1524);
#880=FACE_OUTER_BOUND('',#1525,.T.);
#881=PLANE('',#1526);
#882=FACE_OUTER_BOUND('',#1527,.T.);
#883=PLANE('',#1528);
#884=FACE_OUTER_BOUND('',#1529,.T.);
#885=PLANE('',#1530);
#886=FACE_OUTER_BOUND('',#1531,.T.);
#887=PLANE('',#1532);
#888=FACE_OUTER_BOUND('',#1533,.T.);
#889=PLANE('',#1534);
#890=FACE_OUTER_BOUND('',#1535,.T.);
#891=PLANE('',#1536);
#892=FACE_OUTER_BOUND('',#1537,.T.);
#893=PLANE('',#1538);
#894=FACE_OUTER_BOUND('',#1539,.T.);
#895=PLANE('',#1540);
#896=FACE_OUTER_BOUND('',#1541,.T.);
#897=PLANE('',#1542);
#898=FACE_OUTER_BOUND('',#1543,.T.);
#899=PLANE('',#1544);
#900=FACE_OUTER_BOUND('',#1545,.T.);
#901=PLANE('',#1546);
#902=FACE_OUTER_BOUND('',#1547,.T.);
#903=PLANE('',#1548);
#904=FACE_OUTER_BOUND('',#1549,.T.);
#905=CYLINDRICAL_SURFACE('',#1550,1.52);
#906=FACE_OUTER_BOUND('',#1551,.T.);
#907=PLANE('',#1552);
#908=FACE_OUTER_BOUND('',#1553,.T.);
#909=PLANE('',#1554);
#910=FACE_OUTER_BOUND('',#1555,.T.);
#911=PLANE('',#1556);
#912=FACE_OUTER_BOUND('',#1557,.T.);
#913=PLANE('',#1558);
#914=FACE_OUTER_BOUND('',#1559,.T.);
#915=PLANE('',#1560);
#916=FACE_OUTER_BOUND('',#1561,.T.);
#917=CYLINDRICAL_SURFACE('',#1562,1.52);
#918=FACE_OUTER_BOUND('',#1563,.T.);
#919=PLANE('',#1564);
#920=FACE_OUTER_BOUND('',#1565,.T.);
#921=PLANE('',#1566);
#922=FACE_OUTER_BOUND('',#1567,.T.);
#923=PLANE('',#1568);
#924=FACE_OUTER_BOUND('',#1569,.T.);
#925=PLANE('',#1570);
#926=FACE_OUTER_BOUND('',#1571,.T.);
#927=PLANE('',#1572);
#928=FACE_OUTER_BOUND('',#1573,.T.);
#929=CYLINDRICAL_SURFACE('',#1574,1.52);
#930=FACE_OUTER_BOUND('',#1575,.T.);
#931=PLANE('',#1576);
#932=FACE_OUTER_BOUND('',#1577,.T.);
#933=PLANE('',#1578);
#934=FACE_OUTER_BOUND('',#1579,.T.);
#935=PLANE('',#1580);
#936=FACE_OUTER_BOUND('',#1581,.T.);
#937=PLANE('',#1582);
#938=FACE_OUTER_BOUND('',#1583,.T.);
#939=PLANE('',#1584);
#940=FACE_OUTER_BOUND('',#1585,.T.);
#941=CYLINDRICAL_SURFACE('',#1586,1.52);
#942=FACE_OUTER_BOUND('',#1587,.T.);
#943=PLANE('',#1588);
#944=FACE_OUTER_BOUND('',#1589,.T.);
#945=PLANE('',#1590);
#946=FACE_OUTER_BOUND('',#1591,.T.);
#947=PLANE('',#1592);
#948=FACE_OUTER_BOUND('',#1593,.T.);
#949=PLANE('',#1594);
#950=FACE_OUTER_BOUND('',#1595,.T.);
#951=PLANE('',#1596);
#952=FACE_OUTER_BOUND('',#1597,.T.);
#953=PLANE('',#1598);
#954=FACE_OUTER_BOUND('',#1599,.T.);
#955=PLANE('',#1600);
#956=FACE_OUTER_BOUND('',#1601,.T.);
#957=PLANE('',#1602);
#958=FACE_OUTER_BOUND('',#1603,.T.);
#959=PLANE('',#1604);
#960=FACE_OUTER_BOUND('',#1605,.T.);
#961=PLANE('',#1606);
#962=FACE_OUTER_BOUND('',#1607,.T.);
#963=PLANE('',#1608);
#964=FACE_OUTER_BOUND('',#1609,.T.);
#965=PLANE('',#1610);
#966=FACE_OUTER_BOUND('',#1611,.T.);
#967=PLANE('',#1612);
#968=FACE_OUTER_BOUND('',#1613,.T.);
#969=PLANE('',#1614);
#970=FACE_OUTER_BOUND('',#1615,.T.);
#971=PLANE('',#1616);
#972=FACE_OUTER_BOUND('',#1617,.T.);
#973=PLANE('',#1618);
#974=FACE_OUTER_BOUND('',#1619,.T.);
#975=CYLINDRICAL_SURFACE('',#1620,0.43);
#976=FACE_OUTER_BOUND('',#1621,.T.);
#977=CONICAL_SURFACE('',#1622,0.2650005371888,0.785396750616975);
#978=FACE_OUTER_BOUND('',#1623,.T.);
#979=PLANE('',#1624);
#980=FACE_OUTER_BOUND('',#1625,.T.);
#981=PLANE('',#1626);
#982=FACE_OUTER_BOUND('',#1627,.T.);
#983=CONICAL_SURFACE('',#1628,0.2650005371888,0.785396750616975);
#984=FACE_OUTER_BOUND('',#1629,.T.);
#985=CONICAL_SURFACE('',#1630,0.2650005371888,0.785396750616975);
#986=FACE_OUTER_BOUND('',#1631,.T.);
#987=CYLINDRICAL_SURFACE('',#1632,0.43);
#988=FACE_OUTER_BOUND('',#1633,.T.);
#989=CYLINDRICAL_SURFACE('',#1634,0.43);
#990=FACE_OUTER_BOUND('',#1635,.T.);
#991=CONICAL_SURFACE('',#1636,0.2650005371888,0.785396750616975);
#992=FACE_OUTER_BOUND('',#1637,.T.);
#993=CYLINDRICAL_SURFACE('',#1638,0.43);
#994=FACE_OUTER_BOUND('',#1639,.T.);
#995=PLANE('',#1640);
#996=FACE_OUTER_BOUND('',#1641,.T.);
#997=PLANE('',#1642);
#998=FACE_OUTER_BOUND('',#1643,.T.);
#999=PLANE('',#1644);
#1000=FACE_OUTER_BOUND('',#1645,.T.);
#1001=PLANE('',#1646);
#1002=FACE_OUTER_BOUND('',#1647,.T.);
#1003=PLANE('',#1648);
#1004=FACE_OUTER_BOUND('',#1649,.T.);
#1005=PLANE('',#1650);
#1006=FACE_OUTER_BOUND('',#1651,.T.);
#1007=PLANE('',#1652);
#1008=FACE_OUTER_BOUND('',#1653,.T.);
#1009=PLANE('',#1654);
#1010=FACE_OUTER_BOUND('',#1655,.T.);
#1011=PLANE('',#1656);
#1012=TRIMMED_CURVE('',#1657,(PARAMETER_VALUE(0.0)),(PARAMETER_VALUE(3.1415926535892)),.T.,.UNSPECIFIED.);
#1013=TRIMMED_CURVE('',#1658,(PARAMETER_VALUE(0.0)),(PARAMETER_VALUE(3.1415926535892)),.T.,.UNSPECIFIED.);
#1014=TRIMMED_CURVE('',#1659,(PARAMETER_VALUE(0.0)),(PARAMETER_VALUE(3.1415926535892)),.T.,.UNSPECIFIED.);
#1015=TRIMMED_CURVE('',#1660,(PARAMETER_VALUE(0.0)),(PARAMETER_VALUE(3.1415926535892)),.T.,.UNSPECIFIED.);
#1016=TRIMMED_CURVE('',#1661,(PARAMETER_VALUE(0.0)),(PARAMETER_VALUE(3.1415926535892)),.T.,.UNSPECIFIED.);
#1017=TRIMMED_CURVE('',#1662,(PARAMETER_VALUE(0.0)),(PARAMETER_VALUE(3.1415926535892)),.T.,.UNSPECIFIED.);
#1018=TRIMMED_CURVE('',#1663,(PARAMETER_VALUE(0.0)),(PARAMETER_VALUE(3.1415926535892)),.T.,.UNSPECIFIED.);
#1019=TRIMMED_CURVE('',#1664,(PARAMETER_VALUE(0.0)),(PARAMETER_VALUE(3.1415926535892)),.T.,.UNSPECIFIED.);
#1020=TRIMMED_CURVE('',#1665,(PARAMETER_VALUE(0.0)),(PARAMETER_VALUE(3.1415926535892)),.T.,.UNSPECIFIED.);
#1021=TRIMMED_CURVE('',#1666,(PARAMETER_VALUE(0.0)),(PARAMETER_VALUE(3.1415926535892)),.T.,.UNSPECIFIED.);
#1022=TRIMMED_CURVE('',#1667,(PARAMETER_VALUE(0.0)),(PARAMETER_VALUE(3.1415926535892)),.T.,.UNSPECIFIED.);
#1023=TRIMMED_CURVE('',#1668,(PARAMETER_VALUE(0.0)),(PARAMETER_VALUE(3.1415926535892)),.T.,.UNSPECIFIED.);
#1024=TRIMMED_CURVE('',#1669,(PARAMETER_VALUE(0.0)),(PARAMETER_VALUE(3.1415926535892)),.T.,.UNSPECIFIED.);
#1025=TRIMMED_CURVE('',#1670,(PARAMETER_VALUE(0.0)),(PARAMETER_VALUE(3.1415926535892)),.T.,.UNSPECIFIED.);
#1026=TRIMMED_CURVE('',#1671,(PARAMETER_VALUE(0.0)),(PARAMETER_VALUE(3.1415926535892)),.T.,.UNSPECIFIED.);
#1027=TRIMMED_CURVE('',#1672,(PARAMETER_VALUE(0.0)),(PARAMETER_VALUE(3.1415926535892)),.T.,.UNSPECIFIED.);
#1028=TRIMMED_CURVE('A_5',#1673,(PARAMETER_VALUE(0.0)),(PARAMETER_VALUE(1.0)),.T.,.UNSPECIFIED.);
#1029=TRIMMED_CURVE('A_8',#1674,(PARAMETER_VALUE(0.0)),(PARAMETER_VALUE(1.0)),.T.,.UNSPECIFIED.);
#1030=TRIMMED_CURVE('A_3',#1675,(PARAMETER_VALUE(0.0)),(PARAMETER_VALUE(1.0)),.T.,.UNSPECIFIED.);
#1031=TRIMMED_CURVE('A_4',#1676,(PARAMETER_VALUE(0.0)),(PARAMETER_VALUE(1.0)),.T.,.UNSPECIFIED.);
#1032=EDGE_LOOP('',(#1677,#1678,#1679,#1680));
#1033=AXIS2_PLACEMENT_3D('',#1681,#1682,#1683);
#1034=EDGE_LOOP('',(#1684,#1685,#1686,#1687));
#1035=AXIS2_PLACEMENT_3D('',#1688,#1689,#1690);
#1036=EDGE_LOOP('',(#1691,#1692,#1693,#1694));
#1037=AXIS2_PLACEMENT_3D('',#1695,#1696,#1697);
#1038=EDGE_LOOP('',(#1698,#1699,#1700,#1701));
#1039=AXIS2_PLACEMENT_3D('',#1702,#1703,#1704);
#1040=EDGE_LOOP('',(#1705,#1706,#1707,#1708));
#1041=AXIS2_PLACEMENT_3D('',#1709,#1710,#1711);
#1042=EDGE_LOOP('',(#1712,#1713,#1714,#1715,#1716));
#1043=AXIS2_PLACEMENT_3D('',#1717,#1718,#1719);
#1044=EDGE_LOOP('',(#1720,#1721,#1722,#1723,#1724));
#1045=AXIS2_PLACEMENT_3D('',#1725,#1726,#1727);
#1046=EDGE_LOOP('',(#1728,#1729,#1730,#1731,#1732,#1733));
#1047=AXIS2_PLACEMENT_3D('',#1734,#1735,#1736);
#1048=EDGE_LOOP('',(#1737,#1738,#1739,#1740,#1741,#1742,#1743,#1744,#1745,#1746,#1747,#1748));
#1049=AXIS2_PLACEMENT_3D('',#1749,#1750,#1751);
#1050=EDGE_LOOP('',(#1752,#1753,#1754,#1755));
#1051=AXIS2_PLACEMENT_3D('',#1756,#1757,#1758);
#1052=EDGE_LOOP('',(#1759,#1760,#1761,#1762));
#1053=AXIS2_PLACEMENT_3D('',#1763,#1764,#1765);
#1054=EDGE_LOOP('',(#1766,#1767,#1768));
#1055=AXIS2_PLACEMENT_3D('',#1769,#1770,#1771);
#1056=EDGE_LOOP('',(#1772,#1773,#1774));
#1057=AXIS2_PLACEMENT_3D('',#1775,#1776,#1777);
#1058=EDGE_LOOP('',(#1778,#1779,#1780,#1781));
#1059=AXIS2_PLACEMENT_3D('',#1782,#1783,#1784);
#1060=EDGE_LOOP('',(#1785,#1786,#1787,#1788,#1789));
#1061=AXIS2_PLACEMENT_3D('',#1790,#1791,#1792);
#1062=EDGE_LOOP('',(#1793,#1794,#1795));
#1063=AXIS2_PLACEMENT_3D('',#1796,#1797,#1798);
#1064=EDGE_LOOP('',(#1799,#1800,#1801));
#1065=AXIS2_PLACEMENT_3D('',#1802,#1803,#1804);
#1066=EDGE_LOOP('',(#1805,#1806,#1807,#1808));
#1067=AXIS2_PLACEMENT_3D('',#1809,#1810,#1811);
#1068=EDGE_LOOP('',(#1812,#1813,#1814,#1815));
#1069=AXIS2_PLACEMENT_3D('',#1816,#1817,#1818);
#1070=EDGE_LOOP('',(#1819,#1820,#1821,#1822,#1823,#1824));
#1071=AXIS2_PLACEMENT_3D('',#1825,#1826,#1827);
#1072=EDGE_LOOP('',(#1828,#1829,#1830,#1831,#1832));
#1073=AXIS2_PLACEMENT_3D('',#1833,#1834,#1835);
#1074=EDGE_LOOP('',(#1836,#1837,#1838,#1839,#1840,#1841,#1842,#1843,#1844,#1845,#1846,#1847));
#1075=AXIS2_PLACEMENT_3D('',#1848,#1849,#1850);
#1076=EDGE_LOOP('',(#1851,#1852,#1853,#1854,#1855,#1856));
#1077=AXIS2_PLACEMENT_3D('',#1857,#1858,#1859);
#1078=EDGE_LOOP('',(#1860,#1861,#1862,#1863));
#1079=AXIS2_PLACEMENT_3D('',#1864,#1865,#1866);
#1080=EDGE_LOOP('',(#1867,#1868,#1869,#1870,#1871,#1872));
#1081=AXIS2_PLACEMENT_3D('',#1873,#1874,#1875);
#1082=EDGE_LOOP('',(#1876,#1877,#1878,#1879,#1880,#1881,#1882,#1883,#1884,#1885,#1886,#1887,#1888,#1889));
#1083=EDGE_LOOP('',(#1890,#1891,#1892,#1893));
#1084=AXIS2_PLACEMENT_3D('',#1894,#1895,#1896);
#1085=EDGE_LOOP('',(#1897,#1898,#1899,#1900,#1901,#1902));
#1086=AXIS2_PLACEMENT_3D('',#1903,#1904,#1905);
#1087=EDGE_LOOP('',(#1906,#1907,#1908,#1909));
#1088=AXIS2_PLACEMENT_3D('',#1910,#1911,#1912);
#1089=EDGE_LOOP('',(#1913,#1914,#1915,#1916,#1917,#1918));
#1090=AXIS2_PLACEMENT_3D('',#1919,#1920,#1921);
#1091=EDGE_LOOP('',(#1922,#1923,#1924,#1925));
#1092=AXIS2_PLACEMENT_3D('',#1926,#1927,#1928);
#1093=EDGE_LOOP('',(#1929,#1930,#1931,#1932));
#1094=AXIS2_PLACEMENT_3D('',#1933,#1934,#1935);
#1095=EDGE_LOOP('',(#1936,#1937,#1938,#1939));
#1096=AXIS2_PLACEMENT_3D('',#1940,#1941,#1942);
#1097=EDGE_LOOP('',(#1943,#1944,#1945,#1946));
#1098=AXIS2_PLACEMENT_3D('',#1947,#1948,#1949);
#1099=EDGE_LOOP('',(#1950,#1951,#1952,#1953,#1954,#1955,#1956,#1957));
#1100=EDGE_LOOP('',(#1958,#1959));
#1101=AXIS2_PLACEMENT_3D('',#1960,#1961,#1962);
#1102=EDGE_LOOP('',(#1963,#1964,#1965,#1966,#1967,#1968,#1969,#1970));
#1103=AXIS2_PLACEMENT_3D('',#1971,#1972,#1973);
#1104=EDGE_LOOP('',(#1974,#1975,#1976,#1977,#1978,#1979,#1980,#1981));
#1105=EDGE_LOOP('',(#1982,#1983));
#1106=AXIS2_PLACEMENT_3D('',#1984,#1985,#1986);
#1107=EDGE_LOOP('',(#1987,#1988,#1989,#1990,#1991,#1992,#1993,#1994));
#1108=AXIS2_PLACEMENT_3D('',#1995,#1996,#1997);
#1109=EDGE_LOOP('',(#1998,#1999,#2000,#2001));
#1110=AXIS2_PLACEMENT_3D('',#2002,#2003,#2004);
#1111=EDGE_LOOP('',(#2005,#2006,#2007,#2008));
#1112=AXIS2_PLACEMENT_3D('',#2009,#2010,#2011);
#1113=EDGE_LOOP('',(#2012,#2013,#2014,#2015,#2016,#2017));
#1114=AXIS2_PLACEMENT_3D('',#2018,#2019,#2020);
#1115=EDGE_LOOP('',(#2021,#2022,#2023,#2024));
#1116=AXIS2_PLACEMENT_3D('',#2025,#2026,#2027);
#1117=EDGE_LOOP('',(#2028,#2029,#2030,#2031));
#1118=AXIS2_PLACEMENT_3D('',#2032,#2033,#2034);
#1119=EDGE_LOOP('',(#2035,#2036,#2037,#2038));
#1120=AXIS2_PLACEMENT_3D('',#2039,#2040,#2041);
#1121=EDGE_LOOP('',(#2042,#2043,#2044,#2045));
#1122=AXIS2_PLACEMENT_3D('',#2046,#2047,#2048);
#1123=EDGE_LOOP('',(#2049,#2050,#2051,#2052));
#1124=AXIS2_PLACEMENT_3D('',#2053,#2054,#2055);
#1125=EDGE_LOOP('',(#2056,#2057,#2058,#2059));
#1126=AXIS2_PLACEMENT_3D('',#2060,#2061,#2062);
#1127=EDGE_LOOP('',(#2063,#2064,#2065,#2066));
#1128=AXIS2_PLACEMENT_3D('',#2067,#2068,#2069);
#1129=EDGE_LOOP('',(#2070,#2071,#2072,#2073,#2074,#2075));
#1130=AXIS2_PLACEMENT_3D('',#2076,#2077,#2078);
#1131=EDGE_LOOP('',(#2079,#2080,#2081,#2082));
#1132=AXIS2_PLACEMENT_3D('',#2083,#2084,#2085);
#1133=EDGE_LOOP('',(#2086,#2087,#2088,#2089,#2090,#2091,#2092,#2093,#2094,#2095,#2096,#2097,#2098,#2099,#2100,#2101));
#1134=AXIS2_PLACEMENT_3D('',#2102,#2103,#2104);
#1135=EDGE_LOOP('',(#2105,#2106,#2107,#2108,#2109,#2110));
#1136=AXIS2_PLACEMENT_3D('',#2111,#2112,#2113);
#1137=EDGE_LOOP('',(#2114,#2115,#2116,#2117));
#1138=AXIS2_PLACEMENT_3D('',#2118,#2119,#2120);
#1139=EDGE_LOOP('',(#2121,#2122,#2123,#2124));
#1140=AXIS2_PLACEMENT_3D('',#2125,#2126,#2127);
#1141=EDGE_LOOP('',(#2128,#2129,#2130,#2131));
#1142=AXIS2_PLACEMENT_3D('',#2132,#2133,#2134);
#1143=EDGE_LOOP('',(#2135,#2136,#2137,#2138,#2139,#2140,#2141,#2142,#2143,#2144,#2145,#2146,#2147,#2148,#2149,#2150,#2151,#2152));
#1144=AXIS2_PLACEMENT_3D('',#2153,#2154,#2155);
#1145=EDGE_LOOP('',(#2156,#2157,#2158,#2159,#2160,#2161,#2162,#2163,#2164,#2165,#2166,#2167,#2168,#2169,#2170,#2171,#2172,#2173,#2174,#2175,#2176,#2177,#2178,#2179));
#1146=AXIS2_PLACEMENT_3D('',#2180,#2181,#2182);
#1147=EDGE_LOOP('',(#2183,#2184,#2185,#2186,#2187,#2188,#2189,#2190,#2191,#2192,#2193,#2194,#2195,#2196,#2197,#2198,#2199,#2200));
#1148=AXIS2_PLACEMENT_3D('',#2201,#2202,#2203);
#1149=EDGE_LOOP('',(#2204,#2205,#2206,#2207,#2208,#2209,#2210,#2211,#2212,#2213,#2214,#2215,#2216,#2217,#2218,#2219,#2220,#2221,#2222,#2223,#2224,#2225,#2226,#2227));
#1150=AXIS2_PLACEMENT_3D('',#2228,#2229,#2230);
#1151=EDGE_LOOP('',(#2231,#2232,#2233,#2234));
#1152=AXIS2_PLACEMENT_3D('',#2235,#2236,#2237);
#1153=EDGE_LOOP('',(#2238,#2239,#2240,#2241));
#1154=AXIS2_PLACEMENT_3D('',#2242,#2243,#2244);
#1155=EDGE_LOOP('',(#2245,#2246,#2247,#2248));
#1156=AXIS2_PLACEMENT_3D('',#2249,#2250,#2251);
#1157=EDGE_LOOP('',(#2252,#2253,#2254,#2255));
#1158=AXIS2_PLACEMENT_3D('',#2256,#2257,#2258);
#1159=EDGE_LOOP('',(#2259,#2260,#2261,#2262,#2263,#2264));
#1160=AXIS2_PLACEMENT_3D('',#2265,#2266,#2267);
#1161=EDGE_LOOP('',(#2268,#2269,#2270,#2271));
#1162=AXIS2_PLACEMENT_3D('',#2272,#2273,#2274);
#1163=EDGE_LOOP('',(#2275,#2276,#2277,#2278,#2279,#2280));
#1164=AXIS2_PLACEMENT_3D('',#2281,#2282,#2283);
#1165=EDGE_LOOP('',(#2284,#2285,#2286,#2287));
#1166=AXIS2_PLACEMENT_3D('',#2288,#2289,#2290);
#1167=EDGE_LOOP('',(#2291,#2292,#2293,#2294,#2295,#2296,#2297,#2298,#2299,#2300,#2301,#2302,#2303,#2304,#2305,#2306,#2307,#2308,#2309,#2310,#2311,#2312));
#1168=EDGE_LOOP('',(#2313,#2314,#2315,#2316));
#1169=EDGE_LOOP('',(#2317,#2318,#2319,#2320));
#1170=AXIS2_PLACEMENT_3D('',#2321,#2322,#2323);
#1171=EDGE_LOOP('',(#2324,#2325,#2326,#2327));
#1172=AXIS2_PLACEMENT_3D('',#2328,#2329,#2330);
#1173=EDGE_LOOP('',(#2331,#2332,#2333,#2334));
#1174=AXIS2_PLACEMENT_3D('',#2335,#2336,#2337);
#1175=EDGE_LOOP('',(#2338,#2339,#2340,#2341));
#1176=AXIS2_PLACEMENT_3D('',#2342,#2343,#2344);
#1177=EDGE_LOOP('',(#2345,#2346,#2347,#2348));
#1178=AXIS2_PLACEMENT_3D('',#2349,#2350,#2351);
#1179=EDGE_LOOP('',(#2352,#2353,#2354,#2355));
#1180=AXIS2_PLACEMENT_3D('',#2356,#2357,#2358);
#1181=EDGE_LOOP('',(#2359,#2360,#2361,#2362));
#1182=AXIS2_PLACEMENT_3D('',#2363,#2364,#2365);
#1183=EDGE_LOOP('',(#2366,#2367,#2368,#2369));
#1184=AXIS2_PLACEMENT_3D('',#2370,#2371,#2372);
#1185=EDGE_LOOP('',(#2373,#2374,#2375,#2376));
#1186=AXIS2_PLACEMENT_3D('',#2377,#2378,#2379);
#1187=EDGE_LOOP('',(#2380,#2381,#2382,#2383));
#1188=AXIS2_PLACEMENT_3D('',#2384,#2385,#2386);
#1189=EDGE_LOOP('',(#2387,#2388,#2389,#2390));
#1190=AXIS2_PLACEMENT_3D('',#2391,#2392,#2393);
#1191=EDGE_LOOP('',(#2394,#2395,#2396,#2397));
#1192=AXIS2_PLACEMENT_3D('',#2398,#2399,#2400);
#1193=EDGE_LOOP('',(#2401,#2402,#2403,#2404,#2405));
#1194=AXIS2_PLACEMENT_3D('',#2406,#2407,#2408);
#1195=EDGE_LOOP('',(#2409,#2410,#2411,#2412,#2413));
#1196=AXIS2_PLACEMENT_3D('',#2414,#2415,#2416);
#1197=EDGE_LOOP('',(#2417,#2418,#2419,#2420));
#1198=AXIS2_PLACEMENT_3D('',#2421,#2422,#2423);
#1199=EDGE_LOOP('',(#2424,#2425,#2426,#2427));
#1200=AXIS2_PLACEMENT_3D('',#2428,#2429,#2430);
#1201=EDGE_LOOP('',(#2431,#2432,#2433,#2434));
#1202=AXIS2_PLACEMENT_3D('',#2435,#2436,#2437);
#1203=EDGE_LOOP('',(#2438,#2439,#2440,#2441,#2442,#2443,#2444,#2445,#2446,#2447,#2448,#2449,#2450,#2451,#2452,#2453,#2454,#2455,#2456,#2457,#2458,#2459));
#1204=AXIS2_PLACEMENT_3D('',#2460,#2461,#2462);
#1205=EDGE_LOOP('',(#2463,#2464,#2465,#2466));
#1206=AXIS2_PLACEMENT_3D('',#2467,#2468,#2469);
#1207=EDGE_LOOP('',(#2470,#2471,#2472,#2473,#2474,#2475,#2476,#2477,#2478,#2479,#2480,#2481));
#1208=AXIS2_PLACEMENT_3D('',#2482,#2483,#2484);
#1209=EDGE_LOOP('',(#2485,#2486,#2487,#2488));
#1210=AXIS2_PLACEMENT_3D('',#2489,#2490,#2491);
#1211=EDGE_LOOP('',(#2492,#2493,#2494,#2495));
#1212=AXIS2_PLACEMENT_3D('',#2496,#2497,#2498);
#1213=EDGE_LOOP('',(#2499,#2500,#2501,#2502));
#1214=AXIS2_PLACEMENT_3D('',#2503,#2504,#2505);
#1215=EDGE_LOOP('',(#2506,#2507,#2508,#2509));
#1216=AXIS2_PLACEMENT_3D('',#2510,#2511,#2512);
#1217=EDGE_LOOP('',(#2513,#2514,#2515,#2516,#2517,#2518,#2519,#2520));
#1218=EDGE_LOOP('',(#2521,#2522,#2523,#2524,#2525));
#1219=EDGE_LOOP('',(#2526,#2527,#2528,#2529,#2530));
#1220=EDGE_LOOP('',(#2531,#2532,#2533,#2534,#2535));
#1221=EDGE_LOOP('',(#2536,#2537,#2538,#2539,#2540));
#1222=EDGE_LOOP('',(#2541,#2542,#2543,#2544,#2545));
#1223=EDGE_LOOP('',(#2546,#2547,#2548,#2549,#2550));
#1224=AXIS2_PLACEMENT_3D('',#2551,#2552,#2553);
#1225=EDGE_LOOP('',(#2554,#2555,#2556,#2557));
#1226=AXIS2_PLACEMENT_3D('',#2558,#2559,#2560);
#1227=EDGE_LOOP('',(#2561,#2562,#2563,#2564,#2565));
#1228=AXIS2_PLACEMENT_3D('',#2566,#2567,#2568);
#1229=EDGE_LOOP('',(#2569,#2570,#2571,#2572,#2573,#2574));
#1230=AXIS2_PLACEMENT_3D('',#2575,#2576,#2577);
#1231=EDGE_LOOP('',(#2578,#2579,#2580,#2581));
#1232=AXIS2_PLACEMENT_3D('',#2582,#2583,#2584);
#1233=EDGE_LOOP('',(#2585,#2586,#2587,#2588));
#1234=AXIS2_PLACEMENT_3D('',#2589,#2590,#2591);
#1235=EDGE_LOOP('',(#2592,#2593,#2594,#2595,#2596,#2597,#2598,#2599,#2600,#2601,#2602,#2603,#2604,#2605,#2606,#2607,#2608,#2609,#2610,#2611,#2612,#2613));
#1236=AXIS2_PLACEMENT_3D('',#2614,#2615,#2616);
#1237=EDGE_LOOP('',(#2617,#2618,#2619,#2620));
#1238=AXIS2_PLACEMENT_3D('',#2621,#2622,#2623);
#1239=EDGE_LOOP('',(#2624,#2625,#2626,#2627));
#1240=AXIS2_PLACEMENT_3D('',#2628,#2629,#2630);
#1241=EDGE_LOOP('',(#2631,#2632,#2633,#2634));
#1242=AXIS2_PLACEMENT_3D('',#2635,#2636,#2637);
#1243=EDGE_LOOP('',(#2638,#2639,#2640,#2641));
#1244=AXIS2_PLACEMENT_3D('',#2642,#2643,#2644);
#1245=EDGE_LOOP('',(#2645,#2646,#2647,#2648));
#1246=AXIS2_PLACEMENT_3D('',#2649,#2650,#2651);
#1247=EDGE_LOOP('',(#2652,#2653,#2654,#2655));
#1248=AXIS2_PLACEMENT_3D('',#2656,#2657,#2658);
#1249=EDGE_LOOP('',(#2659,#2660,#2661,#2662));
#1250=AXIS2_PLACEMENT_3D('',#2663,#2664,#2665);
#1251=EDGE_LOOP('',(#2666,#2667,#2668,#2669));
#1252=AXIS2_PLACEMENT_3D('',#2670,#2671,#2672);
#1253=EDGE_LOOP('',(#2673,#2674,#2675,#2676));
#1254=AXIS2_PLACEMENT_3D('',#2677,#2678,#2679);
#1255=EDGE_LOOP('',(#2680,#2681,#2682,#2683));
#1256=AXIS2_PLACEMENT_3D('',#2684,#2685,#2686);
#1257=EDGE_LOOP('',(#2687,#2688,#2689,#2690,#2691,#2692,#2693,#2694,#2695,#2696,#2697,#2698));
#1258=AXIS2_PLACEMENT_3D('',#2699,#2700,#2701);
#1259=EDGE_LOOP('',(#2702,#2703,#2704,#2705));
#1260=AXIS2_PLACEMENT_3D('',#2706,#2707,#2708);
#1261=EDGE_LOOP('',(#2709,#2710,#2711,#2712,#2713,#2714,#2715,#2716,#2717,#2718));
#1262=AXIS2_PLACEMENT_3D('',#2719,#2720,#2721);
#1263=EDGE_LOOP('',(#2722,#2723,#2724,#2725,#2726,#2727,#2728,#2729));
#1264=AXIS2_PLACEMENT_3D('',#2730,#2731,#2732);
#1265=EDGE_LOOP('',(#2733,#2734,#2735,#2736,#2737,#2738,#2739,#2740,#2741,#2742,#2743,#2744));
#1266=AXIS2_PLACEMENT_3D('',#2745,#2746,#2747);
#1267=EDGE_LOOP('',(#2748,#2749,#2750,#2751));
#1268=AXIS2_PLACEMENT_3D('',#2752,#2753,#2754);
#1269=EDGE_LOOP('',(#2755,#2756,#2757,#2758));
#1270=AXIS2_PLACEMENT_3D('',#2759,#2760,#2761);
#1271=EDGE_LOOP('',(#2762,#2763,#2764,#2765));
#1272=AXIS2_PLACEMENT_3D('',#2766,#2767,#2768);
#1273=EDGE_LOOP('',(#2769,#2770,#2771,#2772,#2773,#2774,#2775,#2776,#2777,#2778));
#1274=AXIS2_PLACEMENT_3D('',#2779,#2780,#2781);
#1275=EDGE_LOOP('',(#2782,#2783,#2784,#2785));
#1276=AXIS2_PLACEMENT_3D('',#2786,#2787,#2788);
#1277=EDGE_LOOP('',(#2789,#2790,#2791,#2792,#2793,#2794,#2795,#2796));
#1278=AXIS2_PLACEMENT_3D('',#2797,#2798,#2799);
#1279=EDGE_LOOP('',(#2800,#2801,#2802,#2803,#2804));
#1280=EDGE_LOOP('',(#2805,#2806,#2807,#2808));
#1281=AXIS2_PLACEMENT_3D('',#2809,#2810,#2811);
#1282=EDGE_LOOP('',(#2812,#2813,#2814,#2815,#2816));
#1283=EDGE_LOOP('',(#2817,#2818,#2819,#2820));
#1284=AXIS2_PLACEMENT_3D('',#2821,#2822,#2823);
#1285=EDGE_LOOP('',(#2824,#2825,#2826,#2827,#2828));
#1286=EDGE_LOOP('',(#2829,#2830,#2831,#2832));
#1287=AXIS2_PLACEMENT_3D('',#2833,#2834,#2835);
#1288=EDGE_LOOP('',(#2836,#2837,#2838,#2839,#2840));
#1289=EDGE_LOOP('',(#2841,#2842,#2843,#2844));
#1290=AXIS2_PLACEMENT_3D('',#2845,#2846,#2847);
#1291=EDGE_LOOP('',(#2848,#2849,#2850,#2851,#2852));
#1292=EDGE_LOOP('',(#2853,#2854,#2855,#2856));
#1293=AXIS2_PLACEMENT_3D('',#2857,#2858,#2859);
#1294=EDGE_LOOP('',(#2860,#2861,#2862,#2863,#2864));
#1295=EDGE_LOOP('',(#2865,#2866,#2867,#2868));
#1296=AXIS2_PLACEMENT_3D('',#2869,#2870,#2871);
#1297=EDGE_LOOP('',(#2872,#2873,#2874,#2875));
#1298=AXIS2_PLACEMENT_3D('',#2876,#2877,#2878);
#1299=EDGE_LOOP('',(#2879,#2880,#2881,#2882));
#1300=AXIS2_PLACEMENT_3D('',#2883,#2884,#2885);
#1301=EDGE_LOOP('',(#2886,#2887,#2888,#2889));
#1302=AXIS2_PLACEMENT_3D('',#2890,#2891,#2892);
#1303=EDGE_LOOP('',(#2893,#2894,#2895,#2896));
#1304=AXIS2_PLACEMENT_3D('',#2897,#2898,#2899);
#1305=EDGE_LOOP('',(#2900,#2901,#2902,#2903));
#1306=AXIS2_PLACEMENT_3D('',#2904,#2905,#2906);
#1307=EDGE_LOOP('',(#2907,#2908,#2909,#2910));
#1308=AXIS2_PLACEMENT_3D('',#2911,#2912,#2913);
#1309=EDGE_LOOP('',(#2914,#2915,#2916,#2917));
#1310=AXIS2_PLACEMENT_3D('',#2918,#2919,#2920);
#1311=EDGE_LOOP('',(#2921,#2922,#2923,#2924));
#1312=AXIS2_PLACEMENT_3D('',#2925,#2926,#2927);
#1313=EDGE_LOOP('',(#2928,#2929,#2930,#2931));
#1314=AXIS2_PLACEMENT_3D('',#2932,#2933,#2934);
#1315=EDGE_LOOP('',(#2935,#2936,#2937,#2938));
#1316=AXIS2_PLACEMENT_3D('',#2939,#2940,#2941);
#1317=EDGE_LOOP('',(#2942,#2943,#2944,#2945));
#1318=AXIS2_PLACEMENT_3D('',#2946,#2947,#2948);
#1319=EDGE_LOOP('',(#2949,#2950,#2951,#2952));
#1320=AXIS2_PLACEMENT_3D('',#2953,#2954,#2955);
#1321=EDGE_LOOP('',(#2956,#2957,#2958,#2959));
#1322=AXIS2_PLACEMENT_3D('',#2960,#2961,#2962);
#1323=EDGE_LOOP('',(#2963,#2964,#2965,#2966));
#1324=AXIS2_PLACEMENT_3D('',#2967,#2968,#2969);
#1325=EDGE_LOOP('',(#2970,#2971,#2972,#2973));
#1326=AXIS2_PLACEMENT_3D('',#2974,#2975,#2976);
#1327=EDGE_LOOP('',(#2977,#2978,#2979,#2980));
#1328=AXIS2_PLACEMENT_3D('',#2981,#2982,#2983);
#1329=EDGE_LOOP('',(#2984,#2985,#2986,#2987));
#1330=AXIS2_PLACEMENT_3D('',#2988,#2989,#2990);
#1331=EDGE_LOOP('',(#2991,#2992,#2993,#2994));
#1332=AXIS2_PLACEMENT_3D('',#2995,#2996,#2997);
#1333=EDGE_LOOP('',(#2998,#2999,#3000,#3001));
#1334=AXIS2_PLACEMENT_3D('',#3002,#3003,#3004);
#1335=EDGE_LOOP('',(#3005,#3006,#3007,#3008));
#1336=AXIS2_PLACEMENT_3D('',#3009,#3010,#3011);
#1337=EDGE_LOOP('',(#3012,#3013,#3014,#3015));
#1338=AXIS2_PLACEMENT_3D('',#3016,#3017,#3018);
#1339=EDGE_LOOP('',(#3019,#3020,#3021,#3022));
#1340=AXIS2_PLACEMENT_3D('',#3023,#3024,#3025);
#1341=EDGE_LOOP('',(#3026,#3027,#3028,#3029));
#1342=AXIS2_PLACEMENT_3D('',#3030,#3031,#3032);
#1343=EDGE_LOOP('',(#3033,#3034,#3035,#3036));
#1344=AXIS2_PLACEMENT_3D('',#3037,#3038,#3039);
#1345=EDGE_LOOP('',(#3040,#3041,#3042,#3043));
#1346=AXIS2_PLACEMENT_3D('',#3044,#3045,#3046);
#1347=EDGE_LOOP('',(#3047,#3048,#3049,#3050));
#1348=AXIS2_PLACEMENT_3D('',#3051,#3052,#3053);
#1349=EDGE_LOOP('',(#3054,#3055,#3056,#3057));
#1350=AXIS2_PLACEMENT_3D('',#3058,#3059,#3060);
#1351=EDGE_LOOP('',(#3061,#3062,#3063,#3064));
#1352=AXIS2_PLACEMENT_3D('',#3065,#3066,#3067);
#1353=EDGE_LOOP('',(#3068,#3069,#3070,#3071));
#1354=AXIS2_PLACEMENT_3D('',#3072,#3073,#3074);
#1355=EDGE_LOOP('',(#3075,#3076,#3077,#3078));
#1356=AXIS2_PLACEMENT_3D('',#3079,#3080,#3081);
#1357=EDGE_LOOP('',(#3082,#3083,#3084,#3085,#3086,#3087,#3088,#3089));
#1358=AXIS2_PLACEMENT_3D('',#3090,#3091,#3092);
#1359=EDGE_LOOP('',(#3093,#3094,#3095,#3096));
#1360=AXIS2_PLACEMENT_3D('',#3097,#3098,#3099);
#1361=EDGE_LOOP('',(#3100,#3101,#3102,#3103));
#1362=AXIS2_PLACEMENT_3D('',#3104,#3105,#3106);
#1363=EDGE_LOOP('',(#3107,#3108,#3109,#3110));
#1364=AXIS2_PLACEMENT_3D('',#3111,#3112,#3113);
#1365=EDGE_LOOP('',(#3114,#3115,#3116,#3117));
#1366=AXIS2_PLACEMENT_3D('',#3118,#3119,#3120);
#1367=EDGE_LOOP('',(#3121,#3122,#3123,#3124));
#1368=AXIS2_PLACEMENT_3D('',#3125,#3126,#3127);
#1369=EDGE_LOOP('',(#3128,#3129,#3130,#3131));
#1370=AXIS2_PLACEMENT_3D('',#3132,#3133,#3134);
#1371=EDGE_LOOP('',(#3135,#3136,#3137,#3138));
#1372=AXIS2_PLACEMENT_3D('',#3139,#3140,#3141);
#1373=EDGE_LOOP('',(#3142,#3143,#3144,#3145));
#1374=AXIS2_PLACEMENT_3D('',#3146,#3147,#3148);
#1375=EDGE_LOOP('',(#3149,#3150,#3151,#3152));
#1376=AXIS2_PLACEMENT_3D('',#3153,#3154,#3155);
#1377=EDGE_LOOP('',(#3156,#3157,#3158,#3159,#3160,#3161,#3162,#3163));
#1378=AXIS2_PLACEMENT_3D('',#3164,#3165,#3166);
#1379=EDGE_LOOP('',(#3167,#3168,#3169,#3170));
#1380=AXIS2_PLACEMENT_3D('',#3171,#3172,#3173);
#1381=EDGE_LOOP('',(#3174,#3175,#3176,#3177,#3178,#3179,#3180,#3181));
#1382=AXIS2_PLACEMENT_3D('',#3182,#3183,#3184);
#1383=EDGE_LOOP('',(#3185,#3186,#3187,#3188));
#1384=AXIS2_PLACEMENT_3D('',#3189,#3190,#3191);
#1385=EDGE_LOOP('',(#3192,#3193,#3194,#3195));
#1386=AXIS2_PLACEMENT_3D('',#3196,#3197,#3198);
#1387=EDGE_LOOP('',(#3199,#3200,#3201,#3202));
#1388=AXIS2_PLACEMENT_3D('',#3203,#3204,#3205);
#1389=EDGE_LOOP('',(#3206,#3207,#3208,#3209));
#1390=AXIS2_PLACEMENT_3D('',#3210,#3211,#3212);
#1391=EDGE_LOOP('',(#3213,#3214,#3215,#3216));
#1392=AXIS2_PLACEMENT_3D('',#3217,#3218,#3219);
#1393=EDGE_LOOP('',(#3220,#3221,#3222,#3223));
#1394=AXIS2_PLACEMENT_3D('',#3224,#3225,#3226);
#1395=EDGE_LOOP('',(#3227,#3228,#3229,#3230));
#1396=AXIS2_PLACEMENT_3D('',#3231,#3232,#3233);
#1397=EDGE_LOOP('',(#3234,#3235,#3236,#3237));
#1398=AXIS2_PLACEMENT_3D('',#3238,#3239,#3240);
#1399=EDGE_LOOP('',(#3241,#3242,#3243,#3244));
#1400=AXIS2_PLACEMENT_3D('',#3245,#3246,#3247);
#1401=EDGE_LOOP('',(#3248,#3249,#3250,#3251));
#1402=AXIS2_PLACEMENT_3D('',#3252,#3253,#3254);
#1403=EDGE_LOOP('',(#3255,#3256,#3257,#3258,#3259,#3260,#3261,#3262,#3263,#3264,#3265,#3266));
#1404=AXIS2_PLACEMENT_3D('',#3267,#3268,#3269);
#1405=EDGE_LOOP('',(#3270,#3271,#3272,#3273));
#1406=AXIS2_PLACEMENT_3D('',#3274,#3275,#3276);
#1407=EDGE_LOOP('',(#3277,#3278,#3279,#3280));
#1408=AXIS2_PLACEMENT_3D('',#3281,#3282,#3283);
#1409=EDGE_LOOP('',(#3284,#3285,#3286,#3287,#3288,#3289,#3290,#3291,#3292,#3293));
#1410=AXIS2_PLACEMENT_3D('',#3294,#3295,#3296);
#1411=EDGE_LOOP('',(#3297,#3298,#3299,#3300,#3301,#3302,#3303,#3304));
#1412=AXIS2_PLACEMENT_3D('',#3305,#3306,#3307);
#1413=EDGE_LOOP('',(#3308,#3309,#3310,#3311,#3312,#3313));
#1414=AXIS2_PLACEMENT_3D('',#3314,#3315,#3316);
#1415=EDGE_LOOP('',(#3317,#3318,#3319,#3320));
#1416=AXIS2_PLACEMENT_3D('',#3321,#3322,#3323);
#1417=EDGE_LOOP('',(#3324,#3325,#3326,#3327));
#1418=AXIS2_PLACEMENT_3D('',#3328,#3329,#3330);
#1419=EDGE_LOOP('',(#3331,#3332,#3333,#3334));
#1420=AXIS2_PLACEMENT_3D('',#3335,#3336,#3337);
#1421=EDGE_LOOP('',(#3338,#3339,#3340,#3341));
#1422=AXIS2_PLACEMENT_3D('',#3342,#3343,#3344);
#1423=EDGE_LOOP('',(#3345,#3346,#3347,#3348,#3349,#3350,#3351,#3352));
#1424=AXIS2_PLACEMENT_3D('',#3353,#3354,#3355);
#1425=EDGE_LOOP('',(#3356,#3357,#3358,#3359));
#1426=AXIS2_PLACEMENT_3D('',#3360,#3361,#3362);
#1427=EDGE_LOOP('',(#3363,#3364,#3365,#3366,#3367,#3368,#3369,#3370,#3371,#3372,#3373,#3374));
#1428=AXIS2_PLACEMENT_3D('',#3375,#3376,#3377);
#1429=EDGE_LOOP('',(#3378,#3379,#3380,#3381));
#1430=AXIS2_PLACEMENT_3D('',#3382,#3383,#3384);
#1431=EDGE_LOOP('',(#3385,#3386,#3387,#3388));
#1432=AXIS2_PLACEMENT_3D('',#3389,#3390,#3391);
#1433=EDGE_LOOP('',(#3392,#3393,#3394,#3395,#3396,#3397,#3398,#3399,#3400,#3401));
#1434=AXIS2_PLACEMENT_3D('',#3402,#3403,#3404);
#1435=EDGE_LOOP('',(#3405,#3406,#3407,#3408,#3409,#3410,#3411,#3412));
#1436=AXIS2_PLACEMENT_3D('',#3413,#3414,#3415);
#1437=EDGE_LOOP('',(#3416,#3417,#3418,#3419));
#1438=AXIS2_PLACEMENT_3D('',#3420,#3421,#3422);
#1439=EDGE_LOOP('',(#3423,#3424,#3425,#3426,#3427,#3428));
#1440=AXIS2_PLACEMENT_3D('',#3429,#3430,#3431);
#1441=EDGE_LOOP('',(#3432,#3433,#3434,#3435));
#1442=AXIS2_PLACEMENT_3D('',#3436,#3437,#3438);
#1443=EDGE_LOOP('',(#3439,#3440,#3441,#3442));
#1444=AXIS2_PLACEMENT_3D('',#3443,#3444,#3445);
#1445=EDGE_LOOP('',(#3446,#3447,#3448,#3449));
#1446=AXIS2_PLACEMENT_3D('',#3450,#3451,#3452);
#1447=EDGE_LOOP('',(#3453,#3454,#3455,#3456));
#1448=AXIS2_PLACEMENT_3D('',#3457,#3458,#3459);
#1449=EDGE_LOOP('',(#3460,#3461,#3462,#3463));
#1450=AXIS2_PLACEMENT_3D('',#3464,#3465,#3466);
#1451=EDGE_LOOP('',(#3467,#3468,#3469,#3470));
#1452=AXIS2_PLACEMENT_3D('',#3471,#3472,#3473);
#1453=EDGE_LOOP('',(#3474,#3475,#3476,#3477));
#1454=AXIS2_PLACEMENT_3D('',#3478,#3479,#3480);
#1455=EDGE_LOOP('',(#3481,#3482,#3483,#3484,#3485,#3486,#3487,#3488));
#1456=AXIS2_PLACEMENT_3D('',#3489,#3490,#3491);
#1457=EDGE_LOOP('',(#3492,#3493,#3494,#3495));
#1458=AXIS2_PLACEMENT_3D('',#3496,#3497,#3498);
#1459=EDGE_LOOP('',(#3499,#3500,#3501,#3502));
#1460=AXIS2_PLACEMENT_3D('',#3503,#3504,#3505);
#1461=EDGE_LOOP('',(#3506,#3507,#3508,#3509));
#1462=AXIS2_PLACEMENT_3D('',#3510,#3511,#3512);
#1463=EDGE_LOOP('',(#3513,#3514,#3515,#3516));
#1464=AXIS2_PLACEMENT_3D('',#3517,#3518,#3519);
#1465=EDGE_LOOP('',(#3520,#3521,#3522,#3523));
#1466=AXIS2_PLACEMENT_3D('',#3524,#3525,#3526);
#1467=EDGE_LOOP('',(#3527,#3528,#3529,#3530));
#1468=AXIS2_PLACEMENT_3D('',#3531,#3532,#3533);
#1469=EDGE_LOOP('',(#3534,#3535,#3536,#3537));
#1470=AXIS2_PLACEMENT_3D('',#3538,#3539,#3540);
#1471=EDGE_LOOP('',(#3541,#3542,#3543,#3544));
#1472=AXIS2_PLACEMENT_3D('',#3545,#3546,#3547);
#1473=EDGE_LOOP('',(#3548,#3549,#3550,#3551));
#1474=AXIS2_PLACEMENT_3D('',#3552,#3553,#3554);
#1475=EDGE_LOOP('',(#3555,#3556,#3557,#3558,#3559,#3560,#3561,#3562));
#1476=AXIS2_PLACEMENT_3D('',#3563,#3564,#3565);
#1477=EDGE_LOOP('',(#3566,#3567,#3568,#3569));
#1478=AXIS2_PLACEMENT_3D('',#3570,#3571,#3572);
#1479=EDGE_LOOP('',(#3573,#3574,#3575,#3576,#3577,#3578,#3579,#3580));
#1480=AXIS2_PLACEMENT_3D('',#3581,#3582,#3583);
#1481=EDGE_LOOP('',(#3584,#3585,#3586,#3587));
#1482=AXIS2_PLACEMENT_3D('',#3588,#3589,#3590);
#1483=EDGE_LOOP('',(#3591,#3592,#3593,#3594));
#1484=AXIS2_PLACEMENT_3D('',#3595,#3596,#3597);
#1485=EDGE_LOOP('',(#3598,#3599,#3600,#3601));
#1486=AXIS2_PLACEMENT_3D('',#3602,#3603,#3604);
#1487=EDGE_LOOP('',(#3605,#3606,#3607,#3608));
#1488=AXIS2_PLACEMENT_3D('',#3609,#3610,#3611);
#1489=EDGE_LOOP('',(#3612,#3613,#3614,#3615));
#1490=AXIS2_PLACEMENT_3D('',#3616,#3617,#3618);
#1491=EDGE_LOOP('',(#3619,#3620,#3621,#3622));
#1492=AXIS2_PLACEMENT_3D('',#3623,#3624,#3625);
#1493=EDGE_LOOP('',(#3626,#3627,#3628,#3629));
#1494=AXIS2_PLACEMENT_3D('',#3630,#3631,#3632);
#1495=EDGE_LOOP('',(#3633,#3634,#3635,#3636));
#1496=AXIS2_PLACEMENT_3D('',#3637,#3638,#3639);
#1497=EDGE_LOOP('',(#3640,#3641,#3642,#3643));
#1498=AXIS2_PLACEMENT_3D('',#3644,#3645,#3646);
#1499=EDGE_LOOP('',(#3647,#3648,#3649,#3650));
#1500=AXIS2_PLACEMENT_3D('',#3651,#3652,#3653);
#1501=EDGE_LOOP('',(#3654,#3655,#3656,#3657));
#1502=AXIS2_PLACEMENT_3D('',#3658,#3659,#3660);
#1503=EDGE_LOOP('',(#3661,#3662,#3663,#3664,#3665,#3666,#3667,#3668,#3669,#3670,#3671,#3672));
#1504=AXIS2_PLACEMENT_3D('',#3673,#3674,#3675);
#1505=EDGE_LOOP('',(#3676,#3677,#3678,#3679));
#1506=AXIS2_PLACEMENT_3D('',#3680,#3681,#3682);
#1507=EDGE_LOOP('',(#3683,#3684,#3685,#3686,#3687,#3688,#3689,#3690,#3691,#3692));
#1508=AXIS2_PLACEMENT_3D('',#3693,#3694,#3695);
#1509=EDGE_LOOP('',(#3696,#3697,#3698,#3699,#3700,#3701,#3702,#3703));
#1510=AXIS2_PLACEMENT_3D('',#3704,#3705,#3706);
#1511=EDGE_LOOP('',(#3707,#3708,#3709,#3710,#3711,#3712));
#1512=AXIS2_PLACEMENT_3D('',#3713,#3714,#3715);
#1513=EDGE_LOOP('',(#3716,#3717,#3718,#3719));
#1514=AXIS2_PLACEMENT_3D('',#3720,#3721,#3722);
#1515=EDGE_LOOP('',(#3723,#3724,#3725,#3726));
#1516=AXIS2_PLACEMENT_3D('',#3727,#3728,#3729);
#1517=EDGE_LOOP('',(#3730,#3731,#3732,#3733));
#1518=AXIS2_PLACEMENT_3D('',#3734,#3735,#3736);
#1519=EDGE_LOOP('',(#3737,#3738,#3739,#3740));
#1520=AXIS2_PLACEMENT_3D('',#3741,#3742,#3743);
#1521=EDGE_LOOP('',(#3744,#3745,#3746,#3747,#3748,#3749,#3750,#3751));
#1522=AXIS2_PLACEMENT_3D('',#3752,#3753,#3754);
#1523=EDGE_LOOP('',(#3755,#3756,#3757,#3758));
#1524=AXIS2_PLACEMENT_3D('',#3759,#3760,#3761);
#1525=EDGE_LOOP('',(#3762,#3763,#3764,#3765));
#1526=AXIS2_PLACEMENT_3D('',#3766,#3767,#3768);
#1527=EDGE_LOOP('',(#3769,#3770,#3771,#3772,#3773,#3774,#3775,#3776,#3777,#3778,#3779,#3780));
#1528=AXIS2_PLACEMENT_3D('',#3781,#3782,#3783);
#1529=EDGE_LOOP('',(#3784,#3785,#3786,#3787));
#1530=AXIS2_PLACEMENT_3D('',#3788,#3789,#3790);
#1531=EDGE_LOOP('',(#3791,#3792,#3793,#3794,#3795,#3796,#3797,#3798,#3799,#3800));
#1532=AXIS2_PLACEMENT_3D('',#3801,#3802,#3803);
#1533=EDGE_LOOP('',(#3804,#3805,#3806,#3807,#3808,#3809,#3810,#3811));
#1534=AXIS2_PLACEMENT_3D('',#3812,#3813,#3814);
#1535=EDGE_LOOP('',(#3815,#3816,#3817,#3818));
#1536=AXIS2_PLACEMENT_3D('',#3819,#3820,#3821);
#1537=EDGE_LOOP('',(#3822,#3823,#3824,#3825));
#1538=AXIS2_PLACEMENT_3D('',#3826,#3827,#3828);
#1539=EDGE_LOOP('',(#3829,#3830,#3831,#3832));
#1540=AXIS2_PLACEMENT_3D('',#3833,#3834,#3835);
#1541=EDGE_LOOP('',(#3836,#3837,#3838,#3839));
#1542=AXIS2_PLACEMENT_3D('',#3840,#3841,#3842);
#1543=EDGE_LOOP('',(#3843,#3844,#3845,#3846));
#1544=AXIS2_PLACEMENT_3D('',#3847,#3848,#3849);
#1545=EDGE_LOOP('',(#3850,#3851,#3852,#3853,#3854,#3855,#3856,#3857));
#1546=AXIS2_PLACEMENT_3D('',#3858,#3859,#3860);
#1547=EDGE_LOOP('',(#3861,#3862,#3863,#3864));
#1548=AXIS2_PLACEMENT_3D('',#3865,#3866,#3867);
#1549=EDGE_LOOP('',(#3868,#3869,#3870,#3871));
#1550=AXIS2_PLACEMENT_3D('',#3872,#3873,#3874);
#1551=EDGE_LOOP('',(#3875,#3876,#3877,#3878));
#1552=AXIS2_PLACEMENT_3D('',#3879,#3880,#3881);
#1553=EDGE_LOOP('',(#3882,#3883,#3884,#3885));
#1554=AXIS2_PLACEMENT_3D('',#3886,#3887,#3888);
#1555=EDGE_LOOP('',(#3889,#3890,#3891,#3892));
#1556=AXIS2_PLACEMENT_3D('',#3893,#3894,#3895);
#1557=EDGE_LOOP('',(#3896,#3897,#3898,#3899));
#1558=AXIS2_PLACEMENT_3D('',#3900,#3901,#3902);
#1559=EDGE_LOOP('',(#3903,#3904,#3905,#3906));
#1560=AXIS2_PLACEMENT_3D('',#3907,#3908,#3909);
#1561=EDGE_LOOP('',(#3910,#3911,#3912,#3913));
#1562=AXIS2_PLACEMENT_3D('',#3914,#3915,#3916);
#1563=EDGE_LOOP('',(#3917,#3918,#3919,#3920));
#1564=AXIS2_PLACEMENT_3D('',#3921,#3922,#3923);
#1565=EDGE_LOOP('',(#3924,#3925,#3926,#3927,#3928,#3929,#3930,#3931));
#1566=AXIS2_PLACEMENT_3D('',#3932,#3933,#3934);
#1567=EDGE_LOOP('',(#3935,#3936,#3937,#3938));
#1568=AXIS2_PLACEMENT_3D('',#3939,#3940,#3941);
#1569=EDGE_LOOP('',(#3942,#3943,#3944,#3945,#3946,#3947,#3948,#3949));
#1570=AXIS2_PLACEMENT_3D('',#3950,#3951,#3952);
#1571=EDGE_LOOP('',(#3953,#3954,#3955,#3956));
#1572=AXIS2_PLACEMENT_3D('',#3957,#3958,#3959);
#1573=EDGE_LOOP('',(#3960,#3961,#3962,#3963));
#1574=AXIS2_PLACEMENT_3D('',#3964,#3965,#3966);
#1575=EDGE_LOOP('',(#3967,#3968,#3969,#3970));
#1576=AXIS2_PLACEMENT_3D('',#3971,#3972,#3973);
#1577=EDGE_LOOP('',(#3974,#3975,#3976,#3977));
#1578=AXIS2_PLACEMENT_3D('',#3978,#3979,#3980);
#1579=EDGE_LOOP('',(#3981,#3982,#3983,#3984));
#1580=AXIS2_PLACEMENT_3D('',#3985,#3986,#3987);
#1581=EDGE_LOOP('',(#3988,#3989,#3990,#3991));
#1582=AXIS2_PLACEMENT_3D('',#3992,#3993,#3994);
#1583=EDGE_LOOP('',(#3995,#3996,#3997,#3998));
#1584=AXIS2_PLACEMENT_3D('',#3999,#4000,#4001);
#1585=EDGE_LOOP('',(#4002,#4003,#4004,#4005));
#1586=AXIS2_PLACEMENT_3D('',#4006,#4007,#4008);
#1587=EDGE_LOOP('',(#4009,#4010,#4011,#4012));
#1588=AXIS2_PLACEMENT_3D('',#4013,#4014,#4015);
#1589=EDGE_LOOP('',(#4016,#4017,#4018,#4019,#4020,#4021,#4022,#4023));
#1590=AXIS2_PLACEMENT_3D('',#4024,#4025,#4026);
#1591=EDGE_LOOP('',(#4027,#4028,#4029,#4030));
#1592=AXIS2_PLACEMENT_3D('',#4031,#4032,#4033);
#1593=EDGE_LOOP('',(#4034,#4035,#4036,#4037,#4038,#4039));
#1594=AXIS2_PLACEMENT_3D('',#4040,#4041,#4042);
#1595=EDGE_LOOP('',(#4043,#4044,#4045,#4046));
#1596=AXIS2_PLACEMENT_3D('',#4047,#4048,#4049);
#1597=EDGE_LOOP('',(#4050,#4051,#4052,#4053));
#1598=AXIS2_PLACEMENT_3D('',#4054,#4055,#4056);
#1599=EDGE_LOOP('',(#4057,#4058,#4059,#4060));
#1600=AXIS2_PLACEMENT_3D('',#4061,#4062,#4063);
#1601=EDGE_LOOP('',(#4064,#4065,#4066,#4067));
#1602=AXIS2_PLACEMENT_3D('',#4068,#4069,#4070);
#1603=EDGE_LOOP('',(#4071,#4072,#4073,#4074));
#1604=AXIS2_PLACEMENT_3D('',#4075,#4076,#4077);
#1605=EDGE_LOOP('',(#4078,#4079,#4080,#4081));
#1606=AXIS2_PLACEMENT_3D('',#4082,#4083,#4084);
#1607=EDGE_LOOP('',(#4085,#4086,#4087,#4088));
#1608=AXIS2_PLACEMENT_3D('',#4089,#4090,#4091);
#1609=EDGE_LOOP('',(#4092,#4093,#4094,#4095));
#1610=AXIS2_PLACEMENT_3D('',#4096,#4097,#4098);
#1611=EDGE_LOOP('',(#4099,#4100,#4101,#4102));
#1612=AXIS2_PLACEMENT_3D('',#4103,#4104,#4105);
#1613=EDGE_LOOP('',(#4106,#4107,#4108,#4109,#4110,#4111));
#1614=AXIS2_PLACEMENT_3D('',#4112,#4113,#4114);
#1615=EDGE_LOOP('',(#4115,#4116,#4117,#4118));
#1616=AXIS2_PLACEMENT_3D('',#4119,#4120,#4121);
#1617=EDGE_LOOP('',(#4122,#4123,#4124,#4125));
#1618=AXIS2_PLACEMENT_3D('',#4126,#4127,#4128);
#1619=EDGE_LOOP('',(#4129,#4130,#4131,#4132,#4133));
#1620=AXIS2_PLACEMENT_3D('',#4134,#4135,#4136);
#1621=EDGE_LOOP('',(#4137,#4138,#4139,#4140));
#1622=AXIS2_PLACEMENT_3D('',#4141,#4142,#4143);
#1623=EDGE_LOOP('',(#4144,#4145,#4146,#4147));
#1624=AXIS2_PLACEMENT_3D('',#4148,#4149,#4150);
#1625=EDGE_LOOP('',(#4151,#4152,#4153,#4154));
#1626=AXIS2_PLACEMENT_3D('',#4155,#4156,#4157);
#1627=EDGE_LOOP('',(#4158,#4159,#4160,#4161));
#1628=AXIS2_PLACEMENT_3D('',#4162,#4163,#4164);
#1629=EDGE_LOOP('',(#4165,#4166,#4167,#4168));
#1630=AXIS2_PLACEMENT_3D('',#4169,#4170,#4171);
#1631=EDGE_LOOP('',(#4172,#4173,#4174,#4175,#4176));
#1632=AXIS2_PLACEMENT_3D('',#4177,#4178,#4179);
#1633=EDGE_LOOP('',(#4180,#4181,#4182,#4183,#4184));
#1634=AXIS2_PLACEMENT_3D('',#4185,#4186,#4187);
#1635=EDGE_LOOP('',(#4188,#4189,#4190,#4191));
#1636=AXIS2_PLACEMENT_3D('',#4192,#4193,#4194);
#1637=EDGE_LOOP('',(#4195,#4196,#4197,#4198,#4199));
#1638=AXIS2_PLACEMENT_3D('',#4200,#4201,#4202);
#1639=EDGE_LOOP('',(#4203,#4204,#4205,#4206));
#1640=AXIS2_PLACEMENT_3D('',#4207,#4208,#4209);
#1641=EDGE_LOOP('',(#4210,#4211,#4212,#4213,#4214));
#1642=AXIS2_PLACEMENT_3D('',#4215,#4216,#4217);
#1643=EDGE_LOOP('',(#4218,#4219,#4220,#4221));
#1644=AXIS2_PLACEMENT_3D('',#4222,#4223,#4224);
#1645=EDGE_LOOP('',(#4225,#4226,#4227,#4228));
#1646=AXIS2_PLACEMENT_3D('',#4229,#4230,#4231);
#1647=EDGE_LOOP('',(#4232,#4233,#4234,#4235));
#1648=AXIS2_PLACEMENT_3D('',#4236,#4237,#4238);
#1649=EDGE_LOOP('',(#4239,#4240,#4241,#4242));
#1650=AXIS2_PLACEMENT_3D('',#4243,#4244,#4245);
#1651=EDGE_LOOP('',(#4246,#4247,#4248,#4249,#4250));
#1652=AXIS2_PLACEMENT_3D('',#4251,#4252,#4253);
#1653=EDGE_LOOP('',(#4254,#4255,#4256,#4257));
#1654=AXIS2_PLACEMENT_3D('',#4258,#4259,#4260);
#1655=EDGE_LOOP('',(#4261,#4262,#4263,#4264,#4265,#4266,#4267));
#1656=AXIS2_PLACEMENT_3D('',#4268,#4269,#4270);
#1657=CIRCLE('',#4271,0.51);
#1658=CIRCLE('',#4272,0.51);
#1659=CIRCLE('',#4273,0.51);
#1660=CIRCLE('',#4274,0.51);
#1661=CIRCLE('',#4275,0.51);
#1662=CIRCLE('',#4276,0.51);
#1663=CIRCLE('',#4277,0.51);
#1664=CIRCLE('',#4278,0.51);
#1665=CIRCLE('',#4279,0.51);
#1666=CIRCLE('',#4280,0.51);
#1667=CIRCLE('',#4281,0.51);
#1668=CIRCLE('',#4282,0.51);
#1669=CIRCLE('',#4283,0.51);
#1670=CIRCLE('',#4284,0.51);
#1671=CIRCLE('',#4285,0.51);
#1672=CIRCLE('',#4286,0.51);
#1673=LINE('',#4287,#4288);
#1674=LINE('',#4289,#4290);
#1675=LINE('',#4291,#4292);
#1676=LINE('',#4293,#4294);
#1677=ORIENTED_EDGE('',*,*,#4295,.F.);
#1678=ORIENTED_EDGE('',*,*,#4296,.F.);
#1679=ORIENTED_EDGE('',*,*,#4297,.T.);
#1680=ORIENTED_EDGE('',*,*,#4298,.T.);
#1681=CARTESIAN_POINT('',(-6.0,2.47,-5.649998714035));
#1682=DIRECTION('',(-0.0,0.0,1.0));
#1683=DIRECTION('',(0.0,-1.0,0.0));
#1684=ORIENTED_EDGE('',*,*,#4299,.F.);
#1685=ORIENTED_EDGE('',*,*,#4300,.T.);
#1686=ORIENTED_EDGE('',*,*,#4301,.F.);
#1687=ORIENTED_EDGE('',*,*,#4302,.F.);
#1688=CARTESIAN_POINT('',(6.0,2.47,-5.649998714035));
#1689=DIRECTION('',(-0.0,0.0,1.0));
#1690=DIRECTION('',(0.0,-1.0,0.0));
#1691=ORIENTED_EDGE('',*,*,#4303,.F.);
#1692=ORIENTED_EDGE('',*,*,#4304,.F.);
#1693=ORIENTED_EDGE('',*,*,#4301,.T.);
#1694=ORIENTED_EDGE('',*,*,#4305,.T.);
#1695=CARTESIAN_POINT('',(6.0,2.47,-5.649998714035));
#1696=DIRECTION('',(-0.0,0.0,1.0));
#1697=DIRECTION('',(0.0,-1.0,0.0));
#1698=ORIENTED_EDGE('',*,*,#4306,.F.);
#1699=ORIENTED_EDGE('',*,*,#4307,.T.);
#1700=ORIENTED_EDGE('',*,*,#4297,.F.);
#1701=ORIENTED_EDGE('',*,*,#4308,.F.);
#1702=CARTESIAN_POINT('',(-6.0,2.47,-5.649998714035));
#1703=DIRECTION('',(-0.0,0.0,1.0));
#1704=DIRECTION('',(0.0,-1.0,0.0));
#1705=ORIENTED_EDGE('',*,*,#4309,.F.);
#1706=ORIENTED_EDGE('',*,*,#4310,.T.);
#1707=ORIENTED_EDGE('',*,*,#4311,.T.);
#1708=ORIENTED_EDGE('',*,*,#4312,.F.);
#1709=CARTESIAN_POINT('',(-0.7,4.18,1.329177595493));
#1710=DIRECTION('',(-1.0,0.0,-0.0));
#1711=DIRECTION('',(0.0,0.0,-1.0));
#1712=ORIENTED_EDGE('',*,*,#4313,.F.);
#1713=ORIENTED_EDGE('',*,*,#4314,.F.);
#1714=ORIENTED_EDGE('',*,*,#4315,.F.);
#1715=ORIENTED_EDGE('',*,*,#4316,.T.);
#1716=ORIENTED_EDGE('',*,*,#4317,.T.);
#1717=CARTESIAN_POINT('',(-6.325,0.0,0.0));
#1718=DIRECTION('',(1.0,0.0,0.0));
#1719=DIRECTION('',(0.0,1.0,0.0));
#1720=ORIENTED_EDGE('',*,*,#4318,.T.);
#1721=ORIENTED_EDGE('',*,*,#4319,.F.);
#1722=ORIENTED_EDGE('',*,*,#4320,.F.);
#1723=ORIENTED_EDGE('',*,*,#4321,.F.);
#1724=ORIENTED_EDGE('',*,*,#4322,.F.);
#1725=CARTESIAN_POINT('',(-6.325,0.0,0.0));
#1726=DIRECTION('',(1.0,0.0,0.0));
#1727=DIRECTION('',(0.0,1.0,0.0));
#1728=ORIENTED_EDGE('',*,*,#4323,.F.);
#1729=ORIENTED_EDGE('',*,*,#4324,.F.);
#1730=ORIENTED_EDGE('',*,*,#4325,.F.);
#1731=ORIENTED_EDGE('',*,*,#4317,.F.);
#1732=ORIENTED_EDGE('',*,*,#4326,.F.);
#1733=ORIENTED_EDGE('',*,*,#4327,.T.);
#1734=CARTESIAN_POINT('',(-6.825,-1.1,3.305));
#1735=DIRECTION('',(-0.0,1.0,0.0));
#1736=DIRECTION('',(1.0,0.0,0.0));
#1737=ORIENTED_EDGE('',*,*,#4328,.F.);
#1738=ORIENTED_EDGE('',*,*,#4329,.T.);
#1739=ORIENTED_EDGE('',*,*,#4330,.T.);
#1740=ORIENTED_EDGE('',*,*,#4331,.T.);
#1741=ORIENTED_EDGE('',*,*,#4332,.F.);
#1742=ORIENTED_EDGE('',*,*,#4333,.F.);
#1743=ORIENTED_EDGE('',*,*,#4334,.F.);
#1744=ORIENTED_EDGE('',*,*,#4335,.F.);
#1745=ORIENTED_EDGE('',*,*,#4336,.F.);
#1746=ORIENTED_EDGE('',*,*,#4337,.F.);
#1747=ORIENTED_EDGE('',*,*,#4327,.F.);
#1748=ORIENTED_EDGE('',*,*,#4338,.T.);
#1749=CARTESIAN_POINT('',(-4.925,2.65,4.955));
#1750=DIRECTION('',(1.0,0.0,0.0));
#1751=DIRECTION('',(0.0,1.0,0.0));
#1752=ORIENTED_EDGE('',*,*,#4316,.F.);
#1753=ORIENTED_EDGE('',*,*,#4339,.F.);
#1754=ORIENTED_EDGE('',*,*,#4338,.F.);
#1755=ORIENTED_EDGE('',*,*,#4326,.T.);
#1756=CARTESIAN_POINT('',(-4.925,2.65,3.305));
#1757=DIRECTION('',(0.0,0.0,-1.0));
#1758=DIRECTION('',(0.0,-1.0,0.0));
#1759=ORIENTED_EDGE('',*,*,#4331,.F.);
#1760=ORIENTED_EDGE('',*,*,#4340,.T.);
#1761=ORIENTED_EDGE('',*,*,#4318,.F.);
#1762=ORIENTED_EDGE('',*,*,#4341,.F.);
#1763=CARTESIAN_POINT('',(-4.925,2.65,3.305));
#1764=DIRECTION('',(0.0,0.0,-1.0));
#1765=DIRECTION('',(0.0,-1.0,0.0));
#1766=ORIENTED_EDGE('',*,*,#4342,.T.);
#1767=ORIENTED_EDGE('',*,*,#4343,.T.);
#1768=ORIENTED_EDGE('',*,*,#4344,.F.);
#1769=CARTESIAN_POINT('',(0.0,-2.45,0.0));
#1770=DIRECTION('',(-0.0,1.0,0.0));
#1771=DIRECTION('',(1.0,0.0,0.0));
#1772=ORIENTED_EDGE('',*,*,#4328,.T.);
#1773=ORIENTED_EDGE('',*,*,#4339,.T.);
#1774=ORIENTED_EDGE('',*,*,#4345,.F.);
#1775=CARTESIAN_POINT('',(0.0,-2.45,0.0));
#1776=DIRECTION('',(-0.0,1.0,0.0));
#1777=DIRECTION('',(1.0,0.0,0.0));
#1778=ORIENTED_EDGE('',*,*,#4346,.F.);
#1779=ORIENTED_EDGE('',*,*,#4347,.T.);
#1780=ORIENTED_EDGE('',*,*,#4348,.T.);
#1781=ORIENTED_EDGE('',*,*,#4349,.F.);
#1782=CARTESIAN_POINT('',(6.325,3.43,3.305));
#1783=DIRECTION('',(-0.762509135372793,0.0,-0.646977448195094));
#1784=DIRECTION('',(-0.646977448195094,0.0,0.762509135372793));
#1785=ORIENTED_EDGE('',*,*,#4350,.T.);
#1786=ORIENTED_EDGE('',*,*,#4351,.F.);
#1787=ORIENTED_EDGE('',*,*,#4352,.F.);
#1788=ORIENTED_EDGE('',*,*,#4353,.F.);
#1789=ORIENTED_EDGE('',*,*,#4344,.T.);
#1790=CARTESIAN_POINT('',(6.325,3.43,3.305));
#1791=DIRECTION('',(-0.762509135372793,0.0,-0.646977448195094));
#1792=DIRECTION('',(-0.646977448195094,0.0,0.762509135372793));
#1793=ORIENTED_EDGE('',*,*,#4354,.F.);
#1794=ORIENTED_EDGE('',*,*,#4355,.F.);
#1795=ORIENTED_EDGE('',*,*,#4349,.T.);
#1796=CARTESIAN_POINT('',(0.0,2.65,0.0));
#1797=DIRECTION('',(-0.0,1.0,0.0));
#1798=DIRECTION('',(1.0,0.0,0.0));
#1799=ORIENTED_EDGE('',*,*,#4340,.F.);
#1800=ORIENTED_EDGE('',*,*,#4330,.F.);
#1801=ORIENTED_EDGE('',*,*,#4356,.T.);
#1802=CARTESIAN_POINT('',(0.0,2.65,0.0));
#1803=DIRECTION('',(-0.0,1.0,0.0));
#1804=DIRECTION('',(1.0,0.0,0.0));
#1805=ORIENTED_EDGE('',*,*,#4357,.T.);
#1806=ORIENTED_EDGE('',*,*,#4342,.F.);
#1807=ORIENTED_EDGE('',*,*,#4358,.T.);
#1808=ORIENTED_EDGE('',*,*,#4359,.T.);
#1809=CARTESIAN_POINT('',(6.325,2.65,3.305));
#1810=DIRECTION('',(0.0,0.0,-1.0));
#1811=DIRECTION('',(0.0,-1.0,0.0));
#1812=ORIENTED_EDGE('',*,*,#4360,.T.);
#1813=ORIENTED_EDGE('',*,*,#4355,.T.);
#1814=ORIENTED_EDGE('',*,*,#4361,.T.);
#1815=ORIENTED_EDGE('',*,*,#4362,.F.);
#1816=CARTESIAN_POINT('',(6.325,2.65,3.305));
#1817=DIRECTION('',(0.0,0.0,-1.0));
#1818=DIRECTION('',(0.0,-1.0,0.0));
#1819=ORIENTED_EDGE('',*,*,#4363,.T.);
#1820=ORIENTED_EDGE('',*,*,#4364,.T.);
#1821=ORIENTED_EDGE('',*,*,#4365,.T.);
#1822=ORIENTED_EDGE('',*,*,#4366,.F.);
#1823=ORIENTED_EDGE('',*,*,#4359,.F.);
#1824=ORIENTED_EDGE('',*,*,#4367,.T.);
#1825=CARTESIAN_POINT('',(6.825,-1.1,3.305));
#1826=DIRECTION('',(0.0,-1.0,0.0));
#1827=DIRECTION('',(0.0,0.0,-1.0));
#1828=ORIENTED_EDGE('',*,*,#4368,.T.);
#1829=ORIENTED_EDGE('',*,*,#4369,.T.);
#1830=ORIENTED_EDGE('',*,*,#4346,.T.);
#1831=ORIENTED_EDGE('',*,*,#4360,.F.);
#1832=ORIENTED_EDGE('',*,*,#4370,.T.);
#1833=CARTESIAN_POINT('',(6.325,0.0,0.0));
#1834=DIRECTION('',(1.0,0.0,0.0));
#1835=DIRECTION('',(0.0,1.0,0.0));
#1836=ORIENTED_EDGE('',*,*,#4371,.T.);
#1837=ORIENTED_EDGE('',*,*,#4367,.F.);
#1838=ORIENTED_EDGE('',*,*,#4358,.F.);
#1839=ORIENTED_EDGE('',*,*,#4353,.T.);
#1840=ORIENTED_EDGE('',*,*,#4372,.T.);
#1841=ORIENTED_EDGE('',*,*,#4373,.T.);
#1842=ORIENTED_EDGE('',*,*,#4374,.F.);
#1843=ORIENTED_EDGE('',*,*,#4375,.F.);
#1844=ORIENTED_EDGE('',*,*,#4376,.F.);
#1845=ORIENTED_EDGE('',*,*,#4377,.F.);
#1846=ORIENTED_EDGE('',*,*,#4378,.F.);
#1847=ORIENTED_EDGE('',*,*,#4379,.F.);
#1848=CARTESIAN_POINT('',(6.325,0.0,0.0));
#1849=DIRECTION('',(1.0,0.0,0.0));
#1850=DIRECTION('',(0.0,1.0,0.0));
#1851=ORIENTED_EDGE('',*,*,#4362,.T.);
#1852=ORIENTED_EDGE('',*,*,#4380,.F.);
#1853=ORIENTED_EDGE('',*,*,#4381,.F.);
#1854=ORIENTED_EDGE('',*,*,#4382,.F.);
#1855=ORIENTED_EDGE('',*,*,#4383,.F.);
#1856=ORIENTED_EDGE('',*,*,#4370,.F.);
#1857=CARTESIAN_POINT('',(6.825,1.1,-0.345));
#1858=DIRECTION('',(-0.0,1.0,0.0));
#1859=DIRECTION('',(1.0,0.0,0.0));
#1860=ORIENTED_EDGE('',*,*,#4384,.F.);
#1861=ORIENTED_EDGE('',*,*,#4385,.F.);
#1862=ORIENTED_EDGE('',*,*,#4368,.F.);
#1863=ORIENTED_EDGE('',*,*,#4383,.T.);
#1864=CARTESIAN_POINT('',(6.325,3.43,1.785));
#1865=DIRECTION('',(0.0,0.0,1.0));
#1866=DIRECTION('',(1.0,0.0,0.0));
#1867=ORIENTED_EDGE('',*,*,#4386,.F.);
#1868=ORIENTED_EDGE('',*,*,#4373,.F.);
#1869=ORIENTED_EDGE('',*,*,#4387,.F.);
#1870=ORIENTED_EDGE('',*,*,#4388,.F.);
#1871=ORIENTED_EDGE('',*,*,#4363,.F.);
#1872=ORIENTED_EDGE('',*,*,#4371,.F.);
#1873=CARTESIAN_POINT('',(6.325,3.43,1.785));
#1874=DIRECTION('',(0.0,0.0,1.0));
#1875=DIRECTION('',(1.0,0.0,0.0));
#1876=ORIENTED_EDGE('',*,*,#4389,.T.);
#1877=ORIENTED_EDGE('',*,*,#4390,.F.);
#1878=ORIENTED_EDGE('',*,*,#4391,.F.);
#1879=ORIENTED_EDGE('',*,*,#4320,.T.);
#1880=ORIENTED_EDGE('',*,*,#4392,.F.);
#1881=ORIENTED_EDGE('',*,*,#4393,.T.);
#1882=ORIENTED_EDGE('',*,*,#4347,.F.);
#1883=ORIENTED_EDGE('',*,*,#4369,.F.);
#1884=ORIENTED_EDGE('',*,*,#4385,.T.);
#1885=ORIENTED_EDGE('',*,*,#4394,.F.);
#1886=ORIENTED_EDGE('',*,*,#4395,.T.);
#1887=ORIENTED_EDGE('',*,*,#4396,.T.);
#1888=ORIENTED_EDGE('',*,*,#4397,.F.);
#1889=ORIENTED_EDGE('',*,*,#4398,.F.);
#1890=ORIENTED_EDGE('',*,*,#4399,.T.);
#1891=ORIENTED_EDGE('',*,*,#4400,.F.);
#1892=ORIENTED_EDGE('',*,*,#4401,.F.);
#1893=ORIENTED_EDGE('',*,*,#4402,.T.);
#1894=CARTESIAN_POINT('',(-6.325,3.43,-4.955));
#1895=DIRECTION('',(-0.0,1.0,0.0));
#1896=DIRECTION('',(1.0,0.0,0.0));
#1897=ORIENTED_EDGE('',*,*,#4403,.F.);
#1898=ORIENTED_EDGE('',*,*,#4404,.F.);
#1899=ORIENTED_EDGE('',*,*,#4405,.F.);
#1900=ORIENTED_EDGE('',*,*,#4310,.F.);
#1901=ORIENTED_EDGE('',*,*,#4406,.F.);
#1902=ORIENTED_EDGE('',*,*,#4402,.F.);
#1903=CARTESIAN_POINT('',(-0.7,0.0,0.0));
#1904=DIRECTION('',(1.0,0.0,0.0));
#1905=DIRECTION('',(0.0,1.0,0.0));
#1906=ORIENTED_EDGE('',*,*,#4309,.T.);
#1907=ORIENTED_EDGE('',*,*,#4407,.F.);
#1908=ORIENTED_EDGE('',*,*,#4399,.F.);
#1909=ORIENTED_EDGE('',*,*,#4406,.T.);
#1910=CARTESIAN_POINT('',(-0.7,4.18,1.329177595493));
#1911=DIRECTION('',(-1.0,0.0,-0.0));
#1912=DIRECTION('',(0.0,0.0,-1.0));
#1913=ORIENTED_EDGE('',*,*,#4407,.T.);
#1914=ORIENTED_EDGE('',*,*,#4312,.T.);
#1915=ORIENTED_EDGE('',*,*,#4408,.T.);
#1916=ORIENTED_EDGE('',*,*,#4409,.T.);
#1917=ORIENTED_EDGE('',*,*,#4410,.T.);
#1918=ORIENTED_EDGE('',*,*,#4400,.T.);
#1919=CARTESIAN_POINT('',(0.7,0.0,0.0));
#1920=DIRECTION('',(1.0,0.0,0.0));
#1921=DIRECTION('',(0.0,1.0,0.0));
#1922=ORIENTED_EDGE('',*,*,#4410,.F.);
#1923=ORIENTED_EDGE('',*,*,#4411,.F.);
#1924=ORIENTED_EDGE('',*,*,#4403,.T.);
#1925=ORIENTED_EDGE('',*,*,#4401,.T.);
#1926=CARTESIAN_POINT('',(-0.7,4.83,2.755));
#1927=DIRECTION('',(0.0,0.764433319597122,0.644702799660219));
#1928=DIRECTION('',(1.0,0.0,-0.0));
#1929=ORIENTED_EDGE('',*,*,#4411,.T.);
#1930=ORIENTED_EDGE('',*,*,#4409,.F.);
#1931=ORIENTED_EDGE('',*,*,#4412,.F.);
#1932=ORIENTED_EDGE('',*,*,#4404,.T.);
#1933=CARTESIAN_POINT('',(-0.7,4.83,2.005));
#1934=DIRECTION('',(-0.0,1.0,0.0));
#1935=DIRECTION('',(1.0,0.0,0.0));
#1936=ORIENTED_EDGE('',*,*,#4412,.T.);
#1937=ORIENTED_EDGE('',*,*,#4408,.F.);
#1938=ORIENTED_EDGE('',*,*,#4311,.F.);
#1939=ORIENTED_EDGE('',*,*,#4405,.T.);
#1940=CARTESIAN_POINT('',(-0.7,4.271402007554,2.073587209224));
#1941=DIRECTION('',(0.0,-0.121869343405202,-0.992546151641315));
#1942=DIRECTION('',(0.0,-0.992546151641315,0.121869343405202));
#1943=ORIENTED_EDGE('',*,*,#4413,.T.);
#1944=ORIENTED_EDGE('',*,*,#4414,.F.);
#1945=ORIENTED_EDGE('',*,*,#4415,.T.);
#1946=ORIENTED_EDGE('',*,*,#4398,.T.);
#1947=CARTESIAN_POINT('',(-4.805,3.43,-4.955));
#1948=DIRECTION('',(-1.0,0.0,0.0));
#1949=DIRECTION('',(0.0,0.0,1.0));
#1950=ORIENTED_EDGE('',*,*,#4416,.T.);
#1951=ORIENTED_EDGE('',*,*,#4417,.T.);
#1952=ORIENTED_EDGE('',*,*,#4395,.F.);
#1953=ORIENTED_EDGE('',*,*,#4418,.F.);
#1954=ORIENTED_EDGE('',*,*,#4419,.T.);
#1955=ORIENTED_EDGE('',*,*,#4420,.T.);
#1956=ORIENTED_EDGE('',*,*,#4421,.F.);
#1957=ORIENTED_EDGE('',*,*,#4422,.T.);
#1958=ORIENTED_EDGE('',*,*,#4423,.F.);
#1959=ORIENTED_EDGE('',*,*,#4424,.F.);
#1960=CARTESIAN_POINT('',(-6.325,1.6,-4.955));
#1961=DIRECTION('',(0.0,0.0,-1.0));
#1962=DIRECTION('',(0.0,-1.0,0.0));
#1963=ORIENTED_EDGE('',*,*,#4425,.T.);
#1964=ORIENTED_EDGE('',*,*,#4426,.F.);
#1965=ORIENTED_EDGE('',*,*,#4427,.F.);
#1966=ORIENTED_EDGE('',*,*,#4428,.F.);
#1967=ORIENTED_EDGE('',*,*,#4429,.T.);
#1968=ORIENTED_EDGE('',*,*,#4430,.T.);
#1969=ORIENTED_EDGE('',*,*,#4431,.F.);
#1970=ORIENTED_EDGE('',*,*,#4432,.T.);
#1971=CARTESIAN_POINT('',(-6.325,1.6,-4.955));
#1972=DIRECTION('',(0.0,0.0,-1.0));
#1973=DIRECTION('',(0.0,-1.0,0.0));
#1974=ORIENTED_EDGE('',*,*,#4433,.F.);
#1975=ORIENTED_EDGE('',*,*,#4434,.F.);
#1976=ORIENTED_EDGE('',*,*,#4435,.T.);
#1977=ORIENTED_EDGE('',*,*,#4436,.F.);
#1978=ORIENTED_EDGE('',*,*,#4389,.F.);
#1979=ORIENTED_EDGE('',*,*,#4415,.F.);
#1980=ORIENTED_EDGE('',*,*,#4437,.T.);
#1981=ORIENTED_EDGE('',*,*,#4438,.F.);
#1982=ORIENTED_EDGE('',*,*,#4439,.F.);
#1983=ORIENTED_EDGE('',*,*,#4440,.F.);
#1984=CARTESIAN_POINT('',(-6.325,1.6,-4.955));
#1985=DIRECTION('',(0.0,0.0,-1.0));
#1986=DIRECTION('',(0.0,-1.0,0.0));
#1987=ORIENTED_EDGE('',*,*,#4441,.T.);
#1988=ORIENTED_EDGE('',*,*,#4442,.F.);
#1989=ORIENTED_EDGE('',*,*,#4443,.F.);
#1990=ORIENTED_EDGE('',*,*,#4444,.F.);
#1991=ORIENTED_EDGE('',*,*,#4445,.T.);
#1992=ORIENTED_EDGE('',*,*,#4446,.T.);
#1993=ORIENTED_EDGE('',*,*,#4447,.F.);
#1994=ORIENTED_EDGE('',*,*,#4448,.T.);
#1995=CARTESIAN_POINT('',(-6.325,1.6,-4.955));
#1996=DIRECTION('',(0.0,0.0,-1.0));
#1997=DIRECTION('',(0.0,-1.0,0.0));
#1998=ORIENTED_EDGE('',*,*,#4449,.F.);
#1999=ORIENTED_EDGE('',*,*,#4422,.F.);
#2000=ORIENTED_EDGE('',*,*,#4450,.F.);
#2001=ORIENTED_EDGE('',*,*,#4451,.F.);
#2002=CARTESIAN_POINT('',(3.2985,3.43,-3.955));
#2003=DIRECTION('',(1.0,0.0,0.0));
#2004=DIRECTION('',(0.0,1.0,0.0));
#2005=ORIENTED_EDGE('',*,*,#4452,.T.);
#2006=ORIENTED_EDGE('',*,*,#4453,.F.);
#2007=ORIENTED_EDGE('',*,*,#4454,.F.);
#2008=ORIENTED_EDGE('',*,*,#4455,.F.);
#2009=CARTESIAN_POINT('',(3.2985,3.43,-3.955));
#2010=DIRECTION('',(1.0,0.0,0.0));
#2011=DIRECTION('',(0.0,1.0,0.0));
#2012=ORIENTED_EDGE('',*,*,#4456,.F.);
#2013=ORIENTED_EDGE('',*,*,#4457,.T.);
#2014=ORIENTED_EDGE('',*,*,#4458,.T.);
#2015=ORIENTED_EDGE('',*,*,#4459,.F.);
#2016=ORIENTED_EDGE('',*,*,#4460,.T.);
#2017=ORIENTED_EDGE('',*,*,#4461,.F.);
#2018=CARTESIAN_POINT('',(3.2985,3.43,-3.955));
#2019=DIRECTION('',(1.0,0.0,0.0));
#2020=DIRECTION('',(0.0,1.0,0.0));
#2021=ORIENTED_EDGE('',*,*,#4462,.F.);
#2022=ORIENTED_EDGE('',*,*,#4463,.F.);
#2023=ORIENTED_EDGE('',*,*,#4464,.T.);
#2024=ORIENTED_EDGE('',*,*,#4465,.F.);
#2025=CARTESIAN_POINT('',(3.2985,3.43,-3.955));
#2026=DIRECTION('',(1.0,0.0,0.0));
#2027=DIRECTION('',(0.0,1.0,0.0));
#2028=ORIENTED_EDGE('',*,*,#4466,.T.);
#2029=ORIENTED_EDGE('',*,*,#4451,.T.);
#2030=ORIENTED_EDGE('',*,*,#4467,.F.);
#2031=ORIENTED_EDGE('',*,*,#4468,.F.);
#2032=CARTESIAN_POINT('',(2.7015,3.43,-3.955));
#2033=DIRECTION('',(0.0,0.0,1.0));
#2034=DIRECTION('',(1.0,0.0,0.0));
#2035=ORIENTED_EDGE('',*,*,#4469,.T.);
#2036=ORIENTED_EDGE('',*,*,#4455,.T.);
#2037=ORIENTED_EDGE('',*,*,#4470,.F.);
#2038=ORIENTED_EDGE('',*,*,#4471,.F.);
#2039=CARTESIAN_POINT('',(2.7015,3.43,-3.955));
#2040=DIRECTION('',(0.0,0.0,1.0));
#2041=DIRECTION('',(1.0,0.0,0.0));
#2042=ORIENTED_EDGE('',*,*,#4463,.T.);
#2043=ORIENTED_EDGE('',*,*,#4472,.F.);
#2044=ORIENTED_EDGE('',*,*,#4473,.F.);
#2045=ORIENTED_EDGE('',*,*,#4474,.T.);
#2046=CARTESIAN_POINT('',(2.7015,3.43,-3.955));
#2047=DIRECTION('',(0.0,0.0,1.0));
#2048=DIRECTION('',(1.0,0.0,0.0));
#2049=ORIENTED_EDGE('',*,*,#4459,.T.);
#2050=ORIENTED_EDGE('',*,*,#4475,.F.);
#2051=ORIENTED_EDGE('',*,*,#4476,.F.);
#2052=ORIENTED_EDGE('',*,*,#4477,.T.);
#2053=CARTESIAN_POINT('',(2.7015,3.43,-3.955));
#2054=DIRECTION('',(0.0,0.0,1.0));
#2055=DIRECTION('',(1.0,0.0,0.0));
#2056=ORIENTED_EDGE('',*,*,#4478,.F.);
#2057=ORIENTED_EDGE('',*,*,#4426,.T.);
#2058=ORIENTED_EDGE('',*,*,#4479,.T.);
#2059=ORIENTED_EDGE('',*,*,#4468,.T.);
#2060=CARTESIAN_POINT('',(2.7015,3.43,-4.955));
#2061=DIRECTION('',(-1.0,0.0,0.0));
#2062=DIRECTION('',(0.0,0.0,1.0));
#2063=ORIENTED_EDGE('',*,*,#4480,.F.);
#2064=ORIENTED_EDGE('',*,*,#4481,.T.);
#2065=ORIENTED_EDGE('',*,*,#4482,.T.);
#2066=ORIENTED_EDGE('',*,*,#4471,.T.);
#2067=CARTESIAN_POINT('',(2.7015,3.43,-4.955));
#2068=DIRECTION('',(-1.0,0.0,0.0));
#2069=DIRECTION('',(0.0,0.0,1.0));
#2070=ORIENTED_EDGE('',*,*,#4483,.T.);
#2071=ORIENTED_EDGE('',*,*,#4476,.T.);
#2072=ORIENTED_EDGE('',*,*,#4484,.F.);
#2073=ORIENTED_EDGE('',*,*,#4485,.F.);
#2074=ORIENTED_EDGE('',*,*,#4486,.T.);
#2075=ORIENTED_EDGE('',*,*,#4487,.T.);
#2076=CARTESIAN_POINT('',(2.7015,3.43,-4.955));
#2077=DIRECTION('',(-1.0,0.0,0.0));
#2078=DIRECTION('',(0.0,0.0,1.0));
#2079=ORIENTED_EDGE('',*,*,#4488,.T.);
#2080=ORIENTED_EDGE('',*,*,#4473,.T.);
#2081=ORIENTED_EDGE('',*,*,#4489,.F.);
#2082=ORIENTED_EDGE('',*,*,#4490,.T.);
#2083=CARTESIAN_POINT('',(2.7015,3.43,-4.955));
#2084=DIRECTION('',(-1.0,0.0,0.0));
#2085=DIRECTION('',(0.0,0.0,1.0));
#2086=ORIENTED_EDGE('',*,*,#4437,.F.);
#2087=ORIENTED_EDGE('',*,*,#4414,.T.);
#2088=ORIENTED_EDGE('',*,*,#4491,.T.);
#2089=ORIENTED_EDGE('',*,*,#4492,.T.);
#2090=ORIENTED_EDGE('',*,*,#4416,.F.);
#2091=ORIENTED_EDGE('',*,*,#4449,.T.);
#2092=ORIENTED_EDGE('',*,*,#4466,.F.);
#2093=ORIENTED_EDGE('',*,*,#4479,.F.);
#2094=ORIENTED_EDGE('',*,*,#4425,.F.);
#2095=ORIENTED_EDGE('',*,*,#4493,.T.);
#2096=ORIENTED_EDGE('',*,*,#4494,.F.);
#2097=ORIENTED_EDGE('',*,*,#4495,.F.);
#2098=ORIENTED_EDGE('',*,*,#4441,.F.);
#2099=ORIENTED_EDGE('',*,*,#4496,.T.);
#2100=ORIENTED_EDGE('',*,*,#4497,.F.);
#2101=ORIENTED_EDGE('',*,*,#4498,.F.);
#2102=CARTESIAN_POINT('',(-6.325,3.175,-4.955));
#2103=DIRECTION('',(-0.0,1.0,0.0));
#2104=DIRECTION('',(1.0,0.0,0.0));
#2105=ORIENTED_EDGE('',*,*,#4499,.T.);
#2106=ORIENTED_EDGE('',*,*,#4500,.T.);
#2107=ORIENTED_EDGE('',*,*,#4501,.F.);
#2108=ORIENTED_EDGE('',*,*,#4502,.F.);
#2109=ORIENTED_EDGE('',*,*,#4503,.T.);
#2110=ORIENTED_EDGE('',*,*,#4504,.T.);
#2111=CARTESIAN_POINT('',(-3.2985,3.43,-4.955));
#2112=DIRECTION('',(-1.0,0.0,0.0));
#2113=DIRECTION('',(0.0,0.0,1.0));
#2114=ORIENTED_EDGE('',*,*,#4498,.T.);
#2115=ORIENTED_EDGE('',*,*,#4505,.T.);
#2116=ORIENTED_EDGE('',*,*,#4506,.F.);
#2117=ORIENTED_EDGE('',*,*,#4438,.T.);
#2118=CARTESIAN_POINT('',(-3.2985,3.43,-4.955));
#2119=DIRECTION('',(-1.0,0.0,0.0));
#2120=DIRECTION('',(0.0,0.0,1.0));
#2121=ORIENTED_EDGE('',*,*,#4507,.F.);
#2122=ORIENTED_EDGE('',*,*,#4508,.T.);
#2123=ORIENTED_EDGE('',*,*,#4509,.T.);
#2124=ORIENTED_EDGE('',*,*,#4510,.T.);
#2125=CARTESIAN_POINT('',(-3.2985,3.43,-4.955));
#2126=DIRECTION('',(-1.0,0.0,0.0));
#2127=DIRECTION('',(0.0,0.0,1.0));
#2128=ORIENTED_EDGE('',*,*,#4511,.T.);
#2129=ORIENTED_EDGE('',*,*,#4512,.T.);
#2130=ORIENTED_EDGE('',*,*,#4513,.F.);
#2131=ORIENTED_EDGE('',*,*,#4514,.T.);
#2132=CARTESIAN_POINT('',(-3.2985,3.43,-4.955));
#2133=DIRECTION('',(-1.0,0.0,0.0));
#2134=DIRECTION('',(0.0,0.0,1.0));
#2135=ORIENTED_EDGE('',*,*,#4515,.T.);
#2136=ORIENTED_EDGE('',*,*,#4516,.F.);
#2137=ORIENTED_EDGE('',*,*,#4517,.F.);
#2138=ORIENTED_EDGE('',*,*,#4465,.T.);
#2139=ORIENTED_EDGE('',*,*,#4518,.T.);
#2140=ORIENTED_EDGE('',*,*,#4519,.F.);
#2141=ORIENTED_EDGE('',*,*,#4520,.F.);
#2142=ORIENTED_EDGE('',*,*,#4453,.T.);
#2143=ORIENTED_EDGE('',*,*,#4521,.T.);
#2144=ORIENTED_EDGE('',*,*,#4522,.F.);
#2145=ORIENTED_EDGE('',*,*,#4523,.F.);
#2146=ORIENTED_EDGE('',*,*,#4524,.F.);
#2147=ORIENTED_EDGE('',*,*,#4525,.T.);
#2148=ORIENTED_EDGE('',*,*,#4526,.F.);
#2149=ORIENTED_EDGE('',*,*,#4527,.F.);
#2150=ORIENTED_EDGE('',*,*,#4528,.F.);
#2151=ORIENTED_EDGE('',*,*,#4529,.T.);
#2152=ORIENTED_EDGE('',*,*,#4461,.T.);
#2153=CARTESIAN_POINT('',(-6.325,-2.78,-4.285));
#2154=DIRECTION('',(0.0,0.0,-1.0));
#2155=DIRECTION('',(0.0,-1.0,0.0));
#2156=ORIENTED_EDGE('',*,*,#4530,.T.);
#2157=ORIENTED_EDGE('',*,*,#4531,.F.);
#2158=ORIENTED_EDGE('',*,*,#4532,.F.);
#2159=ORIENTED_EDGE('',*,*,#4533,.T.);
#2160=ORIENTED_EDGE('',*,*,#4534,.T.);
#2161=ORIENTED_EDGE('',*,*,#4535,.F.);
#2162=ORIENTED_EDGE('',*,*,#4536,.F.);
#2163=ORIENTED_EDGE('',*,*,#4537,.T.);
#2164=ORIENTED_EDGE('',*,*,#4538,.T.);
#2165=ORIENTED_EDGE('',*,*,#4539,.F.);
#2166=ORIENTED_EDGE('',*,*,#4540,.F.);
#2167=ORIENTED_EDGE('',*,*,#4541,.F.);
#2168=ORIENTED_EDGE('',*,*,#4542,.T.);
#2169=ORIENTED_EDGE('',*,*,#4481,.F.);
#2170=ORIENTED_EDGE('',*,*,#4543,.F.);
#2171=ORIENTED_EDGE('',*,*,#4544,.T.);
#2172=ORIENTED_EDGE('',*,*,#4545,.T.);
#2173=ORIENTED_EDGE('',*,*,#4490,.F.);
#2174=ORIENTED_EDGE('',*,*,#4546,.F.);
#2175=ORIENTED_EDGE('',*,*,#4547,.T.);
#2176=ORIENTED_EDGE('',*,*,#4548,.T.);
#2177=ORIENTED_EDGE('',*,*,#4487,.F.);
#2178=ORIENTED_EDGE('',*,*,#4549,.T.);
#2179=ORIENTED_EDGE('',*,*,#4550,.T.);
#2180=CARTESIAN_POINT('',(-6.325,-2.78,-4.285));
#2181=DIRECTION('',(0.0,0.0,-1.0));
#2182=DIRECTION('',(0.0,-1.0,0.0));
#2183=ORIENTED_EDGE('',*,*,#4551,.T.);
#2184=ORIENTED_EDGE('',*,*,#4552,.F.);
#2185=ORIENTED_EDGE('',*,*,#4553,.T.);
#2186=ORIENTED_EDGE('',*,*,#4554,.T.);
#2187=ORIENTED_EDGE('',*,*,#4555,.F.);
#2188=ORIENTED_EDGE('',*,*,#4556,.F.);
#2189=ORIENTED_EDGE('',*,*,#4557,.F.);
#2190=ORIENTED_EDGE('',*,*,#4558,.T.);
#2191=ORIENTED_EDGE('',*,*,#4559,.T.);
#2192=ORIENTED_EDGE('',*,*,#4508,.F.);
#2193=ORIENTED_EDGE('',*,*,#4560,.F.);
#2194=ORIENTED_EDGE('',*,*,#4561,.T.);
#2195=ORIENTED_EDGE('',*,*,#4562,.T.);
#2196=ORIENTED_EDGE('',*,*,#4514,.F.);
#2197=ORIENTED_EDGE('',*,*,#4563,.F.);
#2198=ORIENTED_EDGE('',*,*,#4564,.T.);
#2199=ORIENTED_EDGE('',*,*,#4565,.T.);
#2200=ORIENTED_EDGE('',*,*,#4504,.F.);
#2201=CARTESIAN_POINT('',(-6.325,-2.78,-4.285));
#2202=DIRECTION('',(0.0,0.0,-1.0));
#2203=DIRECTION('',(0.0,-1.0,0.0));
#2204=ORIENTED_EDGE('',*,*,#4566,.T.);
#2205=ORIENTED_EDGE('',*,*,#4567,.F.);
#2206=ORIENTED_EDGE('',*,*,#4568,.F.);
#2207=ORIENTED_EDGE('',*,*,#4569,.T.);
#2208=ORIENTED_EDGE('',*,*,#4570,.T.);
#2209=ORIENTED_EDGE('',*,*,#4571,.F.);
#2210=ORIENTED_EDGE('',*,*,#4572,.F.);
#2211=ORIENTED_EDGE('',*,*,#4573,.T.);
#2212=ORIENTED_EDGE('',*,*,#4574,.T.);
#2213=ORIENTED_EDGE('',*,*,#4575,.F.);
#2214=ORIENTED_EDGE('',*,*,#4576,.F.);
#2215=ORIENTED_EDGE('',*,*,#4577,.T.);
#2216=ORIENTED_EDGE('',*,*,#4578,.T.);
#2217=ORIENTED_EDGE('',*,*,#4579,.F.);
#2218=ORIENTED_EDGE('',*,*,#4580,.F.);
#2219=ORIENTED_EDGE('',*,*,#4581,.T.);
#2220=ORIENTED_EDGE('',*,*,#4582,.T.);
#2221=ORIENTED_EDGE('',*,*,#4583,.F.);
#2222=ORIENTED_EDGE('',*,*,#4584,.F.);
#2223=ORIENTED_EDGE('',*,*,#4585,.T.);
#2224=ORIENTED_EDGE('',*,*,#4586,.T.);
#2225=ORIENTED_EDGE('',*,*,#4587,.F.);
#2226=ORIENTED_EDGE('',*,*,#4588,.T.);
#2227=ORIENTED_EDGE('',*,*,#4589,.T.);
#2228=CARTESIAN_POINT('',(-6.325,-2.78,-4.285));
#2229=DIRECTION('',(0.0,0.0,-1.0));
#2230=DIRECTION('',(0.0,-1.0,0.0));
#2231=ORIENTED_EDGE('',*,*,#4529,.F.);
#2232=ORIENTED_EDGE('',*,*,#4590,.F.);
#2233=ORIENTED_EDGE('',*,*,#4591,.T.);
#2234=ORIENTED_EDGE('',*,*,#4456,.T.);
#2235=CARTESIAN_POINT('',(-6.325,-2.78,-4.955));
#2236=DIRECTION('',(-0.0,1.0,0.0));
#2237=DIRECTION('',(1.0,0.0,0.0));
#2238=ORIENTED_EDGE('',*,*,#4549,.F.);
#2239=ORIENTED_EDGE('',*,*,#4486,.F.);
#2240=ORIENTED_EDGE('',*,*,#4592,.T.);
#2241=ORIENTED_EDGE('',*,*,#4593,.T.);
#2242=CARTESIAN_POINT('',(-6.325,-2.78,-4.955));
#2243=DIRECTION('',(-0.0,1.0,0.0));
#2244=DIRECTION('',(1.0,0.0,0.0));
#2245=ORIENTED_EDGE('',*,*,#4594,.T.);
#2246=ORIENTED_EDGE('',*,*,#4595,.F.);
#2247=ORIENTED_EDGE('',*,*,#4551,.F.);
#2248=ORIENTED_EDGE('',*,*,#4503,.F.);
#2249=CARTESIAN_POINT('',(-6.325,-2.78,-4.955));
#2250=DIRECTION('',(-0.0,1.0,0.0));
#2251=DIRECTION('',(1.0,0.0,0.0));
#2252=ORIENTED_EDGE('',*,*,#4588,.F.);
#2253=ORIENTED_EDGE('',*,*,#4596,.F.);
#2254=ORIENTED_EDGE('',*,*,#4597,.T.);
#2255=ORIENTED_EDGE('',*,*,#4598,.T.);
#2256=CARTESIAN_POINT('',(-6.325,-2.78,-4.955));
#2257=DIRECTION('',(-0.0,1.0,0.0));
#2258=DIRECTION('',(1.0,0.0,0.0));
#2259=ORIENTED_EDGE('',*,*,#4591,.F.);
#2260=ORIENTED_EDGE('',*,*,#4599,.F.);
#2261=ORIENTED_EDGE('',*,*,#4600,.T.);
#2262=ORIENTED_EDGE('',*,*,#4601,.T.);
#2263=ORIENTED_EDGE('',*,*,#4602,.T.);
#2264=ORIENTED_EDGE('',*,*,#4457,.F.);
#2265=CARTESIAN_POINT('',(-6.325,-3.94,-4.955));
#2266=DIRECTION('',(0.0,0.0,-1.0));
#2267=DIRECTION('',(0.0,-1.0,0.0));
#2268=ORIENTED_EDGE('',*,*,#4592,.F.);
#2269=ORIENTED_EDGE('',*,*,#4485,.T.);
#2270=ORIENTED_EDGE('',*,*,#4603,.T.);
#2271=ORIENTED_EDGE('',*,*,#4604,.F.);
#2272=CARTESIAN_POINT('',(-6.325,-3.94,-4.955));
#2273=DIRECTION('',(0.0,0.0,-1.0));
#2274=DIRECTION('',(0.0,-1.0,0.0));
#2275=ORIENTED_EDGE('',*,*,#4605,.T.);
#2276=ORIENTED_EDGE('',*,*,#4606,.F.);
#2277=ORIENTED_EDGE('',*,*,#4607,.T.);
#2278=ORIENTED_EDGE('',*,*,#4608,.F.);
#2279=ORIENTED_EDGE('',*,*,#4594,.F.);
#2280=ORIENTED_EDGE('',*,*,#4502,.T.);
#2281=CARTESIAN_POINT('',(-6.325,-3.94,-4.955));
#2282=DIRECTION('',(0.0,0.0,-1.0));
#2283=DIRECTION('',(0.0,-1.0,0.0));
#2284=ORIENTED_EDGE('',*,*,#4597,.F.);
#2285=ORIENTED_EDGE('',*,*,#4609,.T.);
#2286=ORIENTED_EDGE('',*,*,#4610,.T.);
#2287=ORIENTED_EDGE('',*,*,#4611,.F.);
#2288=CARTESIAN_POINT('',(-6.325,-3.94,-4.955));
#2289=DIRECTION('',(0.0,0.0,-1.0));
#2290=DIRECTION('',(0.0,-1.0,0.0));
#2291=ORIENTED_EDGE('',*,*,#4612,.T.);
#2292=ORIENTED_EDGE('',*,*,#4613,.F.);
#2293=ORIENTED_EDGE('',*,*,#4610,.F.);
#2294=ORIENTED_EDGE('',*,*,#4614,.T.);
#2295=ORIENTED_EDGE('',*,*,#4615,.T.);
#2296=ORIENTED_EDGE('',*,*,#4616,.F.);
#2297=ORIENTED_EDGE('',*,*,#4603,.F.);
#2298=ORIENTED_EDGE('',*,*,#4484,.T.);
#2299=ORIENTED_EDGE('',*,*,#4475,.T.);
#2300=ORIENTED_EDGE('',*,*,#4458,.F.);
#2301=ORIENTED_EDGE('',*,*,#4602,.F.);
#2302=ORIENTED_EDGE('',*,*,#4617,.F.);
#2303=ORIENTED_EDGE('',*,*,#4618,.T.);
#2304=ORIENTED_EDGE('',*,*,#4619,.F.);
#2305=ORIENTED_EDGE('',*,*,#4351,.T.);
#2306=ORIENTED_EDGE('',*,*,#4620,.F.);
#2307=ORIENTED_EDGE('',*,*,#4621,.T.);
#2308=ORIENTED_EDGE('',*,*,#4622,.T.);
#2309=ORIENTED_EDGE('',*,*,#4623,.T.);
#2310=ORIENTED_EDGE('',*,*,#4624,.T.);
#2311=ORIENTED_EDGE('',*,*,#4605,.F.);
#2312=ORIENTED_EDGE('',*,*,#4501,.T.);
#2313=ORIENTED_EDGE('',*,*,#4625,.F.);
#2314=ORIENTED_EDGE('',*,*,#4626,.F.);
#2315=ORIENTED_EDGE('',*,*,#4627,.T.);
#2316=ORIENTED_EDGE('',*,*,#4628,.T.);
#2317=ORIENTED_EDGE('',*,*,#4629,.F.);
#2318=ORIENTED_EDGE('',*,*,#4630,.F.);
#2319=ORIENTED_EDGE('',*,*,#4631,.T.);
#2320=ORIENTED_EDGE('',*,*,#4632,.T.);
#2321=CARTESIAN_POINT('',(-6.325,-3.43,4.955));
#2322=DIRECTION('',(0.0,-1.0,0.0));
#2323=DIRECTION('',(0.0,0.0,-1.0));
#2324=ORIENTED_EDGE('',*,*,#4633,.T.);
#2325=ORIENTED_EDGE('',*,*,#4634,.T.);
#2326=ORIENTED_EDGE('',*,*,#4635,.T.);
#2327=ORIENTED_EDGE('',*,*,#4632,.F.);
#2328=CARTESIAN_POINT('',(6.325,2.65,3.355));
#2329=DIRECTION('',(0.0,0.0,1.0));
#2330=DIRECTION('',(1.0,0.0,0.0));
#2331=ORIENTED_EDGE('',*,*,#4636,.T.);
#2332=ORIENTED_EDGE('',*,*,#4637,.T.);
#2333=ORIENTED_EDGE('',*,*,#4638,.T.);
#2334=ORIENTED_EDGE('',*,*,#4628,.F.);
#2335=CARTESIAN_POINT('',(6.325,2.65,3.355));
#2336=DIRECTION('',(0.0,0.0,1.0));
#2337=DIRECTION('',(1.0,0.0,0.0));
#2338=ORIENTED_EDGE('',*,*,#4635,.F.);
#2339=ORIENTED_EDGE('',*,*,#4639,.T.);
#2340=ORIENTED_EDGE('',*,*,#4640,.T.);
#2341=ORIENTED_EDGE('',*,*,#4629,.T.);
#2342=CARTESIAN_POINT('',(-0.475,-3.94,3.355));
#2343=DIRECTION('',(1.0,0.0,0.0));
#2344=DIRECTION('',(0.0,1.0,0.0));
#2345=ORIENTED_EDGE('',*,*,#4640,.F.);
#2346=ORIENTED_EDGE('',*,*,#4641,.F.);
#2347=ORIENTED_EDGE('',*,*,#4642,.F.);
#2348=ORIENTED_EDGE('',*,*,#4630,.T.);
#2349=CARTESIAN_POINT('',(-6.325,-3.43,-3.355));
#2350=DIRECTION('',(0.0,0.0,1.0));
#2351=DIRECTION('',(1.0,0.0,0.0));
#2352=ORIENTED_EDGE('',*,*,#4643,.F.);
#2353=ORIENTED_EDGE('',*,*,#4644,.F.);
#2354=ORIENTED_EDGE('',*,*,#4645,.F.);
#2355=ORIENTED_EDGE('',*,*,#4626,.T.);
#2356=CARTESIAN_POINT('',(-6.325,-3.43,-3.355));
#2357=DIRECTION('',(0.0,0.0,1.0));
#2358=DIRECTION('',(1.0,0.0,0.0));
#2359=ORIENTED_EDGE('',*,*,#4642,.T.);
#2360=ORIENTED_EDGE('',*,*,#4646,.F.);
#2361=ORIENTED_EDGE('',*,*,#4633,.F.);
#2362=ORIENTED_EDGE('',*,*,#4631,.F.);
#2363=CARTESIAN_POINT('',(-1.475,-3.43,3.355));
#2364=DIRECTION('',(-1.0,0.0,0.0));
#2365=DIRECTION('',(0.0,0.0,1.0));
#2366=ORIENTED_EDGE('',*,*,#4646,.T.);
#2367=ORIENTED_EDGE('',*,*,#4641,.T.);
#2368=ORIENTED_EDGE('',*,*,#4639,.F.);
#2369=ORIENTED_EDGE('',*,*,#4634,.F.);
#2370=CARTESIAN_POINT('',(-1.475,-3.94,3.355));
#2371=DIRECTION('',(0.0,-1.0,0.0));
#2372=DIRECTION('',(0.0,0.0,-1.0));
#2373=ORIENTED_EDGE('',*,*,#4645,.T.);
#2374=ORIENTED_EDGE('',*,*,#4647,.F.);
#2375=ORIENTED_EDGE('',*,*,#4636,.F.);
#2376=ORIENTED_EDGE('',*,*,#4627,.F.);
#2377=CARTESIAN_POINT('',(0.475,-3.43,3.355));
#2378=DIRECTION('',(-1.0,0.0,0.0));
#2379=DIRECTION('',(0.0,0.0,1.0));
#2380=ORIENTED_EDGE('',*,*,#4647,.T.);
#2381=ORIENTED_EDGE('',*,*,#4644,.T.);
#2382=ORIENTED_EDGE('',*,*,#4648,.F.);
#2383=ORIENTED_EDGE('',*,*,#4637,.F.);
#2384=CARTESIAN_POINT('',(0.475,-3.94,3.355));
#2385=DIRECTION('',(0.0,-1.0,0.0));
#2386=DIRECTION('',(0.0,0.0,-1.0));
#2387=ORIENTED_EDGE('',*,*,#4638,.F.);
#2388=ORIENTED_EDGE('',*,*,#4648,.T.);
#2389=ORIENTED_EDGE('',*,*,#4643,.T.);
#2390=ORIENTED_EDGE('',*,*,#4625,.T.);
#2391=CARTESIAN_POINT('',(1.475,-3.94,3.355));
#2392=DIRECTION('',(1.0,0.0,0.0));
#2393=DIRECTION('',(0.0,1.0,0.0));
#2394=ORIENTED_EDGE('',*,*,#4649,.T.);
#2395=ORIENTED_EDGE('',*,*,#4606,.T.);
#2396=ORIENTED_EDGE('',*,*,#4624,.F.);
#2397=ORIENTED_EDGE('',*,*,#4650,.F.);
#2398=CARTESIAN_POINT('',(-5.375,-3.43,-3.355));
#2399=DIRECTION('',(-1.0,0.0,0.0));
#2400=DIRECTION('',(0.0,0.0,1.0));
#2401=ORIENTED_EDGE('',*,*,#4651,.F.);
#2402=ORIENTED_EDGE('',*,*,#4652,.T.);
#2403=ORIENTED_EDGE('',*,*,#4653,.T.);
#2404=ORIENTED_EDGE('',*,*,#4618,.F.);
#2405=ORIENTED_EDGE('',*,*,#4654,.F.);
#2406=CARTESIAN_POINT('',(-6.325,-3.43,-3.355));
#2407=DIRECTION('',(0.0,0.0,1.0));
#2408=DIRECTION('',(1.0,0.0,0.0));
#2409=ORIENTED_EDGE('',*,*,#4623,.F.);
#2410=ORIENTED_EDGE('',*,*,#4655,.T.);
#2411=ORIENTED_EDGE('',*,*,#4656,.F.);
#2412=ORIENTED_EDGE('',*,*,#4657,.F.);
#2413=ORIENTED_EDGE('',*,*,#4650,.T.);
#2414=CARTESIAN_POINT('',(-6.325,-3.43,-3.355));
#2415=DIRECTION('',(0.0,0.0,1.0));
#2416=DIRECTION('',(1.0,0.0,0.0));
#2417=ORIENTED_EDGE('',*,*,#4617,.T.);
#2418=ORIENTED_EDGE('',*,*,#4601,.F.);
#2419=ORIENTED_EDGE('',*,*,#4658,.F.);
#2420=ORIENTED_EDGE('',*,*,#4654,.T.);
#2421=CARTESIAN_POINT('',(5.375,-3.94,-3.355));
#2422=DIRECTION('',(1.0,0.0,0.0));
#2423=DIRECTION('',(0.0,1.0,0.0));
#2424=ORIENTED_EDGE('',*,*,#4600,.F.);
#2425=ORIENTED_EDGE('',*,*,#4659,.F.);
#2426=ORIENTED_EDGE('',*,*,#4651,.T.);
#2427=ORIENTED_EDGE('',*,*,#4658,.T.);
#2428=CARTESIAN_POINT('',(-6.325,-3.94,-3.355));
#2429=DIRECTION('',(0.0,-1.0,0.0));
#2430=DIRECTION('',(0.0,0.0,-1.0));
#2431=ORIENTED_EDGE('',*,*,#4657,.T.);
#2432=ORIENTED_EDGE('',*,*,#4660,.F.);
#2433=ORIENTED_EDGE('',*,*,#4607,.F.);
#2434=ORIENTED_EDGE('',*,*,#4649,.F.);
#2435=CARTESIAN_POINT('',(-6.325,-3.94,-3.355));
#2436=DIRECTION('',(0.0,-1.0,0.0));
#2437=DIRECTION('',(0.0,0.0,-1.0));
#2438=ORIENTED_EDGE('',*,*,#4388,.T.);
#2439=ORIENTED_EDGE('',*,*,#4661,.T.);
#2440=ORIENTED_EDGE('',*,*,#4652,.F.);
#2441=ORIENTED_EDGE('',*,*,#4659,.T.);
#2442=ORIENTED_EDGE('',*,*,#4599,.T.);
#2443=ORIENTED_EDGE('',*,*,#4590,.T.);
#2444=ORIENTED_EDGE('',*,*,#4528,.T.);
#2445=ORIENTED_EDGE('',*,*,#4662,.F.);
#2446=ORIENTED_EDGE('',*,*,#4663,.F.);
#2447=ORIENTED_EDGE('',*,*,#4664,.F.);
#2448=ORIENTED_EDGE('',*,*,#4524,.T.);
#2449=ORIENTED_EDGE('',*,*,#4665,.T.);
#2450=ORIENTED_EDGE('',*,*,#4418,.T.);
#2451=ORIENTED_EDGE('',*,*,#4394,.T.);
#2452=ORIENTED_EDGE('',*,*,#4384,.T.);
#2453=ORIENTED_EDGE('',*,*,#4382,.T.);
#2454=ORIENTED_EDGE('',*,*,#4666,.F.);
#2455=ORIENTED_EDGE('',*,*,#4667,.F.);
#2456=ORIENTED_EDGE('',*,*,#4668,.F.);
#2457=ORIENTED_EDGE('',*,*,#4669,.F.);
#2458=ORIENTED_EDGE('',*,*,#4670,.F.);
#2459=ORIENTED_EDGE('',*,*,#4364,.F.);
#2460=CARTESIAN_POINT('',(6.575,0.0,0.0));
#2461=DIRECTION('',(1.0,0.0,0.0));
#2462=DIRECTION('',(0.0,1.0,0.0));
#2463=ORIENTED_EDGE('',*,*,#4670,.T.);
#2464=ORIENTED_EDGE('',*,*,#4671,.T.);
#2465=ORIENTED_EDGE('',*,*,#4672,.F.);
#2466=ORIENTED_EDGE('',*,*,#4365,.F.);
#2467=CARTESIAN_POINT('',(6.825,-1.1,-0.345));
#2468=DIRECTION('',(0.0,0.0,-1.0));
#2469=DIRECTION('',(0.0,-1.0,0.0));
#2470=ORIENTED_EDGE('',*,*,#4354,.T.);
#2471=ORIENTED_EDGE('',*,*,#4673,.F.);
#2472=ORIENTED_EDGE('',*,*,#4343,.F.);
#2473=ORIENTED_EDGE('',*,*,#4357,.F.);
#2474=ORIENTED_EDGE('',*,*,#4366,.T.);
#2475=ORIENTED_EDGE('',*,*,#4672,.T.);
#2476=ORIENTED_EDGE('',*,*,#4674,.T.);
#2477=ORIENTED_EDGE('',*,*,#4675,.T.);
#2478=ORIENTED_EDGE('',*,*,#4676,.T.);
#2479=ORIENTED_EDGE('',*,*,#4677,.T.);
#2480=ORIENTED_EDGE('',*,*,#4380,.T.);
#2481=ORIENTED_EDGE('',*,*,#4361,.F.);
#2482=CARTESIAN_POINT('',(4.925,2.65,3.305));
#2483=DIRECTION('',(-1.0,0.0,0.0));
#2484=DIRECTION('',(0.0,0.0,1.0));
#2485=ORIENTED_EDGE('',*,*,#4666,.T.);
#2486=ORIENTED_EDGE('',*,*,#4381,.T.);
#2487=ORIENTED_EDGE('',*,*,#4677,.F.);
#2488=ORIENTED_EDGE('',*,*,#4678,.F.);
#2489=CARTESIAN_POINT('',(6.825,0.575,-0.345));
#2490=DIRECTION('',(0.0,0.0,-1.0));
#2491=DIRECTION('',(0.0,-1.0,0.0));
#2492=ORIENTED_EDGE('',*,*,#4667,.T.);
#2493=ORIENTED_EDGE('',*,*,#4678,.T.);
#2494=ORIENTED_EDGE('',*,*,#4676,.F.);
#2495=ORIENTED_EDGE('',*,*,#4679,.F.);
#2496=CARTESIAN_POINT('',(6.825,0.575,-2.845));
#2497=DIRECTION('',(-0.0,1.0,0.0));
#2498=DIRECTION('',(1.0,0.0,0.0));
#2499=ORIENTED_EDGE('',*,*,#4668,.T.);
#2500=ORIENTED_EDGE('',*,*,#4679,.T.);
#2501=ORIENTED_EDGE('',*,*,#4675,.F.);
#2502=ORIENTED_EDGE('',*,*,#4680,.F.);
#2503=CARTESIAN_POINT('',(6.825,-0.575,-2.845));
#2504=DIRECTION('',(0.0,0.0,-1.0));
#2505=DIRECTION('',(0.0,-1.0,0.0));
#2506=ORIENTED_EDGE('',*,*,#4669,.T.);
#2507=ORIENTED_EDGE('',*,*,#4680,.T.);
#2508=ORIENTED_EDGE('',*,*,#4674,.F.);
#2509=ORIENTED_EDGE('',*,*,#4671,.F.);
#2510=CARTESIAN_POINT('',(6.825,-0.575,-0.345));
#2511=DIRECTION('',(0.0,-1.0,0.0));
#2512=DIRECTION('',(0.0,0.0,-1.0));
#2513=ORIENTED_EDGE('',*,*,#4348,.F.);
#2514=ORIENTED_EDGE('',*,*,#4393,.F.);
#2515=ORIENTED_EDGE('',*,*,#4681,.T.);
#2516=ORIENTED_EDGE('',*,*,#4329,.F.);
#2517=ORIENTED_EDGE('',*,*,#4682,.T.);
#2518=ORIENTED_EDGE('',*,*,#4620,.T.);
#2519=ORIENTED_EDGE('',*,*,#4350,.F.);
#2520=ORIENTED_EDGE('',*,*,#4673,.T.);
#2521=ORIENTED_EDGE('',*,*,#4683,.F.);
#2522=ORIENTED_EDGE('',*,*,#4684,.F.);
#2523=ORIENTED_EDGE('',*,*,#4685,.F.);
#2524=ORIENTED_EDGE('',*,*,#4686,.F.);
#2525=ORIENTED_EDGE('',*,*,#4687,.F.);
#2526=ORIENTED_EDGE('',*,*,#4688,.F.);
#2527=ORIENTED_EDGE('',*,*,#4689,.F.);
#2528=ORIENTED_EDGE('',*,*,#4690,.F.);
#2529=ORIENTED_EDGE('',*,*,#4691,.F.);
#2530=ORIENTED_EDGE('',*,*,#4692,.F.);
#2531=ORIENTED_EDGE('',*,*,#4693,.F.);
#2532=ORIENTED_EDGE('',*,*,#4694,.F.);
#2533=ORIENTED_EDGE('',*,*,#4695,.F.);
#2534=ORIENTED_EDGE('',*,*,#4696,.F.);
#2535=ORIENTED_EDGE('',*,*,#4697,.F.);
#2536=ORIENTED_EDGE('',*,*,#4698,.F.);
#2537=ORIENTED_EDGE('',*,*,#4699,.F.);
#2538=ORIENTED_EDGE('',*,*,#4700,.F.);
#2539=ORIENTED_EDGE('',*,*,#4701,.F.);
#2540=ORIENTED_EDGE('',*,*,#4702,.F.);
#2541=ORIENTED_EDGE('',*,*,#4703,.F.);
#2542=ORIENTED_EDGE('',*,*,#4704,.F.);
#2543=ORIENTED_EDGE('',*,*,#4705,.F.);
#2544=ORIENTED_EDGE('',*,*,#4706,.F.);
#2545=ORIENTED_EDGE('',*,*,#4707,.F.);
#2546=ORIENTED_EDGE('',*,*,#4708,.F.);
#2547=ORIENTED_EDGE('',*,*,#4709,.F.);
#2548=ORIENTED_EDGE('',*,*,#4710,.F.);
#2549=ORIENTED_EDGE('',*,*,#4711,.F.);
#2550=ORIENTED_EDGE('',*,*,#4712,.F.);
#2551=CARTESIAN_POINT('',(-6.325,3.43,4.955));
#2552=DIRECTION('',(0.0,0.0,1.0));
#2553=DIRECTION('',(1.0,0.0,0.0));
#2554=ORIENTED_EDGE('',*,*,#4681,.F.);
#2555=ORIENTED_EDGE('',*,*,#4392,.T.);
#2556=ORIENTED_EDGE('',*,*,#4319,.T.);
#2557=ORIENTED_EDGE('',*,*,#4356,.F.);
#2558=CARTESIAN_POINT('',(-4.925,3.43,4.955));
#2559=DIRECTION('',(0.762509135372793,0.0,-0.646977448195094));
#2560=DIRECTION('',(0.0,-1.0,0.0));
#2561=ORIENTED_EDGE('',*,*,#4315,.T.);
#2562=ORIENTED_EDGE('',*,*,#4713,.T.);
#2563=ORIENTED_EDGE('',*,*,#4621,.F.);
#2564=ORIENTED_EDGE('',*,*,#4682,.F.);
#2565=ORIENTED_EDGE('',*,*,#4345,.T.);
#2566=CARTESIAN_POINT('',(-4.925,3.43,4.955));
#2567=DIRECTION('',(0.762509135372793,0.0,-0.646977448195094));
#2568=DIRECTION('',(0.0,-1.0,0.0));
#2569=ORIENTED_EDGE('',*,*,#4714,.T.);
#2570=ORIENTED_EDGE('',*,*,#4655,.F.);
#2571=ORIENTED_EDGE('',*,*,#4622,.F.);
#2572=ORIENTED_EDGE('',*,*,#4713,.F.);
#2573=ORIENTED_EDGE('',*,*,#4314,.T.);
#2574=ORIENTED_EDGE('',*,*,#4715,.F.);
#2575=CARTESIAN_POINT('',(-6.325,-3.05,4.955));
#2576=DIRECTION('',(0.374606593415897,0.927183854566793,0.0));
#2577=DIRECTION('',(0.0,0.0,-1.0));
#2578=ORIENTED_EDGE('',*,*,#4716,.F.);
#2579=ORIENTED_EDGE('',*,*,#4715,.T.);
#2580=ORIENTED_EDGE('',*,*,#4313,.T.);
#2581=ORIENTED_EDGE('',*,*,#4325,.T.);
#2582=CARTESIAN_POINT('',(-6.325,-3.94,1.785));
#2583=DIRECTION('',(0.0,0.0,1.0));
#2584=DIRECTION('',(1.0,0.0,0.0));
#2585=ORIENTED_EDGE('',*,*,#4321,.T.);
#2586=ORIENTED_EDGE('',*,*,#4391,.T.);
#2587=ORIENTED_EDGE('',*,*,#4717,.F.);
#2588=ORIENTED_EDGE('',*,*,#4718,.F.);
#2589=CARTESIAN_POINT('',(-6.325,-3.94,1.785));
#2590=DIRECTION('',(0.0,0.0,1.0));
#2591=DIRECTION('',(1.0,0.0,0.0));
#2592=ORIENTED_EDGE('',*,*,#4719,.T.);
#2593=ORIENTED_EDGE('',*,*,#4720,.T.);
#2594=ORIENTED_EDGE('',*,*,#4721,.T.);
#2595=ORIENTED_EDGE('',*,*,#4722,.T.);
#2596=ORIENTED_EDGE('',*,*,#4723,.T.);
#2597=ORIENTED_EDGE('',*,*,#4724,.F.);
#2598=ORIENTED_EDGE('',*,*,#4717,.T.);
#2599=ORIENTED_EDGE('',*,*,#4390,.T.);
#2600=ORIENTED_EDGE('',*,*,#4436,.T.);
#2601=ORIENTED_EDGE('',*,*,#4725,.T.);
#2602=ORIENTED_EDGE('',*,*,#4556,.T.);
#2603=ORIENTED_EDGE('',*,*,#4726,.T.);
#2604=ORIENTED_EDGE('',*,*,#4727,.T.);
#2605=ORIENTED_EDGE('',*,*,#4728,.T.);
#2606=ORIENTED_EDGE('',*,*,#4552,.T.);
#2607=ORIENTED_EDGE('',*,*,#4595,.T.);
#2608=ORIENTED_EDGE('',*,*,#4608,.T.);
#2609=ORIENTED_EDGE('',*,*,#4660,.T.);
#2610=ORIENTED_EDGE('',*,*,#4656,.T.);
#2611=ORIENTED_EDGE('',*,*,#4714,.F.);
#2612=ORIENTED_EDGE('',*,*,#4716,.T.);
#2613=ORIENTED_EDGE('',*,*,#4324,.T.);
#2614=CARTESIAN_POINT('',(-6.575,0.0,0.0));
#2615=DIRECTION('',(-1.0,0.0,0.0));
#2616=DIRECTION('',(0.0,0.0,1.0));
#2617=ORIENTED_EDGE('',*,*,#4728,.F.);
#2618=ORIENTED_EDGE('',*,*,#4729,.T.);
#2619=ORIENTED_EDGE('',*,*,#4730,.T.);
#2620=ORIENTED_EDGE('',*,*,#4553,.F.);
#2621=CARTESIAN_POINT('',(-6.575,-0.95,-3.685));
#2622=DIRECTION('',(-0.0,1.0,0.0));
#2623=DIRECTION('',(1.0,0.0,0.0));
#2624=ORIENTED_EDGE('',*,*,#4730,.F.);
#2625=ORIENTED_EDGE('',*,*,#4731,.F.);
#2626=ORIENTED_EDGE('',*,*,#4732,.F.);
#2627=ORIENTED_EDGE('',*,*,#4554,.F.);
#2628=CARTESIAN_POINT('',(-5.575,0.0,0.0));
#2629=DIRECTION('',(1.0,0.0,0.0));
#2630=DIRECTION('',(0.0,1.0,0.0));
#2631=ORIENTED_EDGE('',*,*,#4732,.T.);
#2632=ORIENTED_EDGE('',*,*,#4733,.F.);
#2633=ORIENTED_EDGE('',*,*,#4726,.F.);
#2634=ORIENTED_EDGE('',*,*,#4555,.T.);
#2635=CARTESIAN_POINT('',(-6.575,0.95,-4.285));
#2636=DIRECTION('',(0.0,-1.0,0.0));
#2637=DIRECTION('',(0.0,0.0,-1.0));
#2638=ORIENTED_EDGE('',*,*,#4731,.T.);
#2639=ORIENTED_EDGE('',*,*,#4729,.F.);
#2640=ORIENTED_EDGE('',*,*,#4727,.F.);
#2641=ORIENTED_EDGE('',*,*,#4733,.T.);
#2642=CARTESIAN_POINT('',(-6.575,0.95,-3.685));
#2643=DIRECTION('',(0.0,0.0,-1.0));
#2644=DIRECTION('',(0.0,-1.0,0.0));
#2645=ORIENTED_EDGE('',*,*,#4665,.F.);
#2646=ORIENTED_EDGE('',*,*,#4523,.T.);
#2647=ORIENTED_EDGE('',*,*,#4734,.T.);
#2648=ORIENTED_EDGE('',*,*,#4419,.F.);
#2649=CARTESIAN_POINT('',(-6.325,1.6,-4.285));
#2650=DIRECTION('',(0.0,-1.0,0.0));
#2651=DIRECTION('',(0.0,0.0,-1.0));
#2652=ORIENTED_EDGE('',*,*,#4735,.F.);
#2653=ORIENTED_EDGE('',*,*,#4540,.T.);
#2654=ORIENTED_EDGE('',*,*,#4736,.T.);
#2655=ORIENTED_EDGE('',*,*,#4429,.F.);
#2656=CARTESIAN_POINT('',(-6.325,1.6,-4.285));
#2657=DIRECTION('',(0.0,-1.0,0.0));
#2658=DIRECTION('',(0.0,0.0,-1.0));
#2659=ORIENTED_EDGE('',*,*,#4737,.F.);
#2660=ORIENTED_EDGE('',*,*,#4576,.T.);
#2661=ORIENTED_EDGE('',*,*,#4738,.T.);
#2662=ORIENTED_EDGE('',*,*,#4445,.F.);
#2663=CARTESIAN_POINT('',(-6.325,1.6,-4.285));
#2664=DIRECTION('',(0.0,-1.0,0.0));
#2665=DIRECTION('',(0.0,0.0,-1.0));
#2666=ORIENTED_EDGE('',*,*,#4739,.F.);
#2667=ORIENTED_EDGE('',*,*,#4557,.T.);
#2668=ORIENTED_EDGE('',*,*,#4725,.F.);
#2669=ORIENTED_EDGE('',*,*,#4435,.F.);
#2670=CARTESIAN_POINT('',(-6.325,1.6,-4.285));
#2671=DIRECTION('',(0.0,-1.0,0.0));
#2672=DIRECTION('',(0.0,0.0,-1.0));
#2673=ORIENTED_EDGE('',*,*,#4519,.T.);
#2674=ORIENTED_EDGE('',*,*,#4740,.T.);
#2675=ORIENTED_EDGE('',*,*,#4741,.T.);
#2676=ORIENTED_EDGE('',*,*,#4742,.T.);
#2677=CARTESIAN_POINT('',(3.32,0.0,0.0));
#2678=DIRECTION('',(1.0,0.0,0.0));
#2679=DIRECTION('',(0.0,1.0,0.0));
#2680=ORIENTED_EDGE('',*,*,#4743,.T.);
#2681=ORIENTED_EDGE('',*,*,#4744,.T.);
#2682=ORIENTED_EDGE('',*,*,#4745,.T.);
#2683=ORIENTED_EDGE('',*,*,#4746,.T.);
#2684=CARTESIAN_POINT('',(3.32,0.0,0.0));
#2685=DIRECTION('',(1.0,0.0,0.0));
#2686=DIRECTION('',(0.0,1.0,0.0));
#2687=ORIENTED_EDGE('',*,*,#4420,.F.);
#2688=ORIENTED_EDGE('',*,*,#4734,.F.);
#2689=ORIENTED_EDGE('',*,*,#4522,.T.);
#2690=ORIENTED_EDGE('',*,*,#4747,.T.);
#2691=ORIENTED_EDGE('',*,*,#4748,.T.);
#2692=ORIENTED_EDGE('',*,*,#4749,.T.);
#2693=ORIENTED_EDGE('',*,*,#4750,.T.);
#2694=ORIENTED_EDGE('',*,*,#4751,.T.);
#2695=ORIENTED_EDGE('',*,*,#4752,.T.);
#2696=ORIENTED_EDGE('',*,*,#4753,.T.);
#2697=ORIENTED_EDGE('',*,*,#4754,.T.);
#2698=ORIENTED_EDGE('',*,*,#4755,.T.);
#2699=CARTESIAN_POINT('',(3.32,0.0,0.0));
#2700=DIRECTION('',(1.0,0.0,0.0));
#2701=DIRECTION('',(0.0,1.0,0.0));
#2702=ORIENTED_EDGE('',*,*,#4756,.T.);
#2703=ORIENTED_EDGE('',*,*,#4757,.T.);
#2704=ORIENTED_EDGE('',*,*,#4758,.T.);
#2705=ORIENTED_EDGE('',*,*,#4759,.T.);
#2706=CARTESIAN_POINT('',(3.32,0.0,0.0));
#2707=DIRECTION('',(1.0,0.0,0.0));
#2708=DIRECTION('',(0.0,1.0,0.0));
#2709=ORIENTED_EDGE('',*,*,#4516,.T.);
#2710=ORIENTED_EDGE('',*,*,#4760,.T.);
#2711=ORIENTED_EDGE('',*,*,#4761,.T.);
#2712=ORIENTED_EDGE('',*,*,#4762,.T.);
#2713=ORIENTED_EDGE('',*,*,#4763,.T.);
#2714=ORIENTED_EDGE('',*,*,#4764,.T.);
#2715=ORIENTED_EDGE('',*,*,#4765,.T.);
#2716=ORIENTED_EDGE('',*,*,#4766,.T.);
#2717=ORIENTED_EDGE('',*,*,#4767,.T.);
#2718=ORIENTED_EDGE('',*,*,#4768,.T.);
#2719=CARTESIAN_POINT('',(3.32,0.0,0.0));
#2720=DIRECTION('',(1.0,0.0,0.0));
#2721=DIRECTION('',(0.0,1.0,0.0));
#2722=ORIENTED_EDGE('',*,*,#4769,.T.);
#2723=ORIENTED_EDGE('',*,*,#4770,.T.);
#2724=ORIENTED_EDGE('',*,*,#4543,.T.);
#2725=ORIENTED_EDGE('',*,*,#4480,.T.);
#2726=ORIENTED_EDGE('',*,*,#4470,.T.);
#2727=ORIENTED_EDGE('',*,*,#4454,.T.);
#2728=ORIENTED_EDGE('',*,*,#4520,.T.);
#2729=ORIENTED_EDGE('',*,*,#4742,.F.);
#2730=CARTESIAN_POINT('',(3.32,0.35,-4.955));
#2731=DIRECTION('',(-0.0,1.0,0.0));
#2732=DIRECTION('',(1.0,0.0,0.0));
#2733=ORIENTED_EDGE('',*,*,#4735,.T.);
#2734=ORIENTED_EDGE('',*,*,#4428,.T.);
#2735=ORIENTED_EDGE('',*,*,#4771,.F.);
#2736=ORIENTED_EDGE('',*,*,#4772,.F.);
#2737=ORIENTED_EDGE('',*,*,#4773,.F.);
#2738=ORIENTED_EDGE('',*,*,#4774,.F.);
#2739=ORIENTED_EDGE('',*,*,#4775,.F.);
#2740=ORIENTED_EDGE('',*,*,#4776,.F.);
#2741=ORIENTED_EDGE('',*,*,#4777,.F.);
#2742=ORIENTED_EDGE('',*,*,#4778,.F.);
#2743=ORIENTED_EDGE('',*,*,#4779,.F.);
#2744=ORIENTED_EDGE('',*,*,#4541,.T.);
#2745=CARTESIAN_POINT('',(2.68,0.0,0.0));
#2746=DIRECTION('',(1.0,0.0,0.0));
#2747=DIRECTION('',(0.0,1.0,0.0));
#2748=ORIENTED_EDGE('',*,*,#4780,.F.);
#2749=ORIENTED_EDGE('',*,*,#4781,.F.);
#2750=ORIENTED_EDGE('',*,*,#4544,.F.);
#2751=ORIENTED_EDGE('',*,*,#4770,.F.);
#2752=CARTESIAN_POINT('',(2.68,0.0,0.0));
#2753=DIRECTION('',(1.0,0.0,0.0));
#2754=DIRECTION('',(0.0,1.0,0.0));
#2755=ORIENTED_EDGE('',*,*,#4782,.F.);
#2756=ORIENTED_EDGE('',*,*,#4783,.F.);
#2757=ORIENTED_EDGE('',*,*,#4784,.F.);
#2758=ORIENTED_EDGE('',*,*,#4785,.F.);
#2759=CARTESIAN_POINT('',(2.68,0.0,0.0));
#2760=DIRECTION('',(1.0,0.0,0.0));
#2761=DIRECTION('',(0.0,1.0,0.0));
#2762=ORIENTED_EDGE('',*,*,#4786,.F.);
#2763=ORIENTED_EDGE('',*,*,#4787,.F.);
#2764=ORIENTED_EDGE('',*,*,#4788,.F.);
#2765=ORIENTED_EDGE('',*,*,#4789,.F.);
#2766=CARTESIAN_POINT('',(2.68,0.0,0.0));
#2767=DIRECTION('',(1.0,0.0,0.0));
#2768=DIRECTION('',(0.0,1.0,0.0));
#2769=ORIENTED_EDGE('',*,*,#4790,.F.);
#2770=ORIENTED_EDGE('',*,*,#4791,.F.);
#2771=ORIENTED_EDGE('',*,*,#4792,.F.);
#2772=ORIENTED_EDGE('',*,*,#4793,.F.);
#2773=ORIENTED_EDGE('',*,*,#4794,.F.);
#2774=ORIENTED_EDGE('',*,*,#4795,.F.);
#2775=ORIENTED_EDGE('',*,*,#4796,.F.);
#2776=ORIENTED_EDGE('',*,*,#4797,.F.);
#2777=ORIENTED_EDGE('',*,*,#4547,.F.);
#2778=ORIENTED_EDGE('',*,*,#4798,.F.);
#2779=CARTESIAN_POINT('',(2.68,0.0,0.0));
#2780=DIRECTION('',(1.0,0.0,0.0));
#2781=DIRECTION('',(0.0,1.0,0.0));
#2782=ORIENTED_EDGE('',*,*,#4799,.T.);
#2783=ORIENTED_EDGE('',*,*,#4785,.T.);
#2784=ORIENTED_EDGE('',*,*,#4800,.T.);
#2785=ORIENTED_EDGE('',*,*,#4746,.F.);
#2786=CARTESIAN_POINT('',(3.32,1.21,2.555));
#2787=DIRECTION('',(0.0,-1.0,0.0));
#2788=DIRECTION('',(0.0,0.0,-1.0));
#2789=ORIENTED_EDGE('',*,*,#4542,.F.);
#2790=ORIENTED_EDGE('',*,*,#4779,.T.);
#2791=ORIENTED_EDGE('',*,*,#4801,.F.);
#2792=ORIENTED_EDGE('',*,*,#4747,.F.);
#2793=ORIENTED_EDGE('',*,*,#4521,.F.);
#2794=ORIENTED_EDGE('',*,*,#4452,.F.);
#2795=ORIENTED_EDGE('',*,*,#4469,.F.);
#2796=ORIENTED_EDGE('',*,*,#4482,.F.);
#2797=CARTESIAN_POINT('',(3.32,1.21,2.555));
#2798=DIRECTION('',(0.0,-1.0,0.0));
#2799=DIRECTION('',(0.0,0.0,-1.0));
#2800=ORIENTED_EDGE('',*,*,#4802,.T.);
#2801=ORIENTED_EDGE('',*,*,#4803,.T.);
#2802=ORIENTED_EDGE('',*,*,#4804,.T.);
#2803=ORIENTED_EDGE('',*,*,#4805,.T.);
#2804=ORIENTED_EDGE('',*,*,#4806,.T.);
#2805=ORIENTED_EDGE('',*,*,#4800,.F.);
#2806=ORIENTED_EDGE('',*,*,#4784,.T.);
#2807=ORIENTED_EDGE('',*,*,#4807,.T.);
#2808=ORIENTED_EDGE('',*,*,#4743,.F.);
#2809=CARTESIAN_POINT('',(-6.325,3.43,-1.645));
#2810=DIRECTION('',(0.0,0.0,1.0));
#2811=DIRECTION('',(1.0,0.0,0.0));
#2812=ORIENTED_EDGE('',*,*,#4808,.T.);
#2813=ORIENTED_EDGE('',*,*,#4809,.T.);
#2814=ORIENTED_EDGE('',*,*,#4810,.T.);
#2815=ORIENTED_EDGE('',*,*,#4811,.T.);
#2816=ORIENTED_EDGE('',*,*,#4812,.T.);
#2817=ORIENTED_EDGE('',*,*,#4813,.F.);
#2818=ORIENTED_EDGE('',*,*,#4788,.T.);
#2819=ORIENTED_EDGE('',*,*,#4814,.T.);
#2820=ORIENTED_EDGE('',*,*,#4756,.F.);
#2821=CARTESIAN_POINT('',(-6.325,3.43,-1.645));
#2822=DIRECTION('',(0.0,0.0,1.0));
#2823=DIRECTION('',(1.0,0.0,0.0));
#2824=ORIENTED_EDGE('',*,*,#4815,.T.);
#2825=ORIENTED_EDGE('',*,*,#4816,.T.);
#2826=ORIENTED_EDGE('',*,*,#4817,.T.);
#2827=ORIENTED_EDGE('',*,*,#4818,.T.);
#2828=ORIENTED_EDGE('',*,*,#4819,.T.);
#2829=ORIENTED_EDGE('',*,*,#4820,.F.);
#2830=ORIENTED_EDGE('',*,*,#4821,.T.);
#2831=ORIENTED_EDGE('',*,*,#4822,.T.);
#2832=ORIENTED_EDGE('',*,*,#4823,.F.);
#2833=CARTESIAN_POINT('',(-6.325,3.43,-1.645));
#2834=DIRECTION('',(0.0,0.0,1.0));
#2835=DIRECTION('',(1.0,0.0,0.0));
#2836=ORIENTED_EDGE('',*,*,#4824,.T.);
#2837=ORIENTED_EDGE('',*,*,#4825,.T.);
#2838=ORIENTED_EDGE('',*,*,#4826,.T.);
#2839=ORIENTED_EDGE('',*,*,#4827,.T.);
#2840=ORIENTED_EDGE('',*,*,#4828,.T.);
#2841=ORIENTED_EDGE('',*,*,#4829,.F.);
#2842=ORIENTED_EDGE('',*,*,#4830,.T.);
#2843=ORIENTED_EDGE('',*,*,#4831,.T.);
#2844=ORIENTED_EDGE('',*,*,#4832,.F.);
#2845=CARTESIAN_POINT('',(-6.325,3.43,-1.645));
#2846=DIRECTION('',(0.0,0.0,1.0));
#2847=DIRECTION('',(1.0,0.0,0.0));
#2848=ORIENTED_EDGE('',*,*,#4833,.T.);
#2849=ORIENTED_EDGE('',*,*,#4834,.T.);
#2850=ORIENTED_EDGE('',*,*,#4835,.T.);
#2851=ORIENTED_EDGE('',*,*,#4836,.T.);
#2852=ORIENTED_EDGE('',*,*,#4837,.T.);
#2853=ORIENTED_EDGE('',*,*,#4838,.F.);
#2854=ORIENTED_EDGE('',*,*,#4839,.T.);
#2855=ORIENTED_EDGE('',*,*,#4840,.T.);
#2856=ORIENTED_EDGE('',*,*,#4841,.F.);
#2857=CARTESIAN_POINT('',(-6.325,3.43,-1.645));
#2858=DIRECTION('',(0.0,0.0,1.0));
#2859=DIRECTION('',(1.0,0.0,0.0));
#2860=ORIENTED_EDGE('',*,*,#4842,.T.);
#2861=ORIENTED_EDGE('',*,*,#4843,.T.);
#2862=ORIENTED_EDGE('',*,*,#4844,.T.);
#2863=ORIENTED_EDGE('',*,*,#4845,.T.);
#2864=ORIENTED_EDGE('',*,*,#4846,.T.);
#2865=ORIENTED_EDGE('',*,*,#4847,.F.);
#2866=ORIENTED_EDGE('',*,*,#4848,.T.);
#2867=ORIENTED_EDGE('',*,*,#4849,.T.);
#2868=ORIENTED_EDGE('',*,*,#4850,.F.);
#2869=CARTESIAN_POINT('',(-6.325,3.43,-1.645));
#2870=DIRECTION('',(0.0,0.0,1.0));
#2871=DIRECTION('',(1.0,0.0,0.0));
#2872=ORIENTED_EDGE('',*,*,#4851,.T.);
#2873=ORIENTED_EDGE('',*,*,#4806,.F.);
#2874=ORIENTED_EDGE('',*,*,#4852,.F.);
#2875=ORIENTED_EDGE('',*,*,#4687,.T.);
#2876=CARTESIAN_POINT('',(1.73,2.77,4.955));
#2877=DIRECTION('',(-1.0,0.0,0.0));
#2878=DIRECTION('',(0.0,0.0,1.0));
#2879=ORIENTED_EDGE('',*,*,#4852,.T.);
#2880=ORIENTED_EDGE('',*,*,#4805,.F.);
#2881=ORIENTED_EDGE('',*,*,#4853,.F.);
#2882=ORIENTED_EDGE('',*,*,#4683,.T.);
#2883=CARTESIAN_POINT('',(4.27,2.77,4.955));
#2884=DIRECTION('',(-0.0,1.0,0.0));
#2885=DIRECTION('',(1.0,0.0,0.0));
#2886=ORIENTED_EDGE('',*,*,#4853,.T.);
#2887=ORIENTED_EDGE('',*,*,#4804,.F.);
#2888=ORIENTED_EDGE('',*,*,#4854,.F.);
#2889=ORIENTED_EDGE('',*,*,#4684,.T.);
#2890=CARTESIAN_POINT('',(4.27,0.93,4.955));
#2891=DIRECTION('',(1.0,0.0,0.0));
#2892=DIRECTION('',(0.0,1.0,0.0));
#2893=ORIENTED_EDGE('',*,*,#4854,.T.);
#2894=ORIENTED_EDGE('',*,*,#4803,.F.);
#2895=ORIENTED_EDGE('',*,*,#4855,.F.);
#2896=ORIENTED_EDGE('',*,*,#4685,.T.);
#2897=CARTESIAN_POINT('',(3.57,0.23,4.955));
#2898=DIRECTION('',(0.707106781186548,-0.707106781186548,0.0));
#2899=DIRECTION('',(0.0,0.0,-1.0));
#2900=ORIENTED_EDGE('',*,*,#4855,.T.);
#2901=ORIENTED_EDGE('',*,*,#4802,.F.);
#2902=ORIENTED_EDGE('',*,*,#4851,.F.);
#2903=ORIENTED_EDGE('',*,*,#4686,.T.);
#2904=CARTESIAN_POINT('',(1.73,0.23,4.955));
#2905=DIRECTION('',(0.0,-1.0,0.0));
#2906=DIRECTION('',(0.0,0.0,-1.0));
#2907=ORIENTED_EDGE('',*,*,#4856,.T.);
#2908=ORIENTED_EDGE('',*,*,#4812,.F.);
#2909=ORIENTED_EDGE('',*,*,#4857,.F.);
#2910=ORIENTED_EDGE('',*,*,#4692,.T.);
#2911=CARTESIAN_POINT('',(4.27,-0.23,4.955));
#2912=DIRECTION('',(-0.0,1.0,0.0));
#2913=DIRECTION('',(1.0,0.0,0.0));
#2914=ORIENTED_EDGE('',*,*,#4857,.T.);
#2915=ORIENTED_EDGE('',*,*,#4811,.F.);
#2916=ORIENTED_EDGE('',*,*,#4858,.F.);
#2917=ORIENTED_EDGE('',*,*,#4688,.T.);
#2918=CARTESIAN_POINT('',(4.27,-2.77,4.955));
#2919=DIRECTION('',(1.0,0.0,0.0));
#2920=DIRECTION('',(0.0,1.0,0.0));
#2921=ORIENTED_EDGE('',*,*,#4858,.T.);
#2922=ORIENTED_EDGE('',*,*,#4810,.F.);
#2923=ORIENTED_EDGE('',*,*,#4859,.F.);
#2924=ORIENTED_EDGE('',*,*,#4689,.T.);
#2925=CARTESIAN_POINT('',(2.43,-2.77,4.955));
#2926=DIRECTION('',(0.0,-1.0,0.0));
#2927=DIRECTION('',(0.0,0.0,-1.0));
#2928=ORIENTED_EDGE('',*,*,#4859,.T.);
#2929=ORIENTED_EDGE('',*,*,#4809,.F.);
#2930=ORIENTED_EDGE('',*,*,#4860,.F.);
#2931=ORIENTED_EDGE('',*,*,#4690,.T.);
#2932=CARTESIAN_POINT('',(1.73,-2.07,4.955));
#2933=DIRECTION('',(-0.707106781186548,-0.707106781186548,0.0));
#2934=DIRECTION('',(-0.707106781186548,0.707106781186548,0.0));
#2935=ORIENTED_EDGE('',*,*,#4860,.T.);
#2936=ORIENTED_EDGE('',*,*,#4808,.F.);
#2937=ORIENTED_EDGE('',*,*,#4856,.F.);
#2938=ORIENTED_EDGE('',*,*,#4691,.T.);
#2939=CARTESIAN_POINT('',(1.73,-0.23,4.955));
#2940=DIRECTION('',(-1.0,0.0,0.0));
#2941=DIRECTION('',(0.0,0.0,1.0));
#2942=ORIENTED_EDGE('',*,*,#4861,.T.);
#2943=ORIENTED_EDGE('',*,*,#4819,.F.);
#2944=ORIENTED_EDGE('',*,*,#4862,.F.);
#2945=ORIENTED_EDGE('',*,*,#4697,.T.);
#2946=CARTESIAN_POINT('',(-1.27,-0.23,4.955));
#2947=DIRECTION('',(-1.0,0.0,0.0));
#2948=DIRECTION('',(0.0,0.0,1.0));
#2949=ORIENTED_EDGE('',*,*,#4862,.T.);
#2950=ORIENTED_EDGE('',*,*,#4818,.F.);
#2951=ORIENTED_EDGE('',*,*,#4863,.F.);
#2952=ORIENTED_EDGE('',*,*,#4693,.T.);
#2953=CARTESIAN_POINT('',(1.27,-0.23,4.955));
#2954=DIRECTION('',(-0.0,1.0,0.0));
#2955=DIRECTION('',(1.0,0.0,0.0));
#2956=ORIENTED_EDGE('',*,*,#4863,.T.);
#2957=ORIENTED_EDGE('',*,*,#4817,.F.);
#2958=ORIENTED_EDGE('',*,*,#4864,.F.);
#2959=ORIENTED_EDGE('',*,*,#4694,.T.);
#2960=CARTESIAN_POINT('',(1.27,-2.77,4.955));
#2961=DIRECTION('',(1.0,0.0,0.0));
#2962=DIRECTION('',(0.0,1.0,0.0));
#2963=ORIENTED_EDGE('',*,*,#4864,.T.);
#2964=ORIENTED_EDGE('',*,*,#4816,.F.);
#2965=ORIENTED_EDGE('',*,*,#4865,.F.);
#2966=ORIENTED_EDGE('',*,*,#4695,.T.);
#2967=CARTESIAN_POINT('',(-0.57,-2.77,4.955));
#2968=DIRECTION('',(0.0,-1.0,0.0));
#2969=DIRECTION('',(0.0,0.0,-1.0));
#2970=ORIENTED_EDGE('',*,*,#4865,.T.);
#2971=ORIENTED_EDGE('',*,*,#4815,.F.);
#2972=ORIENTED_EDGE('',*,*,#4861,.F.);
#2973=ORIENTED_EDGE('',*,*,#4696,.T.);
#2974=CARTESIAN_POINT('',(-1.27,-2.07,4.955));
#2975=DIRECTION('',(-0.707106781186548,-0.707106781186548,0.0));
#2976=DIRECTION('',(-0.707106781186548,0.707106781186548,0.0));
#2977=ORIENTED_EDGE('',*,*,#4866,.T.);
#2978=ORIENTED_EDGE('',*,*,#4828,.F.);
#2979=ORIENTED_EDGE('',*,*,#4867,.F.);
#2980=ORIENTED_EDGE('',*,*,#4702,.T.);
#2981=CARTESIAN_POINT('',(-0.57,0.23,4.955));
#2982=DIRECTION('',(0.0,-1.0,0.0));
#2983=DIRECTION('',(0.0,0.0,-1.0));
#2984=ORIENTED_EDGE('',*,*,#4867,.T.);
#2985=ORIENTED_EDGE('',*,*,#4827,.F.);
#2986=ORIENTED_EDGE('',*,*,#4868,.F.);
#2987=ORIENTED_EDGE('',*,*,#4698,.T.);
#2988=CARTESIAN_POINT('',(-1.27,0.93,4.955));
#2989=DIRECTION('',(-0.707106781186598,-0.707106781186498,0.0));
#2990=DIRECTION('',(-0.707106781186498,0.707106781186598,0.0));
#2991=ORIENTED_EDGE('',*,*,#4868,.T.);
#2992=ORIENTED_EDGE('',*,*,#4826,.F.);
#2993=ORIENTED_EDGE('',*,*,#4869,.F.);
#2994=ORIENTED_EDGE('',*,*,#4699,.T.);
#2995=CARTESIAN_POINT('',(-1.27,2.77,4.955));
#2996=DIRECTION('',(-1.0,0.0,0.0));
#2997=DIRECTION('',(0.0,0.0,1.0));
#2998=ORIENTED_EDGE('',*,*,#4869,.T.);
#2999=ORIENTED_EDGE('',*,*,#4825,.F.);
#3000=ORIENTED_EDGE('',*,*,#4870,.F.);
#3001=ORIENTED_EDGE('',*,*,#4700,.T.);
#3002=CARTESIAN_POINT('',(1.27,2.77,4.955));
#3003=DIRECTION('',(-0.0,1.0,0.0));
#3004=DIRECTION('',(1.0,0.0,0.0));
#3005=ORIENTED_EDGE('',*,*,#4870,.T.);
#3006=ORIENTED_EDGE('',*,*,#4824,.F.);
#3007=ORIENTED_EDGE('',*,*,#4866,.F.);
#3008=ORIENTED_EDGE('',*,*,#4701,.T.);
#3009=CARTESIAN_POINT('',(1.27,0.23,4.955));
#3010=DIRECTION('',(1.0,0.0,0.0));
#3011=DIRECTION('',(0.0,1.0,0.0));
#3012=ORIENTED_EDGE('',*,*,#4871,.T.);
#3013=ORIENTED_EDGE('',*,*,#4837,.F.);
#3014=ORIENTED_EDGE('',*,*,#4872,.F.);
#3015=ORIENTED_EDGE('',*,*,#4707,.T.);
#3016=CARTESIAN_POINT('',(-3.57,0.23,4.955));
#3017=DIRECTION('',(0.0,-1.0,0.0));
#3018=DIRECTION('',(0.0,0.0,-1.0));
#3019=ORIENTED_EDGE('',*,*,#4872,.T.);
#3020=ORIENTED_EDGE('',*,*,#4836,.F.);
#3021=ORIENTED_EDGE('',*,*,#4873,.F.);
#3022=ORIENTED_EDGE('',*,*,#4703,.T.);
#3023=CARTESIAN_POINT('',(-4.27,0.93,4.955));
#3024=DIRECTION('',(-0.707106781186598,-0.707106781186498,0.0));
#3025=DIRECTION('',(-0.707106781186498,0.707106781186598,0.0));
#3026=ORIENTED_EDGE('',*,*,#4873,.T.);
#3027=ORIENTED_EDGE('',*,*,#4835,.F.);
#3028=ORIENTED_EDGE('',*,*,#4874,.F.);
#3029=ORIENTED_EDGE('',*,*,#4704,.T.);
#3030=CARTESIAN_POINT('',(-4.27,2.77,4.955));
#3031=DIRECTION('',(-1.0,0.0,0.0));
#3032=DIRECTION('',(0.0,0.0,1.0));
#3033=ORIENTED_EDGE('',*,*,#4874,.T.);
#3034=ORIENTED_EDGE('',*,*,#4834,.F.);
#3035=ORIENTED_EDGE('',*,*,#4875,.F.);
#3036=ORIENTED_EDGE('',*,*,#4705,.T.);
#3037=CARTESIAN_POINT('',(-1.73,2.77,4.955));
#3038=DIRECTION('',(-0.0,1.0,0.0));
#3039=DIRECTION('',(1.0,0.0,0.0));
#3040=ORIENTED_EDGE('',*,*,#4875,.T.);
#3041=ORIENTED_EDGE('',*,*,#4833,.F.);
#3042=ORIENTED_EDGE('',*,*,#4871,.F.);
#3043=ORIENTED_EDGE('',*,*,#4706,.T.);
#3044=CARTESIAN_POINT('',(-1.73,0.23,4.955));
#3045=DIRECTION('',(1.0,0.0,0.0));
#3046=DIRECTION('',(0.0,1.0,0.0));
#3047=ORIENTED_EDGE('',*,*,#4876,.T.);
#3048=ORIENTED_EDGE('',*,*,#4846,.F.);
#3049=ORIENTED_EDGE('',*,*,#4877,.F.);
#3050=ORIENTED_EDGE('',*,*,#4712,.T.);
#3051=CARTESIAN_POINT('',(-1.73,-0.23,4.955));
#3052=DIRECTION('',(-0.0,1.0,0.0));
#3053=DIRECTION('',(1.0,0.0,0.0));
#3054=ORIENTED_EDGE('',*,*,#4877,.T.);
#3055=ORIENTED_EDGE('',*,*,#4845,.F.);
#3056=ORIENTED_EDGE('',*,*,#4878,.F.);
#3057=ORIENTED_EDGE('',*,*,#4708,.T.);
#3058=CARTESIAN_POINT('',(-1.73,-2.77,4.955));
#3059=DIRECTION('',(1.0,0.0,0.0));
#3060=DIRECTION('',(0.0,1.0,0.0));
#3061=ORIENTED_EDGE('',*,*,#4878,.T.);
#3062=ORIENTED_EDGE('',*,*,#4844,.F.);
#3063=ORIENTED_EDGE('',*,*,#4879,.F.);
#3064=ORIENTED_EDGE('',*,*,#4709,.T.);
#3065=CARTESIAN_POINT('',(-3.57,-2.77,4.955));
#3066=DIRECTION('',(0.0,-1.0,0.0));
#3067=DIRECTION('',(0.0,0.0,-1.0));
#3068=ORIENTED_EDGE('',*,*,#4879,.T.);
#3069=ORIENTED_EDGE('',*,*,#4843,.F.);
#3070=ORIENTED_EDGE('',*,*,#4880,.F.);
#3071=ORIENTED_EDGE('',*,*,#4710,.T.);
#3072=CARTESIAN_POINT('',(-4.27,-2.07,4.955));
#3073=DIRECTION('',(-0.707106781186548,-0.707106781186548,0.0));
#3074=DIRECTION('',(-0.707106781186548,0.707106781186548,0.0));
#3075=ORIENTED_EDGE('',*,*,#4880,.T.);
#3076=ORIENTED_EDGE('',*,*,#4842,.F.);
#3077=ORIENTED_EDGE('',*,*,#4876,.F.);
#3078=ORIENTED_EDGE('',*,*,#4711,.T.);
#3079=CARTESIAN_POINT('',(-4.27,-0.23,4.955));
#3080=DIRECTION('',(-1.0,0.0,0.0));
#3081=DIRECTION('',(0.0,0.0,1.0));
#3082=ORIENTED_EDGE('',*,*,#4881,.T.);
#3083=ORIENTED_EDGE('',*,*,#4798,.T.);
#3084=ORIENTED_EDGE('',*,*,#4546,.T.);
#3085=ORIENTED_EDGE('',*,*,#4489,.T.);
#3086=ORIENTED_EDGE('',*,*,#4472,.T.);
#3087=ORIENTED_EDGE('',*,*,#4462,.T.);
#3088=ORIENTED_EDGE('',*,*,#4517,.T.);
#3089=ORIENTED_EDGE('',*,*,#4768,.F.);
#3090=CARTESIAN_POINT('',(3.32,-1.15,-5.573266328441));
#3091=DIRECTION('',(-0.0,1.0,0.0));
#3092=DIRECTION('',(1.0,0.0,0.0));
#3093=ORIENTED_EDGE('',*,*,#4814,.F.);
#3094=ORIENTED_EDGE('',*,*,#4787,.T.);
#3095=ORIENTED_EDGE('',*,*,#4882,.F.);
#3096=ORIENTED_EDGE('',*,*,#4757,.F.);
#3097=CARTESIAN_POINT('',(3.32,-1.15,-5.573266328441));
#3098=DIRECTION('',(-0.0,1.0,0.0));
#3099=DIRECTION('',(1.0,0.0,0.0));
#3100=ORIENTED_EDGE('',*,*,#4883,.T.);
#3101=ORIENTED_EDGE('',*,*,#4790,.T.);
#3102=ORIENTED_EDGE('',*,*,#4881,.F.);
#3103=ORIENTED_EDGE('',*,*,#4767,.F.);
#3104=CARTESIAN_POINT('',(3.32,0.18,-6.309133164221));
#3105=DIRECTION('',(-1.0,0.0,-0.0));
#3106=DIRECTION('',(0.0,0.0,-1.0));
#3107=ORIENTED_EDGE('',*,*,#4884,.T.);
#3108=ORIENTED_EDGE('',*,*,#4791,.T.);
#3109=ORIENTED_EDGE('',*,*,#4883,.F.);
#3110=ORIENTED_EDGE('',*,*,#4766,.F.);
#3111=CARTESIAN_POINT('',(3.32,-1.15,-7.295));
#3112=DIRECTION('',(-0.0,1.0,0.0));
#3113=DIRECTION('',(1.0,0.0,0.0));
#3114=ORIENTED_EDGE('',*,*,#4885,.T.);
#3115=ORIENTED_EDGE('',*,*,#4792,.T.);
#3116=ORIENTED_EDGE('',*,*,#4884,.F.);
#3117=ORIENTED_EDGE('',*,*,#4765,.F.);
#3118=CARTESIAN_POINT('',(3.32,-1.359435522388,-8.135));
#3119=DIRECTION('',(0.0,0.970295726275989,-0.241921895599697));
#3120=DIRECTION('',(-1.0,0.0,0.0));
#3121=ORIENTED_EDGE('',*,*,#4886,.T.);
#3122=ORIENTED_EDGE('',*,*,#4793,.T.);
#3123=ORIENTED_EDGE('',*,*,#4885,.F.);
#3124=ORIENTED_EDGE('',*,*,#4764,.F.);
#3125=CARTESIAN_POINT('',(3.32,-1.580564477612,-8.135));
#3126=DIRECTION('',(0.0,0.0,-1.0));
#3127=DIRECTION('',(0.0,-1.0,0.0));
#3128=ORIENTED_EDGE('',*,*,#4887,.T.);
#3129=ORIENTED_EDGE('',*,*,#4794,.T.);
#3130=ORIENTED_EDGE('',*,*,#4886,.F.);
#3131=ORIENTED_EDGE('',*,*,#4763,.F.);
#3132=CARTESIAN_POINT('',(3.32,-1.79,-7.295));
#3133=DIRECTION('',(0.0,-0.970295726275989,-0.241921895599697));
#3134=DIRECTION('',(0.0,0.241921895599697,-0.970295726275989));
#3135=ORIENTED_EDGE('',*,*,#4888,.T.);
#3136=ORIENTED_EDGE('',*,*,#4795,.T.);
#3137=ORIENTED_EDGE('',*,*,#4887,.F.);
#3138=ORIENTED_EDGE('',*,*,#4762,.F.);
#3139=CARTESIAN_POINT('',(3.32,-1.79,-7.045));
#3140=DIRECTION('',(0.0,-1.0,0.0));
#3141=DIRECTION('',(0.0,0.0,-1.0));
#3142=ORIENTED_EDGE('',*,*,#4889,.T.);
#3143=ORIENTED_EDGE('',*,*,#4796,.T.);
#3144=ORIENTED_EDGE('',*,*,#4888,.F.);
#3145=ORIENTED_EDGE('',*,*,#4761,.F.);
#3146=CARTESIAN_POINT('',(3.32,-0.46,-6.309133164221));
#3147=DIRECTION('',(-1.0,0.0,-0.0));
#3148=DIRECTION('',(0.0,0.0,-1.0));
#3149=ORIENTED_EDGE('',*,*,#4890,.T.);
#3150=ORIENTED_EDGE('',*,*,#4789,.T.);
#3151=ORIENTED_EDGE('',*,*,#4813,.T.);
#3152=ORIENTED_EDGE('',*,*,#4759,.F.);
#3153=CARTESIAN_POINT('',(3.32,-1.79,2.555));
#3154=DIRECTION('',(0.0,-1.0,0.0));
#3155=DIRECTION('',(0.0,0.0,-1.0));
#3156=ORIENTED_EDGE('',*,*,#4548,.F.);
#3157=ORIENTED_EDGE('',*,*,#4797,.T.);
#3158=ORIENTED_EDGE('',*,*,#4889,.F.);
#3159=ORIENTED_EDGE('',*,*,#4760,.F.);
#3160=ORIENTED_EDGE('',*,*,#4515,.F.);
#3161=ORIENTED_EDGE('',*,*,#4460,.F.);
#3162=ORIENTED_EDGE('',*,*,#4477,.F.);
#3163=ORIENTED_EDGE('',*,*,#4483,.F.);
#3164=CARTESIAN_POINT('',(3.32,-1.79,2.555));
#3165=DIRECTION('',(0.0,-1.0,0.0));
#3166=DIRECTION('',(0.0,0.0,-1.0));
#3167=ORIENTED_EDGE('',*,*,#4882,.T.);
#3168=ORIENTED_EDGE('',*,*,#4786,.T.);
#3169=ORIENTED_EDGE('',*,*,#4890,.F.);
#3170=ORIENTED_EDGE('',*,*,#4758,.F.);
#3171=CARTESIAN_POINT('',(3.32,-1.15,2.555));
#3172=DIRECTION('',(0.0,0.0,1.0));
#3173=DIRECTION('',(1.0,0.0,0.0));
#3174=ORIENTED_EDGE('',*,*,#4891,.T.);
#3175=ORIENTED_EDGE('',*,*,#4771,.T.);
#3176=ORIENTED_EDGE('',*,*,#4427,.T.);
#3177=ORIENTED_EDGE('',*,*,#4478,.T.);
#3178=ORIENTED_EDGE('',*,*,#4467,.T.);
#3179=ORIENTED_EDGE('',*,*,#4450,.T.);
#3180=ORIENTED_EDGE('',*,*,#4421,.T.);
#3181=ORIENTED_EDGE('',*,*,#4755,.F.);
#3182=CARTESIAN_POINT('',(3.32,1.85,-5.573266328441));
#3183=DIRECTION('',(-0.0,1.0,0.0));
#3184=DIRECTION('',(1.0,0.0,0.0));
#3185=ORIENTED_EDGE('',*,*,#4807,.F.);
#3186=ORIENTED_EDGE('',*,*,#4783,.T.);
#3187=ORIENTED_EDGE('',*,*,#4892,.F.);
#3188=ORIENTED_EDGE('',*,*,#4744,.F.);
#3189=CARTESIAN_POINT('',(3.32,1.85,-5.573266328441));
#3190=DIRECTION('',(-0.0,1.0,0.0));
#3191=DIRECTION('',(1.0,0.0,0.0));
#3192=ORIENTED_EDGE('',*,*,#4893,.T.);
#3193=ORIENTED_EDGE('',*,*,#4772,.T.);
#3194=ORIENTED_EDGE('',*,*,#4891,.F.);
#3195=ORIENTED_EDGE('',*,*,#4754,.F.);
#3196=CARTESIAN_POINT('',(3.32,0.52,-6.309133164221));
#3197=DIRECTION('',(-1.0,0.0,-0.0));
#3198=DIRECTION('',(0.0,0.0,-1.0));
#3199=ORIENTED_EDGE('',*,*,#4894,.T.);
#3200=ORIENTED_EDGE('',*,*,#4773,.T.);
#3201=ORIENTED_EDGE('',*,*,#4893,.F.);
#3202=ORIENTED_EDGE('',*,*,#4753,.F.);
#3203=CARTESIAN_POINT('',(3.32,1.85,-7.295));
#3204=DIRECTION('',(-0.0,1.0,0.0));
#3205=DIRECTION('',(1.0,0.0,0.0));
#3206=ORIENTED_EDGE('',*,*,#4895,.T.);
#3207=ORIENTED_EDGE('',*,*,#4774,.T.);
#3208=ORIENTED_EDGE('',*,*,#4894,.F.);
#3209=ORIENTED_EDGE('',*,*,#4752,.F.);
#3210=CARTESIAN_POINT('',(3.32,1.640564477612,-8.135));
#3211=DIRECTION('',(0.0,0.970295726275989,-0.241921895599697));
#3212=DIRECTION('',(-1.0,0.0,0.0));
#3213=ORIENTED_EDGE('',*,*,#4896,.T.);
#3214=ORIENTED_EDGE('',*,*,#4775,.T.);
#3215=ORIENTED_EDGE('',*,*,#4895,.F.);
#3216=ORIENTED_EDGE('',*,*,#4751,.F.);
#3217=CARTESIAN_POINT('',(3.32,1.419435522388,-8.135));
#3218=DIRECTION('',(0.0,0.0,-1.0));
#3219=DIRECTION('',(0.0,-1.0,0.0));
#3220=ORIENTED_EDGE('',*,*,#4897,.T.);
#3221=ORIENTED_EDGE('',*,*,#4776,.T.);
#3222=ORIENTED_EDGE('',*,*,#4896,.F.);
#3223=ORIENTED_EDGE('',*,*,#4750,.F.);
#3224=CARTESIAN_POINT('',(3.32,1.21,-7.295));
#3225=DIRECTION('',(0.0,-0.970295726275989,-0.241921895599697));
#3226=DIRECTION('',(0.0,0.241921895599697,-0.970295726275989));
#3227=ORIENTED_EDGE('',*,*,#4898,.T.);
#3228=ORIENTED_EDGE('',*,*,#4777,.T.);
#3229=ORIENTED_EDGE('',*,*,#4897,.F.);
#3230=ORIENTED_EDGE('',*,*,#4749,.F.);
#3231=CARTESIAN_POINT('',(3.32,1.21,-7.045));
#3232=DIRECTION('',(0.0,-1.0,0.0));
#3233=DIRECTION('',(0.0,0.0,-1.0));
#3234=ORIENTED_EDGE('',*,*,#4801,.T.);
#3235=ORIENTED_EDGE('',*,*,#4778,.T.);
#3236=ORIENTED_EDGE('',*,*,#4898,.F.);
#3237=ORIENTED_EDGE('',*,*,#4748,.F.);
#3238=CARTESIAN_POINT('',(3.32,-0.12,-6.309133164221));
#3239=DIRECTION('',(-1.0,0.0,-0.0));
#3240=DIRECTION('',(0.0,0.0,-1.0));
#3241=ORIENTED_EDGE('',*,*,#4892,.T.);
#3242=ORIENTED_EDGE('',*,*,#4782,.T.);
#3243=ORIENTED_EDGE('',*,*,#4799,.F.);
#3244=ORIENTED_EDGE('',*,*,#4745,.F.);
#3245=CARTESIAN_POINT('',(3.32,1.85,2.555));
#3246=DIRECTION('',(0.0,0.0,1.0));
#3247=DIRECTION('',(1.0,0.0,0.0));
#3248=ORIENTED_EDGE('',*,*,#4535,.T.);
#3249=ORIENTED_EDGE('',*,*,#4899,.T.);
#3250=ORIENTED_EDGE('',*,*,#4900,.T.);
#3251=ORIENTED_EDGE('',*,*,#4901,.T.);
#3252=CARTESIAN_POINT('',(0.32,0.0,0.0));
#3253=DIRECTION('',(1.0,0.0,0.0));
#3254=DIRECTION('',(0.0,1.0,0.0));
#3255=ORIENTED_EDGE('',*,*,#4902,.T.);
#3256=ORIENTED_EDGE('',*,*,#4903,.T.);
#3257=ORIENTED_EDGE('',*,*,#4904,.T.);
#3258=ORIENTED_EDGE('',*,*,#4905,.T.);
#3259=ORIENTED_EDGE('',*,*,#4906,.T.);
#3260=ORIENTED_EDGE('',*,*,#4907,.T.);
#3261=ORIENTED_EDGE('',*,*,#4908,.T.);
#3262=ORIENTED_EDGE('',*,*,#4909,.T.);
#3263=ORIENTED_EDGE('',*,*,#4910,.T.);
#3264=ORIENTED_EDGE('',*,*,#4430,.F.);
#3265=ORIENTED_EDGE('',*,*,#4736,.F.);
#3266=ORIENTED_EDGE('',*,*,#4539,.T.);
#3267=CARTESIAN_POINT('',(0.32,0.0,0.0));
#3268=DIRECTION('',(1.0,0.0,0.0));
#3269=DIRECTION('',(0.0,1.0,0.0));
#3270=ORIENTED_EDGE('',*,*,#4832,.T.);
#3271=ORIENTED_EDGE('',*,*,#4911,.T.);
#3272=ORIENTED_EDGE('',*,*,#4912,.T.);
#3273=ORIENTED_EDGE('',*,*,#4913,.T.);
#3274=CARTESIAN_POINT('',(0.32,0.0,0.0));
#3275=DIRECTION('',(1.0,0.0,0.0));
#3276=DIRECTION('',(0.0,1.0,0.0));
#3277=ORIENTED_EDGE('',*,*,#4823,.T.);
#3278=ORIENTED_EDGE('',*,*,#4914,.T.);
#3279=ORIENTED_EDGE('',*,*,#4915,.T.);
#3280=ORIENTED_EDGE('',*,*,#4916,.T.);
#3281=CARTESIAN_POINT('',(0.32,0.0,0.0));
#3282=DIRECTION('',(1.0,0.0,0.0));
#3283=DIRECTION('',(0.0,1.0,0.0));
#3284=ORIENTED_EDGE('',*,*,#4531,.T.);
#3285=ORIENTED_EDGE('',*,*,#4917,.T.);
#3286=ORIENTED_EDGE('',*,*,#4918,.T.);
#3287=ORIENTED_EDGE('',*,*,#4919,.T.);
#3288=ORIENTED_EDGE('',*,*,#4920,.T.);
#3289=ORIENTED_EDGE('',*,*,#4921,.T.);
#3290=ORIENTED_EDGE('',*,*,#4922,.T.);
#3291=ORIENTED_EDGE('',*,*,#4923,.T.);
#3292=ORIENTED_EDGE('',*,*,#4924,.T.);
#3293=ORIENTED_EDGE('',*,*,#4925,.T.);
#3294=CARTESIAN_POINT('',(0.32,0.0,0.0));
#3295=DIRECTION('',(1.0,0.0,0.0));
#3296=DIRECTION('',(0.0,1.0,0.0));
#3297=ORIENTED_EDGE('',*,*,#4926,.T.);
#3298=ORIENTED_EDGE('',*,*,#4927,.T.);
#3299=ORIENTED_EDGE('',*,*,#4580,.T.);
#3300=ORIENTED_EDGE('',*,*,#4928,.T.);
#3301=ORIENTED_EDGE('',*,*,#4929,.T.);
#3302=ORIENTED_EDGE('',*,*,#4930,.T.);
#3303=ORIENTED_EDGE('',*,*,#4536,.T.);
#3304=ORIENTED_EDGE('',*,*,#4901,.F.);
#3305=CARTESIAN_POINT('',(0.32,0.35,-4.955));
#3306=DIRECTION('',(-0.0,1.0,0.0));
#3307=DIRECTION('',(1.0,0.0,0.0));
#3308=ORIENTED_EDGE('',*,*,#4593,.F.);
#3309=ORIENTED_EDGE('',*,*,#4604,.T.);
#3310=ORIENTED_EDGE('',*,*,#4616,.T.);
#3311=ORIENTED_EDGE('',*,*,#4931,.F.);
#3312=ORIENTED_EDGE('',*,*,#4932,.T.);
#3313=ORIENTED_EDGE('',*,*,#4550,.F.);
#3314=CARTESIAN_POINT('',(0.2985,3.43,-3.955));
#3315=DIRECTION('',(1.0,0.0,0.0));
#3316=DIRECTION('',(0.0,1.0,0.0));
#3317=ORIENTED_EDGE('',*,*,#4933,.F.);
#3318=ORIENTED_EDGE('',*,*,#4934,.F.);
#3319=ORIENTED_EDGE('',*,*,#4493,.F.);
#3320=ORIENTED_EDGE('',*,*,#4432,.F.);
#3321=CARTESIAN_POINT('',(0.2985,3.43,-3.955));
#3322=DIRECTION('',(1.0,0.0,0.0));
#3323=DIRECTION('',(0.0,1.0,0.0));
#3324=ORIENTED_EDGE('',*,*,#4935,.T.);
#3325=ORIENTED_EDGE('',*,*,#4537,.F.);
#3326=ORIENTED_EDGE('',*,*,#4930,.F.);
#3327=ORIENTED_EDGE('',*,*,#4936,.F.);
#3328=CARTESIAN_POINT('',(0.2985,3.43,-3.955));
#3329=DIRECTION('',(1.0,0.0,0.0));
#3330=DIRECTION('',(0.0,1.0,0.0));
#3331=ORIENTED_EDGE('',*,*,#4937,.F.);
#3332=ORIENTED_EDGE('',*,*,#4938,.F.);
#3333=ORIENTED_EDGE('',*,*,#4939,.T.);
#3334=ORIENTED_EDGE('',*,*,#4533,.F.);
#3335=CARTESIAN_POINT('',(0.2985,3.43,-3.955));
#3336=DIRECTION('',(1.0,0.0,0.0));
#3337=DIRECTION('',(0.0,1.0,0.0));
#3338=ORIENTED_EDGE('',*,*,#4940,.T.);
#3339=ORIENTED_EDGE('',*,*,#4941,.T.);
#3340=ORIENTED_EDGE('',*,*,#4820,.T.);
#3341=ORIENTED_EDGE('',*,*,#4916,.F.);
#3342=CARTESIAN_POINT('',(0.32,-1.79,2.555));
#3343=DIRECTION('',(0.0,-1.0,0.0));
#3344=DIRECTION('',(0.0,0.0,-1.0));
#3345=ORIENTED_EDGE('',*,*,#4586,.F.);
#3346=ORIENTED_EDGE('',*,*,#4942,.T.);
#3347=ORIENTED_EDGE('',*,*,#4943,.F.);
#3348=ORIENTED_EDGE('',*,*,#4917,.F.);
#3349=ORIENTED_EDGE('',*,*,#4530,.F.);
#3350=ORIENTED_EDGE('',*,*,#4932,.F.);
#3351=ORIENTED_EDGE('',*,*,#4944,.F.);
#3352=ORIENTED_EDGE('',*,*,#4945,.F.);
#3353=CARTESIAN_POINT('',(0.32,-1.79,2.555));
#3354=DIRECTION('',(0.0,-1.0,0.0));
#3355=DIRECTION('',(0.0,0.0,-1.0));
#3356=ORIENTED_EDGE('',*,*,#4946,.F.);
#3357=ORIENTED_EDGE('',*,*,#4947,.F.);
#3358=ORIENTED_EDGE('',*,*,#4581,.F.);
#3359=ORIENTED_EDGE('',*,*,#4927,.F.);
#3360=CARTESIAN_POINT('',(-0.32,0.0,0.0));
#3361=DIRECTION('',(1.0,0.0,0.0));
#3362=DIRECTION('',(0.0,1.0,0.0));
#3363=ORIENTED_EDGE('',*,*,#4737,.T.);
#3364=ORIENTED_EDGE('',*,*,#4444,.T.);
#3365=ORIENTED_EDGE('',*,*,#4948,.F.);
#3366=ORIENTED_EDGE('',*,*,#4949,.F.);
#3367=ORIENTED_EDGE('',*,*,#4950,.F.);
#3368=ORIENTED_EDGE('',*,*,#4951,.F.);
#3369=ORIENTED_EDGE('',*,*,#4952,.F.);
#3370=ORIENTED_EDGE('',*,*,#4953,.F.);
#3371=ORIENTED_EDGE('',*,*,#4954,.F.);
#3372=ORIENTED_EDGE('',*,*,#4955,.F.);
#3373=ORIENTED_EDGE('',*,*,#4956,.F.);
#3374=ORIENTED_EDGE('',*,*,#4577,.F.);
#3375=CARTESIAN_POINT('',(-0.32,0.0,0.0));
#3376=DIRECTION('',(1.0,0.0,0.0));
#3377=DIRECTION('',(0.0,1.0,0.0));
#3378=ORIENTED_EDGE('',*,*,#4957,.F.);
#3379=ORIENTED_EDGE('',*,*,#4958,.F.);
#3380=ORIENTED_EDGE('',*,*,#4830,.F.);
#3381=ORIENTED_EDGE('',*,*,#4959,.F.);
#3382=CARTESIAN_POINT('',(-0.32,0.0,0.0));
#3383=DIRECTION('',(1.0,0.0,0.0));
#3384=DIRECTION('',(0.0,1.0,0.0));
#3385=ORIENTED_EDGE('',*,*,#4960,.F.);
#3386=ORIENTED_EDGE('',*,*,#4961,.F.);
#3387=ORIENTED_EDGE('',*,*,#4821,.F.);
#3388=ORIENTED_EDGE('',*,*,#4941,.F.);
#3389=CARTESIAN_POINT('',(-0.32,0.0,0.0));
#3390=DIRECTION('',(1.0,0.0,0.0));
#3391=DIRECTION('',(0.0,1.0,0.0));
#3392=ORIENTED_EDGE('',*,*,#4962,.F.);
#3393=ORIENTED_EDGE('',*,*,#4963,.F.);
#3394=ORIENTED_EDGE('',*,*,#4964,.F.);
#3395=ORIENTED_EDGE('',*,*,#4965,.F.);
#3396=ORIENTED_EDGE('',*,*,#4966,.F.);
#3397=ORIENTED_EDGE('',*,*,#4967,.F.);
#3398=ORIENTED_EDGE('',*,*,#4968,.F.);
#3399=ORIENTED_EDGE('',*,*,#4942,.F.);
#3400=ORIENTED_EDGE('',*,*,#4585,.F.);
#3401=ORIENTED_EDGE('',*,*,#4969,.F.);
#3402=CARTESIAN_POINT('',(-0.32,0.0,0.0));
#3403=DIRECTION('',(1.0,0.0,0.0));
#3404=DIRECTION('',(0.0,1.0,0.0));
#3405=ORIENTED_EDGE('',*,*,#4534,.F.);
#3406=ORIENTED_EDGE('',*,*,#4939,.F.);
#3407=ORIENTED_EDGE('',*,*,#4970,.F.);
#3408=ORIENTED_EDGE('',*,*,#4971,.F.);
#3409=ORIENTED_EDGE('',*,*,#4582,.F.);
#3410=ORIENTED_EDGE('',*,*,#4947,.T.);
#3411=ORIENTED_EDGE('',*,*,#4972,.F.);
#3412=ORIENTED_EDGE('',*,*,#4899,.F.);
#3413=CARTESIAN_POINT('',(0.32,-0.29,-3.455));
#3414=DIRECTION('',(0.0,-1.0,0.0));
#3415=DIRECTION('',(0.0,0.0,-1.0));
#3416=ORIENTED_EDGE('',*,*,#4972,.T.);
#3417=ORIENTED_EDGE('',*,*,#4946,.T.);
#3418=ORIENTED_EDGE('',*,*,#4926,.F.);
#3419=ORIENTED_EDGE('',*,*,#4900,.F.);
#3420=CARTESIAN_POINT('',(0.32,-0.29,-4.955));
#3421=DIRECTION('',(0.0,0.0,-1.0));
#3422=DIRECTION('',(0.0,-1.0,0.0));
#3423=ORIENTED_EDGE('',*,*,#4945,.T.);
#3424=ORIENTED_EDGE('',*,*,#4973,.T.);
#3425=ORIENTED_EDGE('',*,*,#4614,.F.);
#3426=ORIENTED_EDGE('',*,*,#4609,.F.);
#3427=ORIENTED_EDGE('',*,*,#4596,.T.);
#3428=ORIENTED_EDGE('',*,*,#4587,.T.);
#3429=CARTESIAN_POINT('',(-0.2985,3.43,-4.955));
#3430=DIRECTION('',(-1.0,0.0,0.0));
#3431=DIRECTION('',(0.0,0.0,1.0));
#3432=ORIENTED_EDGE('',*,*,#4495,.T.);
#3433=ORIENTED_EDGE('',*,*,#4974,.T.);
#3434=ORIENTED_EDGE('',*,*,#4975,.F.);
#3435=ORIENTED_EDGE('',*,*,#4442,.T.);
#3436=CARTESIAN_POINT('',(-0.2985,3.43,-4.955));
#3437=DIRECTION('',(-1.0,0.0,0.0));
#3438=DIRECTION('',(0.0,0.0,1.0));
#3439=ORIENTED_EDGE('',*,*,#4928,.F.);
#3440=ORIENTED_EDGE('',*,*,#4579,.T.);
#3441=ORIENTED_EDGE('',*,*,#4976,.T.);
#3442=ORIENTED_EDGE('',*,*,#4977,.T.);
#3443=CARTESIAN_POINT('',(-0.2985,3.43,-4.955));
#3444=DIRECTION('',(-1.0,0.0,0.0));
#3445=DIRECTION('',(0.0,0.0,1.0));
#3446=ORIENTED_EDGE('',*,*,#4971,.T.);
#3447=ORIENTED_EDGE('',*,*,#4978,.T.);
#3448=ORIENTED_EDGE('',*,*,#4979,.F.);
#3449=ORIENTED_EDGE('',*,*,#4583,.T.);
#3450=CARTESIAN_POINT('',(-0.2985,3.43,-4.955));
#3451=DIRECTION('',(-1.0,0.0,0.0));
#3452=DIRECTION('',(0.0,0.0,1.0));
#3453=ORIENTED_EDGE('',*,*,#4494,.T.);
#3454=ORIENTED_EDGE('',*,*,#4934,.T.);
#3455=ORIENTED_EDGE('',*,*,#4980,.F.);
#3456=ORIENTED_EDGE('',*,*,#4974,.F.);
#3457=CARTESIAN_POINT('',(-0.2985,3.43,-3.955));
#3458=DIRECTION('',(0.0,0.0,1.0));
#3459=DIRECTION('',(1.0,0.0,0.0));
#3460=ORIENTED_EDGE('',*,*,#4981,.T.);
#3461=ORIENTED_EDGE('',*,*,#4936,.T.);
#3462=ORIENTED_EDGE('',*,*,#4929,.F.);
#3463=ORIENTED_EDGE('',*,*,#4977,.F.);
#3464=CARTESIAN_POINT('',(-0.2985,3.43,-3.955));
#3465=DIRECTION('',(0.0,0.0,1.0));
#3466=DIRECTION('',(1.0,0.0,0.0));
#3467=ORIENTED_EDGE('',*,*,#4938,.T.);
#3468=ORIENTED_EDGE('',*,*,#4982,.F.);
#3469=ORIENTED_EDGE('',*,*,#4978,.F.);
#3470=ORIENTED_EDGE('',*,*,#4970,.T.);
#3471=CARTESIAN_POINT('',(-0.2985,3.43,-3.955));
#3472=DIRECTION('',(0.0,0.0,1.0));
#3473=DIRECTION('',(1.0,0.0,0.0));
#3474=ORIENTED_EDGE('',*,*,#4931,.T.);
#3475=ORIENTED_EDGE('',*,*,#4615,.F.);
#3476=ORIENTED_EDGE('',*,*,#4973,.F.);
#3477=ORIENTED_EDGE('',*,*,#4944,.T.);
#3478=CARTESIAN_POINT('',(-0.2985,3.43,-3.955));
#3479=DIRECTION('',(0.0,0.0,1.0));
#3480=DIRECTION('',(1.0,0.0,0.0));
#3481=ORIENTED_EDGE('',*,*,#4983,.T.);
#3482=ORIENTED_EDGE('',*,*,#4948,.T.);
#3483=ORIENTED_EDGE('',*,*,#4443,.T.);
#3484=ORIENTED_EDGE('',*,*,#4975,.T.);
#3485=ORIENTED_EDGE('',*,*,#4980,.T.);
#3486=ORIENTED_EDGE('',*,*,#4933,.T.);
#3487=ORIENTED_EDGE('',*,*,#4431,.T.);
#3488=ORIENTED_EDGE('',*,*,#4910,.F.);
#3489=CARTESIAN_POINT('',(0.32,1.85,-5.573266328441));
#3490=DIRECTION('',(-0.0,1.0,0.0));
#3491=DIRECTION('',(1.0,0.0,0.0));
#3492=ORIENTED_EDGE('',*,*,#4831,.F.);
#3493=ORIENTED_EDGE('',*,*,#4958,.T.);
#3494=ORIENTED_EDGE('',*,*,#4984,.F.);
#3495=ORIENTED_EDGE('',*,*,#4911,.F.);
#3496=CARTESIAN_POINT('',(0.32,1.85,-5.573266328441));
#3497=DIRECTION('',(-0.0,1.0,0.0));
#3498=DIRECTION('',(1.0,0.0,0.0));
#3499=ORIENTED_EDGE('',*,*,#4985,.T.);
#3500=ORIENTED_EDGE('',*,*,#4949,.T.);
#3501=ORIENTED_EDGE('',*,*,#4983,.F.);
#3502=ORIENTED_EDGE('',*,*,#4909,.F.);
#3503=CARTESIAN_POINT('',(0.32,0.52,-6.309133164221));
#3504=DIRECTION('',(-1.0,0.0,-0.0));
#3505=DIRECTION('',(0.0,0.0,-1.0));
#3506=ORIENTED_EDGE('',*,*,#4986,.T.);
#3507=ORIENTED_EDGE('',*,*,#4950,.T.);
#3508=ORIENTED_EDGE('',*,*,#4985,.F.);
#3509=ORIENTED_EDGE('',*,*,#4908,.F.);
#3510=CARTESIAN_POINT('',(0.32,1.85,-7.295));
#3511=DIRECTION('',(-0.0,1.0,0.0));
#3512=DIRECTION('',(1.0,0.0,0.0));
#3513=ORIENTED_EDGE('',*,*,#4987,.T.);
#3514=ORIENTED_EDGE('',*,*,#4951,.T.);
#3515=ORIENTED_EDGE('',*,*,#4986,.F.);
#3516=ORIENTED_EDGE('',*,*,#4907,.F.);
#3517=CARTESIAN_POINT('',(0.32,1.640564477612,-8.135));
#3518=DIRECTION('',(0.0,0.970295726275989,-0.241921895599697));
#3519=DIRECTION('',(-1.0,0.0,0.0));
#3520=ORIENTED_EDGE('',*,*,#4988,.T.);
#3521=ORIENTED_EDGE('',*,*,#4952,.T.);
#3522=ORIENTED_EDGE('',*,*,#4987,.F.);
#3523=ORIENTED_EDGE('',*,*,#4906,.F.);
#3524=CARTESIAN_POINT('',(0.32,1.419435522388,-8.135));
#3525=DIRECTION('',(0.0,0.0,-1.0));
#3526=DIRECTION('',(0.0,-1.0,0.0));
#3527=ORIENTED_EDGE('',*,*,#4989,.T.);
#3528=ORIENTED_EDGE('',*,*,#4953,.T.);
#3529=ORIENTED_EDGE('',*,*,#4988,.F.);
#3530=ORIENTED_EDGE('',*,*,#4905,.F.);
#3531=CARTESIAN_POINT('',(0.32,1.21,-7.295));
#3532=DIRECTION('',(0.0,-0.970295726275989,-0.241921895599697));
#3533=DIRECTION('',(0.0,0.241921895599697,-0.970295726275989));
#3534=ORIENTED_EDGE('',*,*,#4990,.T.);
#3535=ORIENTED_EDGE('',*,*,#4954,.T.);
#3536=ORIENTED_EDGE('',*,*,#4989,.F.);
#3537=ORIENTED_EDGE('',*,*,#4904,.F.);
#3538=CARTESIAN_POINT('',(0.32,1.21,-7.045));
#3539=DIRECTION('',(0.0,-1.0,0.0));
#3540=DIRECTION('',(0.0,0.0,-1.0));
#3541=ORIENTED_EDGE('',*,*,#4991,.T.);
#3542=ORIENTED_EDGE('',*,*,#4955,.T.);
#3543=ORIENTED_EDGE('',*,*,#4990,.F.);
#3544=ORIENTED_EDGE('',*,*,#4903,.F.);
#3545=CARTESIAN_POINT('',(0.32,-0.12,-6.309133164221));
#3546=DIRECTION('',(-1.0,0.0,-0.0));
#3547=DIRECTION('',(0.0,0.0,-1.0));
#3548=ORIENTED_EDGE('',*,*,#4992,.T.);
#3549=ORIENTED_EDGE('',*,*,#4959,.T.);
#3550=ORIENTED_EDGE('',*,*,#4829,.T.);
#3551=ORIENTED_EDGE('',*,*,#4913,.F.);
#3552=CARTESIAN_POINT('',(0.32,1.21,2.555));
#3553=DIRECTION('',(0.0,-1.0,0.0));
#3554=DIRECTION('',(0.0,0.0,-1.0));
#3555=ORIENTED_EDGE('',*,*,#4578,.F.);
#3556=ORIENTED_EDGE('',*,*,#4956,.T.);
#3557=ORIENTED_EDGE('',*,*,#4991,.F.);
#3558=ORIENTED_EDGE('',*,*,#4902,.F.);
#3559=ORIENTED_EDGE('',*,*,#4538,.F.);
#3560=ORIENTED_EDGE('',*,*,#4935,.F.);
#3561=ORIENTED_EDGE('',*,*,#4981,.F.);
#3562=ORIENTED_EDGE('',*,*,#4976,.F.);
#3563=CARTESIAN_POINT('',(0.32,1.21,2.555));
#3564=DIRECTION('',(0.0,-1.0,0.0));
#3565=DIRECTION('',(0.0,0.0,-1.0));
#3566=ORIENTED_EDGE('',*,*,#4984,.T.);
#3567=ORIENTED_EDGE('',*,*,#4957,.T.);
#3568=ORIENTED_EDGE('',*,*,#4992,.F.);
#3569=ORIENTED_EDGE('',*,*,#4912,.F.);
#3570=CARTESIAN_POINT('',(0.32,1.85,2.555));
#3571=DIRECTION('',(0.0,0.0,1.0));
#3572=DIRECTION('',(1.0,0.0,0.0));
#3573=ORIENTED_EDGE('',*,*,#4993,.T.);
#3574=ORIENTED_EDGE('',*,*,#4969,.T.);
#3575=ORIENTED_EDGE('',*,*,#4584,.T.);
#3576=ORIENTED_EDGE('',*,*,#4979,.T.);
#3577=ORIENTED_EDGE('',*,*,#4982,.T.);
#3578=ORIENTED_EDGE('',*,*,#4937,.T.);
#3579=ORIENTED_EDGE('',*,*,#4532,.T.);
#3580=ORIENTED_EDGE('',*,*,#4925,.F.);
#3581=CARTESIAN_POINT('',(0.32,-1.15,-5.573266328441));
#3582=DIRECTION('',(-0.0,1.0,0.0));
#3583=DIRECTION('',(1.0,0.0,0.0));
#3584=ORIENTED_EDGE('',*,*,#4822,.F.);
#3585=ORIENTED_EDGE('',*,*,#4961,.T.);
#3586=ORIENTED_EDGE('',*,*,#4994,.F.);
#3587=ORIENTED_EDGE('',*,*,#4914,.F.);
#3588=CARTESIAN_POINT('',(0.32,-1.15,-5.573266328441));
#3589=DIRECTION('',(-0.0,1.0,0.0));
#3590=DIRECTION('',(1.0,0.0,0.0));
#3591=ORIENTED_EDGE('',*,*,#4995,.T.);
#3592=ORIENTED_EDGE('',*,*,#4962,.T.);
#3593=ORIENTED_EDGE('',*,*,#4993,.F.);
#3594=ORIENTED_EDGE('',*,*,#4924,.F.);
#3595=CARTESIAN_POINT('',(0.32,0.18,-6.309133164221));
#3596=DIRECTION('',(-1.0,0.0,-0.0));
#3597=DIRECTION('',(0.0,0.0,-1.0));
#3598=ORIENTED_EDGE('',*,*,#4996,.T.);
#3599=ORIENTED_EDGE('',*,*,#4963,.T.);
#3600=ORIENTED_EDGE('',*,*,#4995,.F.);
#3601=ORIENTED_EDGE('',*,*,#4923,.F.);
#3602=CARTESIAN_POINT('',(0.32,-1.15,-7.295));
#3603=DIRECTION('',(-0.0,1.0,0.0));
#3604=DIRECTION('',(1.0,0.0,0.0));
#3605=ORIENTED_EDGE('',*,*,#4997,.T.);
#3606=ORIENTED_EDGE('',*,*,#4964,.T.);
#3607=ORIENTED_EDGE('',*,*,#4996,.F.);
#3608=ORIENTED_EDGE('',*,*,#4922,.F.);
#3609=CARTESIAN_POINT('',(0.32,-1.359435522388,-8.135));
#3610=DIRECTION('',(0.0,0.970295726275989,-0.241921895599697));
#3611=DIRECTION('',(-1.0,0.0,0.0));
#3612=ORIENTED_EDGE('',*,*,#4998,.T.);
#3613=ORIENTED_EDGE('',*,*,#4965,.T.);
#3614=ORIENTED_EDGE('',*,*,#4997,.F.);
#3615=ORIENTED_EDGE('',*,*,#4921,.F.);
#3616=CARTESIAN_POINT('',(0.32,-1.580564477612,-8.135));
#3617=DIRECTION('',(0.0,0.0,-1.0));
#3618=DIRECTION('',(0.0,-1.0,0.0));
#3619=ORIENTED_EDGE('',*,*,#4999,.T.);
#3620=ORIENTED_EDGE('',*,*,#4966,.T.);
#3621=ORIENTED_EDGE('',*,*,#4998,.F.);
#3622=ORIENTED_EDGE('',*,*,#4920,.F.);
#3623=CARTESIAN_POINT('',(0.32,-1.79,-7.295));
#3624=DIRECTION('',(0.0,-0.970295726275989,-0.241921895599697));
#3625=DIRECTION('',(0.0,0.241921895599697,-0.970295726275989));
#3626=ORIENTED_EDGE('',*,*,#5000,.T.);
#3627=ORIENTED_EDGE('',*,*,#4967,.T.);
#3628=ORIENTED_EDGE('',*,*,#4999,.F.);
#3629=ORIENTED_EDGE('',*,*,#4919,.F.);
#3630=CARTESIAN_POINT('',(0.32,-1.79,-7.045));
#3631=DIRECTION('',(0.0,-1.0,0.0));
#3632=DIRECTION('',(0.0,0.0,-1.0));
#3633=ORIENTED_EDGE('',*,*,#4943,.T.);
#3634=ORIENTED_EDGE('',*,*,#4968,.T.);
#3635=ORIENTED_EDGE('',*,*,#5000,.F.);
#3636=ORIENTED_EDGE('',*,*,#4918,.F.);
#3637=CARTESIAN_POINT('',(0.32,-0.46,-6.309133164221));
#3638=DIRECTION('',(-1.0,0.0,-0.0));
#3639=DIRECTION('',(0.0,0.0,-1.0));
#3640=ORIENTED_EDGE('',*,*,#4994,.T.);
#3641=ORIENTED_EDGE('',*,*,#4960,.T.);
#3642=ORIENTED_EDGE('',*,*,#4940,.F.);
#3643=ORIENTED_EDGE('',*,*,#4915,.F.);
#3644=CARTESIAN_POINT('',(0.32,-1.15,2.555));
#3645=DIRECTION('',(0.0,0.0,1.0));
#3646=DIRECTION('',(1.0,0.0,0.0));
#3647=ORIENTED_EDGE('',*,*,#4571,.T.);
#3648=ORIENTED_EDGE('',*,*,#5001,.T.);
#3649=ORIENTED_EDGE('',*,*,#5002,.T.);
#3650=ORIENTED_EDGE('',*,*,#5003,.T.);
#3651=CARTESIAN_POINT('',(-2.68,0.0,0.0));
#3652=DIRECTION('',(1.0,0.0,0.0));
#3653=DIRECTION('',(0.0,1.0,0.0));
#3654=ORIENTED_EDGE('',*,*,#4841,.T.);
#3655=ORIENTED_EDGE('',*,*,#5004,.T.);
#3656=ORIENTED_EDGE('',*,*,#5005,.T.);
#3657=ORIENTED_EDGE('',*,*,#5006,.T.);
#3658=CARTESIAN_POINT('',(-2.68,0.0,0.0));
#3659=DIRECTION('',(1.0,0.0,0.0));
#3660=DIRECTION('',(0.0,1.0,0.0));
#3661=ORIENTED_EDGE('',*,*,#4446,.F.);
#3662=ORIENTED_EDGE('',*,*,#4738,.F.);
#3663=ORIENTED_EDGE('',*,*,#4575,.T.);
#3664=ORIENTED_EDGE('',*,*,#5007,.T.);
#3665=ORIENTED_EDGE('',*,*,#5008,.T.);
#3666=ORIENTED_EDGE('',*,*,#5009,.T.);
#3667=ORIENTED_EDGE('',*,*,#5010,.T.);
#3668=ORIENTED_EDGE('',*,*,#5011,.T.);
#3669=ORIENTED_EDGE('',*,*,#5012,.T.);
#3670=ORIENTED_EDGE('',*,*,#5013,.T.);
#3671=ORIENTED_EDGE('',*,*,#5014,.T.);
#3672=ORIENTED_EDGE('',*,*,#5015,.T.);
#3673=CARTESIAN_POINT('',(-2.68,0.0,0.0));
#3674=DIRECTION('',(1.0,0.0,0.0));
#3675=DIRECTION('',(0.0,1.0,0.0));
#3676=ORIENTED_EDGE('',*,*,#4850,.T.);
#3677=ORIENTED_EDGE('',*,*,#5016,.T.);
#3678=ORIENTED_EDGE('',*,*,#5017,.T.);
#3679=ORIENTED_EDGE('',*,*,#5018,.T.);
#3680=CARTESIAN_POINT('',(-2.68,0.0,0.0));
#3681=DIRECTION('',(1.0,0.0,0.0));
#3682=DIRECTION('',(0.0,1.0,0.0));
#3683=ORIENTED_EDGE('',*,*,#4567,.T.);
#3684=ORIENTED_EDGE('',*,*,#5019,.T.);
#3685=ORIENTED_EDGE('',*,*,#5020,.T.);
#3686=ORIENTED_EDGE('',*,*,#5021,.T.);
#3687=ORIENTED_EDGE('',*,*,#5022,.T.);
#3688=ORIENTED_EDGE('',*,*,#5023,.T.);
#3689=ORIENTED_EDGE('',*,*,#5024,.T.);
#3690=ORIENTED_EDGE('',*,*,#5025,.T.);
#3691=ORIENTED_EDGE('',*,*,#5026,.T.);
#3692=ORIENTED_EDGE('',*,*,#5027,.T.);
#3693=CARTESIAN_POINT('',(-2.68,0.0,0.0));
#3694=DIRECTION('',(1.0,0.0,0.0));
#3695=DIRECTION('',(0.0,1.0,0.0));
#3696=ORIENTED_EDGE('',*,*,#5028,.T.);
#3697=ORIENTED_EDGE('',*,*,#5029,.T.);
#3698=ORIENTED_EDGE('',*,*,#4560,.T.);
#3699=ORIENTED_EDGE('',*,*,#4507,.T.);
#3700=ORIENTED_EDGE('',*,*,#5030,.T.);
#3701=ORIENTED_EDGE('',*,*,#5031,.T.);
#3702=ORIENTED_EDGE('',*,*,#4572,.T.);
#3703=ORIENTED_EDGE('',*,*,#5003,.F.);
#3704=CARTESIAN_POINT('',(-2.68,0.35,-4.955));
#3705=DIRECTION('',(-0.0,1.0,0.0));
#3706=DIRECTION('',(1.0,0.0,0.0));
#3707=ORIENTED_EDGE('',*,*,#4598,.F.);
#3708=ORIENTED_EDGE('',*,*,#4611,.T.);
#3709=ORIENTED_EDGE('',*,*,#4613,.T.);
#3710=ORIENTED_EDGE('',*,*,#5032,.F.);
#3711=ORIENTED_EDGE('',*,*,#5033,.T.);
#3712=ORIENTED_EDGE('',*,*,#4589,.F.);
#3713=CARTESIAN_POINT('',(-2.7015,3.43,-3.955));
#3714=DIRECTION('',(1.0,0.0,0.0));
#3715=DIRECTION('',(0.0,1.0,0.0));
#3716=ORIENTED_EDGE('',*,*,#5034,.F.);
#3717=ORIENTED_EDGE('',*,*,#5035,.F.);
#3718=ORIENTED_EDGE('',*,*,#4496,.F.);
#3719=ORIENTED_EDGE('',*,*,#4448,.F.);
#3720=CARTESIAN_POINT('',(-2.7015,3.43,-3.955));
#3721=DIRECTION('',(1.0,0.0,0.0));
#3722=DIRECTION('',(0.0,1.0,0.0));
#3723=ORIENTED_EDGE('',*,*,#5036,.T.);
#3724=ORIENTED_EDGE('',*,*,#4573,.F.);
#3725=ORIENTED_EDGE('',*,*,#5031,.F.);
#3726=ORIENTED_EDGE('',*,*,#5037,.F.);
#3727=CARTESIAN_POINT('',(-2.7015,3.43,-3.955));
#3728=DIRECTION('',(1.0,0.0,0.0));
#3729=DIRECTION('',(0.0,1.0,0.0));
#3730=ORIENTED_EDGE('',*,*,#5038,.F.);
#3731=ORIENTED_EDGE('',*,*,#5039,.F.);
#3732=ORIENTED_EDGE('',*,*,#5040,.T.);
#3733=ORIENTED_EDGE('',*,*,#4569,.F.);
#3734=CARTESIAN_POINT('',(-2.7015,3.43,-3.955));
#3735=DIRECTION('',(1.0,0.0,0.0));
#3736=DIRECTION('',(0.0,1.0,0.0));
#3737=ORIENTED_EDGE('',*,*,#5041,.T.);
#3738=ORIENTED_EDGE('',*,*,#5042,.T.);
#3739=ORIENTED_EDGE('',*,*,#4847,.T.);
#3740=ORIENTED_EDGE('',*,*,#5018,.F.);
#3741=CARTESIAN_POINT('',(-2.68,-1.79,2.555));
#3742=DIRECTION('',(0.0,-1.0,0.0));
#3743=DIRECTION('',(0.0,0.0,-1.0));
#3744=ORIENTED_EDGE('',*,*,#4565,.F.);
#3745=ORIENTED_EDGE('',*,*,#5043,.T.);
#3746=ORIENTED_EDGE('',*,*,#5044,.F.);
#3747=ORIENTED_EDGE('',*,*,#5019,.F.);
#3748=ORIENTED_EDGE('',*,*,#4566,.F.);
#3749=ORIENTED_EDGE('',*,*,#5033,.F.);
#3750=ORIENTED_EDGE('',*,*,#5045,.F.);
#3751=ORIENTED_EDGE('',*,*,#4499,.F.);
#3752=CARTESIAN_POINT('',(-2.68,-1.79,2.555));
#3753=DIRECTION('',(0.0,-1.0,0.0));
#3754=DIRECTION('',(0.0,0.0,-1.0));
#3755=ORIENTED_EDGE('',*,*,#5046,.F.);
#3756=ORIENTED_EDGE('',*,*,#5047,.F.);
#3757=ORIENTED_EDGE('',*,*,#4561,.F.);
#3758=ORIENTED_EDGE('',*,*,#5029,.F.);
#3759=CARTESIAN_POINT('',(-3.32,0.0,0.0));
#3760=DIRECTION('',(1.0,0.0,0.0));
#3761=DIRECTION('',(0.0,1.0,0.0));
#3762=ORIENTED_EDGE('',*,*,#5048,.F.);
#3763=ORIENTED_EDGE('',*,*,#5049,.F.);
#3764=ORIENTED_EDGE('',*,*,#4839,.F.);
#3765=ORIENTED_EDGE('',*,*,#5050,.F.);
#3766=CARTESIAN_POINT('',(-3.32,0.0,0.0));
#3767=DIRECTION('',(1.0,0.0,0.0));
#3768=DIRECTION('',(0.0,1.0,0.0));
#3769=ORIENTED_EDGE('',*,*,#5051,.F.);
#3770=ORIENTED_EDGE('',*,*,#5052,.F.);
#3771=ORIENTED_EDGE('',*,*,#5053,.F.);
#3772=ORIENTED_EDGE('',*,*,#5054,.F.);
#3773=ORIENTED_EDGE('',*,*,#5055,.F.);
#3774=ORIENTED_EDGE('',*,*,#5056,.F.);
#3775=ORIENTED_EDGE('',*,*,#5057,.F.);
#3776=ORIENTED_EDGE('',*,*,#5058,.F.);
#3777=ORIENTED_EDGE('',*,*,#4558,.F.);
#3778=ORIENTED_EDGE('',*,*,#4739,.T.);
#3779=ORIENTED_EDGE('',*,*,#4434,.T.);
#3780=ORIENTED_EDGE('',*,*,#5059,.F.);
#3781=CARTESIAN_POINT('',(-3.32,0.0,0.0));
#3782=DIRECTION('',(1.0,0.0,0.0));
#3783=DIRECTION('',(0.0,1.0,0.0));
#3784=ORIENTED_EDGE('',*,*,#5060,.F.);
#3785=ORIENTED_EDGE('',*,*,#5061,.F.);
#3786=ORIENTED_EDGE('',*,*,#4848,.F.);
#3787=ORIENTED_EDGE('',*,*,#5042,.F.);
#3788=CARTESIAN_POINT('',(-3.32,0.0,0.0));
#3789=DIRECTION('',(1.0,0.0,0.0));
#3790=DIRECTION('',(0.0,1.0,0.0));
#3791=ORIENTED_EDGE('',*,*,#5062,.F.);
#3792=ORIENTED_EDGE('',*,*,#5063,.F.);
#3793=ORIENTED_EDGE('',*,*,#5064,.F.);
#3794=ORIENTED_EDGE('',*,*,#5065,.F.);
#3795=ORIENTED_EDGE('',*,*,#5066,.F.);
#3796=ORIENTED_EDGE('',*,*,#5067,.F.);
#3797=ORIENTED_EDGE('',*,*,#5068,.F.);
#3798=ORIENTED_EDGE('',*,*,#5043,.F.);
#3799=ORIENTED_EDGE('',*,*,#4564,.F.);
#3800=ORIENTED_EDGE('',*,*,#5069,.F.);
#3801=CARTESIAN_POINT('',(-3.32,0.0,0.0));
#3802=DIRECTION('',(1.0,0.0,0.0));
#3803=DIRECTION('',(0.0,1.0,0.0));
#3804=ORIENTED_EDGE('',*,*,#4570,.F.);
#3805=ORIENTED_EDGE('',*,*,#5040,.F.);
#3806=ORIENTED_EDGE('',*,*,#5070,.F.);
#3807=ORIENTED_EDGE('',*,*,#4511,.F.);
#3808=ORIENTED_EDGE('',*,*,#4562,.F.);
#3809=ORIENTED_EDGE('',*,*,#5047,.T.);
#3810=ORIENTED_EDGE('',*,*,#5071,.F.);
#3811=ORIENTED_EDGE('',*,*,#5001,.F.);
#3812=CARTESIAN_POINT('',(-2.68,-0.29,-3.455));
#3813=DIRECTION('',(0.0,-1.0,0.0));
#3814=DIRECTION('',(0.0,0.0,-1.0));
#3815=ORIENTED_EDGE('',*,*,#5071,.T.);
#3816=ORIENTED_EDGE('',*,*,#5046,.T.);
#3817=ORIENTED_EDGE('',*,*,#5028,.F.);
#3818=ORIENTED_EDGE('',*,*,#5002,.F.);
#3819=CARTESIAN_POINT('',(-2.68,-0.29,-4.955));
#3820=DIRECTION('',(0.0,0.0,-1.0));
#3821=DIRECTION('',(0.0,-1.0,0.0));
#3822=ORIENTED_EDGE('',*,*,#4497,.T.);
#3823=ORIENTED_EDGE('',*,*,#5035,.T.);
#3824=ORIENTED_EDGE('',*,*,#5072,.F.);
#3825=ORIENTED_EDGE('',*,*,#4505,.F.);
#3826=CARTESIAN_POINT('',(-3.2985,3.43,-3.955));
#3827=DIRECTION('',(0.0,0.0,1.0));
#3828=DIRECTION('',(1.0,0.0,0.0));
#3829=ORIENTED_EDGE('',*,*,#5073,.T.);
#3830=ORIENTED_EDGE('',*,*,#5037,.T.);
#3831=ORIENTED_EDGE('',*,*,#5030,.F.);
#3832=ORIENTED_EDGE('',*,*,#4510,.F.);
#3833=CARTESIAN_POINT('',(-3.2985,3.43,-3.955));
#3834=DIRECTION('',(0.0,0.0,1.0));
#3835=DIRECTION('',(1.0,0.0,0.0));
#3836=ORIENTED_EDGE('',*,*,#5039,.T.);
#3837=ORIENTED_EDGE('',*,*,#5074,.F.);
#3838=ORIENTED_EDGE('',*,*,#4512,.F.);
#3839=ORIENTED_EDGE('',*,*,#5070,.T.);
#3840=CARTESIAN_POINT('',(-3.2985,3.43,-3.955));
#3841=DIRECTION('',(0.0,0.0,1.0));
#3842=DIRECTION('',(1.0,0.0,0.0));
#3843=ORIENTED_EDGE('',*,*,#5032,.T.);
#3844=ORIENTED_EDGE('',*,*,#4612,.F.);
#3845=ORIENTED_EDGE('',*,*,#4500,.F.);
#3846=ORIENTED_EDGE('',*,*,#5045,.T.);
#3847=CARTESIAN_POINT('',(-3.2985,3.43,-3.955));
#3848=DIRECTION('',(0.0,0.0,1.0));
#3849=DIRECTION('',(1.0,0.0,0.0));
#3850=ORIENTED_EDGE('',*,*,#5075,.T.);
#3851=ORIENTED_EDGE('',*,*,#5059,.T.);
#3852=ORIENTED_EDGE('',*,*,#4433,.T.);
#3853=ORIENTED_EDGE('',*,*,#4506,.T.);
#3854=ORIENTED_EDGE('',*,*,#5072,.T.);
#3855=ORIENTED_EDGE('',*,*,#5034,.T.);
#3856=ORIENTED_EDGE('',*,*,#4447,.T.);
#3857=ORIENTED_EDGE('',*,*,#5015,.F.);
#3858=CARTESIAN_POINT('',(-2.68,1.85,-5.573266328441));
#3859=DIRECTION('',(-0.0,1.0,0.0));
#3860=DIRECTION('',(1.0,0.0,0.0));
#3861=ORIENTED_EDGE('',*,*,#4840,.F.);
#3862=ORIENTED_EDGE('',*,*,#5049,.T.);
#3863=ORIENTED_EDGE('',*,*,#5076,.F.);
#3864=ORIENTED_EDGE('',*,*,#5004,.F.);
#3865=CARTESIAN_POINT('',(-2.68,1.85,-5.573266328441));
#3866=DIRECTION('',(-0.0,1.0,0.0));
#3867=DIRECTION('',(1.0,0.0,0.0));
#3868=ORIENTED_EDGE('',*,*,#5077,.T.);
#3869=ORIENTED_EDGE('',*,*,#5051,.T.);
#3870=ORIENTED_EDGE('',*,*,#5075,.F.);
#3871=ORIENTED_EDGE('',*,*,#5014,.F.);
#3872=CARTESIAN_POINT('',(-2.68,0.52,-6.309133164221));
#3873=DIRECTION('',(-1.0,0.0,-0.0));
#3874=DIRECTION('',(0.0,0.0,-1.0));
#3875=ORIENTED_EDGE('',*,*,#5078,.T.);
#3876=ORIENTED_EDGE('',*,*,#5052,.T.);
#3877=ORIENTED_EDGE('',*,*,#5077,.F.);
#3878=ORIENTED_EDGE('',*,*,#5013,.F.);
#3879=CARTESIAN_POINT('',(-2.68,1.85,-7.295));
#3880=DIRECTION('',(-0.0,1.0,0.0));
#3881=DIRECTION('',(1.0,0.0,0.0));
#3882=ORIENTED_EDGE('',*,*,#5079,.T.);
#3883=ORIENTED_EDGE('',*,*,#5053,.T.);
#3884=ORIENTED_EDGE('',*,*,#5078,.F.);
#3885=ORIENTED_EDGE('',*,*,#5012,.F.);
#3886=CARTESIAN_POINT('',(-2.68,1.640564477612,-8.135));
#3887=DIRECTION('',(0.0,0.970295726275989,-0.241921895599697));
#3888=DIRECTION('',(-1.0,0.0,0.0));
#3889=ORIENTED_EDGE('',*,*,#5080,.T.);
#3890=ORIENTED_EDGE('',*,*,#5054,.T.);
#3891=ORIENTED_EDGE('',*,*,#5079,.F.);
#3892=ORIENTED_EDGE('',*,*,#5011,.F.);
#3893=CARTESIAN_POINT('',(-2.68,1.419435522388,-8.135));
#3894=DIRECTION('',(0.0,0.0,-1.0));
#3895=DIRECTION('',(0.0,-1.0,0.0));
#3896=ORIENTED_EDGE('',*,*,#5081,.T.);
#3897=ORIENTED_EDGE('',*,*,#5055,.T.);
#3898=ORIENTED_EDGE('',*,*,#5080,.F.);
#3899=ORIENTED_EDGE('',*,*,#5010,.F.);
#3900=CARTESIAN_POINT('',(-2.68,1.21,-7.295));
#3901=DIRECTION('',(0.0,-0.970295726275989,-0.241921895599697));
#3902=DIRECTION('',(0.0,0.241921895599697,-0.970295726275989));
#3903=ORIENTED_EDGE('',*,*,#5082,.T.);
#3904=ORIENTED_EDGE('',*,*,#5056,.T.);
#3905=ORIENTED_EDGE('',*,*,#5081,.F.);
#3906=ORIENTED_EDGE('',*,*,#5009,.F.);
#3907=CARTESIAN_POINT('',(-2.68,1.21,-7.045));
#3908=DIRECTION('',(0.0,-1.0,0.0));
#3909=DIRECTION('',(0.0,0.0,-1.0));
#3910=ORIENTED_EDGE('',*,*,#5083,.T.);
#3911=ORIENTED_EDGE('',*,*,#5057,.T.);
#3912=ORIENTED_EDGE('',*,*,#5082,.F.);
#3913=ORIENTED_EDGE('',*,*,#5008,.F.);
#3914=CARTESIAN_POINT('',(-2.68,-0.12,-6.309133164221));
#3915=DIRECTION('',(-1.0,0.0,-0.0));
#3916=DIRECTION('',(0.0,0.0,-1.0));
#3917=ORIENTED_EDGE('',*,*,#5084,.T.);
#3918=ORIENTED_EDGE('',*,*,#5050,.T.);
#3919=ORIENTED_EDGE('',*,*,#4838,.T.);
#3920=ORIENTED_EDGE('',*,*,#5006,.F.);
#3921=CARTESIAN_POINT('',(-2.68,1.21,2.555));
#3922=DIRECTION('',(0.0,-1.0,0.0));
#3923=DIRECTION('',(0.0,0.0,-1.0));
#3924=ORIENTED_EDGE('',*,*,#4559,.F.);
#3925=ORIENTED_EDGE('',*,*,#5058,.T.);
#3926=ORIENTED_EDGE('',*,*,#5083,.F.);
#3927=ORIENTED_EDGE('',*,*,#5007,.F.);
#3928=ORIENTED_EDGE('',*,*,#4574,.F.);
#3929=ORIENTED_EDGE('',*,*,#5036,.F.);
#3930=ORIENTED_EDGE('',*,*,#5073,.F.);
#3931=ORIENTED_EDGE('',*,*,#4509,.F.);
#3932=CARTESIAN_POINT('',(-2.68,1.21,2.555));
#3933=DIRECTION('',(0.0,-1.0,0.0));
#3934=DIRECTION('',(0.0,0.0,-1.0));
#3935=ORIENTED_EDGE('',*,*,#5076,.T.);
#3936=ORIENTED_EDGE('',*,*,#5048,.T.);
#3937=ORIENTED_EDGE('',*,*,#5084,.F.);
#3938=ORIENTED_EDGE('',*,*,#5005,.F.);
#3939=CARTESIAN_POINT('',(-2.68,1.85,2.555));
#3940=DIRECTION('',(0.0,0.0,1.0));
#3941=DIRECTION('',(1.0,0.0,0.0));
#3942=ORIENTED_EDGE('',*,*,#5085,.T.);
#3943=ORIENTED_EDGE('',*,*,#5069,.T.);
#3944=ORIENTED_EDGE('',*,*,#4563,.T.);
#3945=ORIENTED_EDGE('',*,*,#4513,.T.);
#3946=ORIENTED_EDGE('',*,*,#5074,.T.);
#3947=ORIENTED_EDGE('',*,*,#5038,.T.);
#3948=ORIENTED_EDGE('',*,*,#4568,.T.);
#3949=ORIENTED_EDGE('',*,*,#5027,.F.);
#3950=CARTESIAN_POINT('',(-2.68,-1.15,-5.573266328441));
#3951=DIRECTION('',(-0.0,1.0,0.0));
#3952=DIRECTION('',(1.0,0.0,0.0));
#3953=ORIENTED_EDGE('',*,*,#4849,.F.);
#3954=ORIENTED_EDGE('',*,*,#5061,.T.);
#3955=ORIENTED_EDGE('',*,*,#5086,.F.);
#3956=ORIENTED_EDGE('',*,*,#5016,.F.);
#3957=CARTESIAN_POINT('',(-2.68,-1.15,-5.573266328441));
#3958=DIRECTION('',(-0.0,1.0,0.0));
#3959=DIRECTION('',(1.0,0.0,0.0));
#3960=ORIENTED_EDGE('',*,*,#5087,.T.);
#3961=ORIENTED_EDGE('',*,*,#5062,.T.);
#3962=ORIENTED_EDGE('',*,*,#5085,.F.);
#3963=ORIENTED_EDGE('',*,*,#5026,.F.);
#3964=CARTESIAN_POINT('',(-2.68,0.18,-6.309133164221));
#3965=DIRECTION('',(-1.0,0.0,-0.0));
#3966=DIRECTION('',(0.0,0.0,-1.0));
#3967=ORIENTED_EDGE('',*,*,#5088,.T.);
#3968=ORIENTED_EDGE('',*,*,#5063,.T.);
#3969=ORIENTED_EDGE('',*,*,#5087,.F.);
#3970=ORIENTED_EDGE('',*,*,#5025,.F.);
#3971=CARTESIAN_POINT('',(-2.68,-1.15,-7.295));
#3972=DIRECTION('',(-0.0,1.0,0.0));
#3973=DIRECTION('',(1.0,0.0,0.0));
#3974=ORIENTED_EDGE('',*,*,#5089,.T.);
#3975=ORIENTED_EDGE('',*,*,#5064,.T.);
#3976=ORIENTED_EDGE('',*,*,#5088,.F.);
#3977=ORIENTED_EDGE('',*,*,#5024,.F.);
#3978=CARTESIAN_POINT('',(-2.68,-1.359435522388,-8.135));
#3979=DIRECTION('',(0.0,0.970295726275989,-0.241921895599697));
#3980=DIRECTION('',(-1.0,0.0,0.0));
#3981=ORIENTED_EDGE('',*,*,#5090,.T.);
#3982=ORIENTED_EDGE('',*,*,#5065,.T.);
#3983=ORIENTED_EDGE('',*,*,#5089,.F.);
#3984=ORIENTED_EDGE('',*,*,#5023,.F.);
#3985=CARTESIAN_POINT('',(-2.68,-1.580564477612,-8.135));
#3986=DIRECTION('',(0.0,0.0,-1.0));
#3987=DIRECTION('',(0.0,-1.0,0.0));
#3988=ORIENTED_EDGE('',*,*,#5091,.T.);
#3989=ORIENTED_EDGE('',*,*,#5066,.T.);
#3990=ORIENTED_EDGE('',*,*,#5090,.F.);
#3991=ORIENTED_EDGE('',*,*,#5022,.F.);
#3992=CARTESIAN_POINT('',(-2.68,-1.79,-7.295));
#3993=DIRECTION('',(0.0,-0.970295726275989,-0.241921895599697));
#3994=DIRECTION('',(0.0,0.241921895599697,-0.970295726275989));
#3995=ORIENTED_EDGE('',*,*,#5092,.T.);
#3996=ORIENTED_EDGE('',*,*,#5067,.T.);
#3997=ORIENTED_EDGE('',*,*,#5091,.F.);
#3998=ORIENTED_EDGE('',*,*,#5021,.F.);
#3999=CARTESIAN_POINT('',(-2.68,-1.79,-7.045));
#4000=DIRECTION('',(0.0,-1.0,0.0));
#4001=DIRECTION('',(0.0,0.0,-1.0));
#4002=ORIENTED_EDGE('',*,*,#5044,.T.);
#4003=ORIENTED_EDGE('',*,*,#5068,.T.);
#4004=ORIENTED_EDGE('',*,*,#5092,.F.);
#4005=ORIENTED_EDGE('',*,*,#5020,.F.);
#4006=CARTESIAN_POINT('',(-2.68,-0.46,-6.309133164221));
#4007=DIRECTION('',(-1.0,0.0,-0.0));
#4008=DIRECTION('',(0.0,0.0,-1.0));
#4009=ORIENTED_EDGE('',*,*,#5086,.T.);
#4010=ORIENTED_EDGE('',*,*,#5060,.T.);
#4011=ORIENTED_EDGE('',*,*,#5041,.F.);
#4012=ORIENTED_EDGE('',*,*,#5017,.F.);
#4013=CARTESIAN_POINT('',(-2.68,-1.15,2.555));
#4014=DIRECTION('',(0.0,0.0,1.0));
#4015=DIRECTION('',(1.0,0.0,0.0));
#4016=ORIENTED_EDGE('',*,*,#4518,.F.);
#4017=ORIENTED_EDGE('',*,*,#4464,.F.);
#4018=ORIENTED_EDGE('',*,*,#4474,.F.);
#4019=ORIENTED_EDGE('',*,*,#4488,.F.);
#4020=ORIENTED_EDGE('',*,*,#4545,.F.);
#4021=ORIENTED_EDGE('',*,*,#4781,.T.);
#4022=ORIENTED_EDGE('',*,*,#5093,.F.);
#4023=ORIENTED_EDGE('',*,*,#4740,.F.);
#4024=CARTESIAN_POINT('',(3.32,-0.29,-3.455));
#4025=DIRECTION('',(0.0,-1.0,0.0));
#4026=DIRECTION('',(0.0,0.0,-1.0));
#4027=ORIENTED_EDGE('',*,*,#5093,.T.);
#4028=ORIENTED_EDGE('',*,*,#4780,.T.);
#4029=ORIENTED_EDGE('',*,*,#4769,.F.);
#4030=ORIENTED_EDGE('',*,*,#4741,.F.);
#4031=CARTESIAN_POINT('',(3.32,-0.29,-4.955));
#4032=DIRECTION('',(0.0,0.0,-1.0));
#4033=DIRECTION('',(0.0,-1.0,0.0));
#4034=ORIENTED_EDGE('',*,*,#4341,.T.);
#4035=ORIENTED_EDGE('',*,*,#4322,.T.);
#4036=ORIENTED_EDGE('',*,*,#4718,.T.);
#4037=ORIENTED_EDGE('',*,*,#4724,.T.);
#4038=ORIENTED_EDGE('',*,*,#5094,.T.);
#4039=ORIENTED_EDGE('',*,*,#4332,.T.);
#4040=CARTESIAN_POINT('',(-6.825,1.1,-0.345));
#4041=DIRECTION('',(0.0,-1.0,0.0));
#4042=DIRECTION('',(0.0,0.0,-1.0));
#4043=ORIENTED_EDGE('',*,*,#4333,.T.);
#4044=ORIENTED_EDGE('',*,*,#5094,.F.);
#4045=ORIENTED_EDGE('',*,*,#4723,.F.);
#4046=ORIENTED_EDGE('',*,*,#5095,.T.);
#4047=CARTESIAN_POINT('',(-6.825,0.575,-0.345));
#4048=DIRECTION('',(0.0,0.0,1.0));
#4049=DIRECTION('',(1.0,0.0,0.0));
#4050=ORIENTED_EDGE('',*,*,#4334,.T.);
#4051=ORIENTED_EDGE('',*,*,#5095,.F.);
#4052=ORIENTED_EDGE('',*,*,#4722,.F.);
#4053=ORIENTED_EDGE('',*,*,#5096,.T.);
#4054=CARTESIAN_POINT('',(-6.825,0.575,-2.845));
#4055=DIRECTION('',(0.0,-1.0,0.0));
#4056=DIRECTION('',(0.0,0.0,-1.0));
#4057=ORIENTED_EDGE('',*,*,#4335,.T.);
#4058=ORIENTED_EDGE('',*,*,#5096,.F.);
#4059=ORIENTED_EDGE('',*,*,#4721,.F.);
#4060=ORIENTED_EDGE('',*,*,#5097,.T.);
#4061=CARTESIAN_POINT('',(-6.825,-0.575,-2.845));
#4062=DIRECTION('',(0.0,0.0,1.0));
#4063=DIRECTION('',(1.0,0.0,0.0));
#4064=ORIENTED_EDGE('',*,*,#4336,.T.);
#4065=ORIENTED_EDGE('',*,*,#5097,.F.);
#4066=ORIENTED_EDGE('',*,*,#4720,.F.);
#4067=ORIENTED_EDGE('',*,*,#5098,.T.);
#4068=CARTESIAN_POINT('',(-6.825,-0.575,-0.345));
#4069=DIRECTION('',(-0.0,1.0,0.0));
#4070=DIRECTION('',(1.0,0.0,0.0));
#4071=ORIENTED_EDGE('',*,*,#4337,.T.);
#4072=ORIENTED_EDGE('',*,*,#5098,.F.);
#4073=ORIENTED_EDGE('',*,*,#4719,.F.);
#4074=ORIENTED_EDGE('',*,*,#4323,.T.);
#4075=CARTESIAN_POINT('',(-6.825,-1.1,-0.345));
#4076=DIRECTION('',(0.0,0.0,1.0));
#4077=DIRECTION('',(1.0,0.0,0.0));
#4078=ORIENTED_EDGE('',*,*,#4664,.T.);
#4079=ORIENTED_EDGE('',*,*,#5099,.T.);
#4080=ORIENTED_EDGE('',*,*,#5100,.F.);
#4081=ORIENTED_EDGE('',*,*,#4525,.F.);
#4082=CARTESIAN_POINT('',(6.575,0.95,-4.285));
#4083=DIRECTION('',(-0.0,1.0,0.0));
#4084=DIRECTION('',(1.0,0.0,0.0));
#4085=ORIENTED_EDGE('',*,*,#5101,.T.);
#4086=ORIENTED_EDGE('',*,*,#5102,.T.);
#4087=ORIENTED_EDGE('',*,*,#4526,.T.);
#4088=ORIENTED_EDGE('',*,*,#5100,.T.);
#4089=CARTESIAN_POINT('',(5.575,0.0,0.0));
#4090=DIRECTION('',(1.0,0.0,0.0));
#4091=DIRECTION('',(0.0,1.0,0.0));
#4092=ORIENTED_EDGE('',*,*,#5102,.F.);
#4093=ORIENTED_EDGE('',*,*,#5103,.F.);
#4094=ORIENTED_EDGE('',*,*,#4662,.T.);
#4095=ORIENTED_EDGE('',*,*,#4527,.T.);
#4096=CARTESIAN_POINT('',(6.575,-0.95,-3.685));
#4097=DIRECTION('',(0.0,-1.0,0.0));
#4098=DIRECTION('',(0.0,0.0,-1.0));
#4099=ORIENTED_EDGE('',*,*,#4663,.T.);
#4100=ORIENTED_EDGE('',*,*,#5103,.T.);
#4101=ORIENTED_EDGE('',*,*,#5101,.F.);
#4102=ORIENTED_EDGE('',*,*,#5099,.F.);
#4103=CARTESIAN_POINT('',(6.575,0.95,-3.685));
#4104=DIRECTION('',(0.0,0.0,1.0));
#4105=DIRECTION('',(1.0,0.0,0.0));
#4106=ORIENTED_EDGE('',*,*,#4352,.T.);
#4107=ORIENTED_EDGE('',*,*,#4619,.T.);
#4108=ORIENTED_EDGE('',*,*,#4653,.F.);
#4109=ORIENTED_EDGE('',*,*,#4661,.F.);
#4110=ORIENTED_EDGE('',*,*,#4387,.T.);
#4111=ORIENTED_EDGE('',*,*,#4372,.F.);
#4112=CARTESIAN_POINT('',(6.325,-3.05,4.955));
#4113=DIRECTION('',(-0.374606593415897,0.927183854566793,0.0));
#4114=DIRECTION('',(0.0,0.0,1.0));
#4115=ORIENTED_EDGE('',*,*,#4417,.F.);
#4116=ORIENTED_EDGE('',*,*,#4492,.F.);
#4117=ORIENTED_EDGE('',*,*,#5104,.F.);
#4118=ORIENTED_EDGE('',*,*,#4396,.F.);
#4119=CARTESIAN_POINT('',(4.805,3.43,-3.105));
#4120=DIRECTION('',(1.0,0.0,0.0));
#4121=DIRECTION('',(0.0,1.0,0.0));
#4122=ORIENTED_EDGE('',*,*,#5104,.T.);
#4123=ORIENTED_EDGE('',*,*,#4491,.F.);
#4124=ORIENTED_EDGE('',*,*,#4413,.F.);
#4125=ORIENTED_EDGE('',*,*,#4397,.T.);
#4126=CARTESIAN_POINT('',(-4.805,3.43,-3.105));
#4127=DIRECTION('',(0.0,0.0,1.0));
#4128=DIRECTION('',(1.0,0.0,0.0));
#4129=ORIENTED_EDGE('',*,*,#5105,.F.);
#4130=ORIENTED_EDGE('',*,*,#4440,.T.);
#4131=ORIENTED_EDGE('',*,*,#5106,.T.);
#4132=ORIENTED_EDGE('',*,*,#4307,.F.);
#4133=ORIENTED_EDGE('',*,*,#5107,.F.);
#4134=CARTESIAN_POINT('',(-6.0,2.47,-4.955));
#4135=DIRECTION('',(0.0,0.0,1.0));
#4136=DIRECTION('',(-1.0,0.0,0.0));
#4137=ORIENTED_EDGE('',*,*,#4306,.T.);
#4138=ORIENTED_EDGE('',*,*,#5108,.F.);
#4139=ORIENTED_EDGE('',*,*,#5109,.T.);
#4140=ORIENTED_EDGE('',*,*,#5107,.T.);
#4141=CARTESIAN_POINT('',(-6.0,2.47,-5.649998714035));
#4142=DIRECTION('',(-0.0,0.0,1.0));
#4143=DIRECTION('',(0.0,-1.0,0.0));
#4144=ORIENTED_EDGE('',*,*,#5110,.T.);
#4145=ORIENTED_EDGE('',*,*,#4302,.T.);
#4146=ORIENTED_EDGE('',*,*,#4304,.T.);
#4147=ORIENTED_EDGE('',*,*,#5111,.T.);
#4148=CARTESIAN_POINT('',(-6.325,0.0,-5.815));
#4149=DIRECTION('',(0.0,0.0,-1.0));
#4150=DIRECTION('',(0.0,-1.0,0.0));
#4151=ORIENTED_EDGE('',*,*,#5108,.T.);
#4152=ORIENTED_EDGE('',*,*,#4308,.T.);
#4153=ORIENTED_EDGE('',*,*,#4296,.T.);
#4154=ORIENTED_EDGE('',*,*,#5112,.T.);
#4155=CARTESIAN_POINT('',(-6.325,0.0,-5.815));
#4156=DIRECTION('',(0.0,0.0,-1.0));
#4157=DIRECTION('',(0.0,-1.0,0.0));
#4158=ORIENTED_EDGE('',*,*,#4303,.T.);
#4159=ORIENTED_EDGE('',*,*,#5113,.T.);
#4160=ORIENTED_EDGE('',*,*,#5114,.F.);
#4161=ORIENTED_EDGE('',*,*,#5111,.F.);
#4162=CARTESIAN_POINT('',(6.0,2.47,-5.649998714035));
#4163=DIRECTION('',(-0.0,0.0,1.0));
#4164=DIRECTION('',(0.0,-1.0,0.0));
#4165=ORIENTED_EDGE('',*,*,#4299,.T.);
#4166=ORIENTED_EDGE('',*,*,#5110,.F.);
#4167=ORIENTED_EDGE('',*,*,#5114,.T.);
#4168=ORIENTED_EDGE('',*,*,#5115,.T.);
#4169=CARTESIAN_POINT('',(6.0,2.47,-5.649998714035));
#4170=DIRECTION('',(-0.0,0.0,1.0));
#4171=DIRECTION('',(0.0,-1.0,0.0));
#4172=ORIENTED_EDGE('',*,*,#5116,.F.);
#4173=ORIENTED_EDGE('',*,*,#4424,.T.);
#4174=ORIENTED_EDGE('',*,*,#5117,.T.);
#4175=ORIENTED_EDGE('',*,*,#4300,.F.);
#4176=ORIENTED_EDGE('',*,*,#5115,.F.);
#4177=CARTESIAN_POINT('',(6.0,2.47,-4.955));
#4178=DIRECTION('',(0.0,0.0,1.0));
#4179=DIRECTION('',(-1.0,0.0,0.0));
#4180=ORIENTED_EDGE('',*,*,#5117,.F.);
#4181=ORIENTED_EDGE('',*,*,#4423,.T.);
#4182=ORIENTED_EDGE('',*,*,#5116,.T.);
#4183=ORIENTED_EDGE('',*,*,#5113,.F.);
#4184=ORIENTED_EDGE('',*,*,#4305,.F.);
#4185=CARTESIAN_POINT('',(6.0,2.47,-4.955));
#4186=DIRECTION('',(0.0,0.0,1.0));
#4187=DIRECTION('',(-1.0,0.0,0.0));
#4188=ORIENTED_EDGE('',*,*,#4295,.T.);
#4189=ORIENTED_EDGE('',*,*,#5118,.T.);
#4190=ORIENTED_EDGE('',*,*,#5109,.F.);
#4191=ORIENTED_EDGE('',*,*,#5112,.F.);
#4192=CARTESIAN_POINT('',(-6.0,2.47,-5.649998714035));
#4193=DIRECTION('',(-0.0,0.0,1.0));
#4194=DIRECTION('',(0.0,-1.0,0.0));
#4195=ORIENTED_EDGE('',*,*,#5106,.F.);
#4196=ORIENTED_EDGE('',*,*,#4439,.T.);
#4197=ORIENTED_EDGE('',*,*,#5105,.T.);
#4198=ORIENTED_EDGE('',*,*,#5118,.F.);
#4199=ORIENTED_EDGE('',*,*,#4298,.F.);
#4200=CARTESIAN_POINT('',(-6.0,2.47,-4.955));
#4201=DIRECTION('',(0.0,0.0,1.0));
#4202=DIRECTION('',(-1.0,0.0,0.0));
#4203=ORIENTED_EDGE('',*,*,#5119,.F.);
#4204=ORIENTED_EDGE('',*,*,#5120,.F.);
#4205=ORIENTED_EDGE('',*,*,#5121,.F.);
#4206=ORIENTED_EDGE('',*,*,#4386,.T.);
#4207=CARTESIAN_POINT('',(6.325,0.0,0.0));
#4208=DIRECTION('',(1.0,0.0,0.0));
#4209=DIRECTION('',(0.0,1.0,0.0));
#4210=ORIENTED_EDGE('',*,*,#5121,.T.);
#4211=ORIENTED_EDGE('',*,*,#5122,.T.);
#4212=ORIENTED_EDGE('',*,*,#5123,.F.);
#4213=ORIENTED_EDGE('',*,*,#5124,.F.);
#4214=ORIENTED_EDGE('',*,*,#4374,.T.);
#4215=CARTESIAN_POINT('',(6.325,-2.27375,2.592234067917));
#4216=DIRECTION('',(0.0,-1.0,0.0));
#4217=DIRECTION('',(0.0,0.0,-1.0));
#4218=ORIENTED_EDGE('',*,*,#5124,.T.);
#4219=ORIENTED_EDGE('',*,*,#5125,.F.);
#4220=ORIENTED_EDGE('',*,*,#5126,.F.);
#4221=ORIENTED_EDGE('',*,*,#4375,.T.);
#4222=CARTESIAN_POINT('',(6.325,-2.43,2.406063802838));
#4223=DIRECTION('',(0.0,0.765974342782488,-0.64287114276419));
#4224=DIRECTION('',(-1.0,0.0,0.0));
#4225=ORIENTED_EDGE('',*,*,#5126,.T.);
#4226=ORIENTED_EDGE('',*,*,#5127,.F.);
#4227=ORIENTED_EDGE('',*,*,#5128,.F.);
#4228=ORIENTED_EDGE('',*,*,#4376,.T.);
#4229=CARTESIAN_POINT('',(6.325,-2.43,2.618829809427));
#4230=DIRECTION('',(0.0,-1.0,0.0));
#4231=DIRECTION('',(0.0,0.0,-1.0));
#4232=ORIENTED_EDGE('',*,*,#5128,.T.);
#4233=ORIENTED_EDGE('',*,*,#5129,.F.);
#4234=ORIENTED_EDGE('',*,*,#5130,.F.);
#4235=ORIENTED_EDGE('',*,*,#4377,.T.);
#4236=CARTESIAN_POINT('',(6.325,-2.27375,2.805));
#4237=DIRECTION('',(0.0,-0.765974216092578,0.642871293713882));
#4238=DIRECTION('',(-1.0,0.0,0.0));
#4239=ORIENTED_EDGE('',*,*,#5130,.T.);
#4240=ORIENTED_EDGE('',*,*,#5131,.F.);
#4241=ORIENTED_EDGE('',*,*,#5132,.F.);
#4242=ORIENTED_EDGE('',*,*,#4378,.T.);
#4243=CARTESIAN_POINT('',(6.325,-2.1175,2.805));
#4244=DIRECTION('',(0.0,0.0,1.0));
#4245=DIRECTION('',(1.0,0.0,0.0));
#4246=ORIENTED_EDGE('',*,*,#5132,.T.);
#4247=ORIENTED_EDGE('',*,*,#5133,.F.);
#4248=ORIENTED_EDGE('',*,*,#5134,.F.);
#4249=ORIENTED_EDGE('',*,*,#5119,.T.);
#4250=ORIENTED_EDGE('',*,*,#4379,.T.);
#4251=CARTESIAN_POINT('',(6.325,-2.1175,1.555));
#4252=DIRECTION('',(-0.0,1.0,0.0));
#4253=DIRECTION('',(1.0,0.0,0.0));
#4254=ORIENTED_EDGE('',*,*,#5134,.T.);
#4255=ORIENTED_EDGE('',*,*,#5135,.F.);
#4256=ORIENTED_EDGE('',*,*,#5122,.F.);
#4257=ORIENTED_EDGE('',*,*,#5120,.T.);
#4258=CARTESIAN_POINT('',(6.325,-2.27375,1.555));
#4259=DIRECTION('',(0.0,0.0,-1.0));
#4260=DIRECTION('',(0.0,-1.0,0.0));
#4261=ORIENTED_EDGE('',*,*,#5131,.T.);
#4262=ORIENTED_EDGE('',*,*,#5129,.T.);
#4263=ORIENTED_EDGE('',*,*,#5127,.T.);
#4264=ORIENTED_EDGE('',*,*,#5125,.T.);
#4265=ORIENTED_EDGE('',*,*,#5123,.T.);
#4266=ORIENTED_EDGE('',*,*,#5135,.T.);
#4267=ORIENTED_EDGE('',*,*,#5133,.T.);
#4268=CARTESIAN_POINT('',(6.275,0.0,0.0));
#4269=DIRECTION('',(1.0,0.0,0.0));
#4270=DIRECTION('',(0.0,1.0,0.0));
#4271=AXIS2_PLACEMENT_3D('',#5136,#5137,#5138);
#4272=AXIS2_PLACEMENT_3D('',#5139,#5140,#5141);
#4273=AXIS2_PLACEMENT_3D('',#5142,#5143,#5144);
#4274=AXIS2_PLACEMENT_3D('',#5145,#5146,#5147);
#4275=AXIS2_PLACEMENT_3D('',#5148,#5149,#5150);
#4276=AXIS2_PLACEMENT_3D('',#5151,#5152,#5153);
#4277=AXIS2_PLACEMENT_3D('',#5154,#5155,#5156);
#4278=AXIS2_PLACEMENT_3D('',#5157,#5158,#5159);
#4279=AXIS2_PLACEMENT_3D('',#5160,#5161,#5162);
#4280=AXIS2_PLACEMENT_3D('',#5163,#5164,#5165);
#4281=AXIS2_PLACEMENT_3D('',#5166,#5167,#5168);
#4282=AXIS2_PLACEMENT_3D('',#5169,#5170,#5171);
#4283=AXIS2_PLACEMENT_3D('',#5172,#5173,#5174);
#4284=AXIS2_PLACEMENT_3D('',#5175,#5176,#5177);
#4285=AXIS2_PLACEMENT_3D('',#5178,#5179,#5180);
#4286=AXIS2_PLACEMENT_3D('',#5181,#5182,#5183);
#4287=CARTESIAN_POINT('',(6.325,-3.05,-3.355));
#4288=VECTOR('',#5184,7.768485326494);
#4289=CARTESIAN_POINT('',(-6.325,-3.05,-3.355));
#4290=VECTOR('',#5185,7.768485326494);
#4291=CARTESIAN_POINT('',(-6.0,2.47,-4.955));
#4292=VECTOR('',#5186,0.5300007916544);
#4293=CARTESIAN_POINT('',(6.0,2.47,-4.955));
#4294=VECTOR('',#5187,0.5300007916544);
#4295=EDGE_CURVE('',#5188,#5189,#5190,.T.);
#4296=EDGE_CURVE('',#5191,#5188,#5192,.T.);
#4297=EDGE_CURVE('',#5191,#5193,#5194,.T.);
#4298=EDGE_CURVE('',#5193,#5189,#5195,.T.);
#4299=EDGE_CURVE('',#5196,#5197,#5198,.T.);
#4300=EDGE_CURVE('',#5196,#5199,#5200,.T.);
#4301=EDGE_CURVE('',#5201,#5199,#5202,.T.);
#4302=EDGE_CURVE('',#5197,#5201,#5203,.T.);
#4303=EDGE_CURVE('',#5204,#5205,#5206,.T.);
#4304=EDGE_CURVE('',#5201,#5204,#5207,.T.);
#4305=EDGE_CURVE('',#5199,#5205,#5208,.T.);
#4306=EDGE_CURVE('',#5209,#5210,#5211,.T.);
#4307=EDGE_CURVE('',#5209,#5193,#5212,.T.);
#4308=EDGE_CURVE('',#5210,#5191,#5213,.T.);
#4309=EDGE_CURVE('',#5214,#5215,#5216,.T.);
#4310=EDGE_CURVE('',#5214,#5217,#5218,.T.);
#4311=EDGE_CURVE('',#5217,#5219,#5220,.T.);
#4312=EDGE_CURVE('',#5215,#5219,#5221,.T.);
#4313=EDGE_CURVE('',#5222,#5223,#5224,.T.);
#4314=EDGE_CURVE('',#5225,#5222,#5226,.T.);
#4315=EDGE_CURVE('',#5227,#5225,#5228,.T.);
#4316=EDGE_CURVE('',#5227,#5229,#5230,.T.);
#4317=EDGE_CURVE('',#5229,#5223,#5231,.T.);
#4318=EDGE_CURVE('',#5232,#5233,#5234,.T.);
#4319=EDGE_CURVE('',#5235,#5233,#5236,.T.);
#4320=EDGE_CURVE('',#5237,#5235,#5238,.T.);
#4321=EDGE_CURVE('',#5239,#5237,#5240,.T.);
#4322=EDGE_CURVE('',#5232,#5239,#5241,.T.);
#4323=EDGE_CURVE('',#5242,#5243,#5244,.T.);
#4324=EDGE_CURVE('',#5245,#5242,#5246,.T.);
#4325=EDGE_CURVE('',#5223,#5245,#5247,.T.);
#4326=EDGE_CURVE('',#5248,#5229,#5249,.T.);
#4327=EDGE_CURVE('',#5248,#5243,#5250,.T.);
#4328=EDGE_CURVE('',#5251,#5252,#5253,.T.);
#4329=EDGE_CURVE('',#5251,#5254,#5255,.T.);
#4330=EDGE_CURVE('',#5254,#5256,#5257,.T.);
#4331=EDGE_CURVE('',#5256,#5258,#5259,.T.);
#4332=EDGE_CURVE('',#5260,#5258,#5261,.T.);
#4333=EDGE_CURVE('',#5262,#5260,#5263,.T.);
#4334=EDGE_CURVE('',#5264,#5262,#5265,.T.);
#4335=EDGE_CURVE('',#5266,#5264,#5267,.T.);
#4336=EDGE_CURVE('',#5268,#5266,#5269,.T.);
#4337=EDGE_CURVE('',#5243,#5268,#5270,.T.);
#4338=EDGE_CURVE('',#5248,#5252,#5271,.T.);
#4339=EDGE_CURVE('',#5252,#5227,#5272,.T.);
#4340=EDGE_CURVE('',#5256,#5233,#5273,.T.);
#4341=EDGE_CURVE('',#5258,#5232,#5274,.T.);
#4342=EDGE_CURVE('',#5275,#5276,#5277,.T.);
#4343=EDGE_CURVE('',#5276,#5278,#5279,.T.);
#4344=EDGE_CURVE('',#5275,#5278,#5280,.T.);
#4345=EDGE_CURVE('',#5251,#5227,#5281,.T.);
#4346=EDGE_CURVE('',#5282,#5283,#5284,.T.);
#4347=EDGE_CURVE('',#5282,#5285,#5286,.T.);
#4348=EDGE_CURVE('',#5285,#5287,#5288,.T.);
#4349=EDGE_CURVE('',#5283,#5287,#5289,.T.);
#4350=EDGE_CURVE('',#5278,#5290,#5291,.T.);
#4351=EDGE_CURVE('',#5292,#5290,#5293,.T.);
#4352=EDGE_CURVE('',#5294,#5292,#5295,.T.);
#4353=EDGE_CURVE('',#5275,#5294,#5296,.T.);
#4354=EDGE_CURVE('',#5297,#5287,#5298,.T.);
#4355=EDGE_CURVE('',#5283,#5297,#5299,.T.);
#4356=EDGE_CURVE('',#5254,#5233,#5300,.T.);
#4357=EDGE_CURVE('',#5301,#5276,#5302,.T.);
#4358=EDGE_CURVE('',#5275,#5303,#5304,.T.);
#4359=EDGE_CURVE('',#5303,#5301,#5305,.T.);
#4360=EDGE_CURVE('',#5306,#5283,#5307,.T.);
#4361=EDGE_CURVE('',#5297,#5308,#5309,.T.);
#4362=EDGE_CURVE('',#5306,#5308,#5310,.T.);
#4363=EDGE_CURVE('',#5311,#5312,#5313,.T.);
#4364=EDGE_CURVE('',#5312,#5314,#5315,.T.);
#4365=EDGE_CURVE('',#5314,#5316,#5317,.T.);
#4366=EDGE_CURVE('',#5301,#5316,#5318,.T.);
#4367=EDGE_CURVE('',#5303,#5311,#5319,.T.);
#4368=EDGE_CURVE('',#5320,#5321,#5322,.T.);
#4369=EDGE_CURVE('',#5321,#5282,#5323,.T.);
#4370=EDGE_CURVE('',#5306,#5320,#5324,.T.);
#4371=EDGE_CURVE('',#5325,#5311,#5326,.T.);
#4372=EDGE_CURVE('',#5294,#5327,#5328,.T.);
#4373=EDGE_CURVE('',#5327,#5329,#5330,.T.);
#4374=EDGE_CURVE('',#5331,#5329,#5332,.T.);
#4375=EDGE_CURVE('',#5333,#5331,#5334,.T.);
#4376=EDGE_CURVE('',#5335,#5333,#5336,.T.);
#4377=EDGE_CURVE('',#5337,#5335,#5338,.T.);
#4378=EDGE_CURVE('',#5339,#5337,#5340,.T.);
#4379=EDGE_CURVE('',#5325,#5339,#5341,.T.);
#4380=EDGE_CURVE('',#5342,#5308,#5343,.T.);
#4381=EDGE_CURVE('',#5344,#5342,#5345,.T.);
#4382=EDGE_CURVE('',#5346,#5344,#5347,.T.);
#4383=EDGE_CURVE('',#5320,#5346,#5348,.T.);
#4384=EDGE_CURVE('',#5349,#5346,#5350,.T.);
#4385=EDGE_CURVE('',#5321,#5349,#5351,.T.);
#4386=EDGE_CURVE('',#5329,#5325,#5352,.T.);
#4387=EDGE_CURVE('',#5353,#5327,#5354,.T.);
#4388=EDGE_CURVE('',#5312,#5353,#5355,.T.);
#4389=EDGE_CURVE('',#5356,#5357,#5358,.T.);
#4390=EDGE_CURVE('',#5359,#5357,#5360,.T.);
#4391=EDGE_CURVE('',#5237,#5359,#5361,.T.);
#4392=EDGE_CURVE('',#5362,#5235,#5363,.T.);
#4393=EDGE_CURVE('',#5362,#5285,#5364,.T.);
#4394=EDGE_CURVE('',#5365,#5349,#5366,.T.);
#4395=EDGE_CURVE('',#5365,#5367,#5368,.T.);
#4396=EDGE_CURVE('',#5367,#5369,#5370,.T.);
#4397=EDGE_CURVE('',#5371,#5369,#5372,.T.);
#4398=EDGE_CURVE('',#5356,#5371,#5373,.T.);
#4399=EDGE_CURVE('',#5374,#5375,#5376,.T.);
#4400=EDGE_CURVE('',#5377,#5375,#5378,.T.);
#4401=EDGE_CURVE('',#5379,#5377,#5380,.T.);
#4402=EDGE_CURVE('',#5379,#5374,#5381,.T.);
#4403=EDGE_CURVE('',#5382,#5379,#5383,.T.);
#4404=EDGE_CURVE('',#5384,#5382,#5385,.T.);
#4405=EDGE_CURVE('',#5217,#5384,#5386,.T.);
#4406=EDGE_CURVE('',#5374,#5214,#5387,.T.);
#4407=EDGE_CURVE('',#5375,#5215,#5388,.T.);
#4408=EDGE_CURVE('',#5219,#5389,#5390,.T.);
#4409=EDGE_CURVE('',#5389,#5391,#5392,.T.);
#4410=EDGE_CURVE('',#5391,#5377,#5393,.T.);
#4411=EDGE_CURVE('',#5382,#5391,#5394,.T.);
#4412=EDGE_CURVE('',#5384,#5389,#5395,.T.);
#4413=EDGE_CURVE('',#5371,#5396,#5397,.T.);
#4414=EDGE_CURVE('',#5398,#5396,#5399,.T.);
#4415=EDGE_CURVE('',#5398,#5356,#5400,.T.);
#4416=EDGE_CURVE('',#5401,#5402,#5403,.T.);
#4417=EDGE_CURVE('',#5402,#5367,#5404,.T.);
#4418=EDGE_CURVE('',#5405,#5365,#5406,.T.);
#4419=EDGE_CURVE('',#5405,#5407,#5408,.T.);
#4420=EDGE_CURVE('',#5407,#5409,#5410,.T.);
#4421=EDGE_CURVE('',#5411,#5409,#5412,.T.);
#4422=EDGE_CURVE('',#5411,#5401,#5413,.T.);
#4423=EDGE_CURVE('',#5414,#5415,#5416,.T.);
#4424=EDGE_CURVE('',#5415,#5414,#5417,.T.);
#4425=EDGE_CURVE('',#5418,#5419,#5420,.T.);
#4426=EDGE_CURVE('',#5421,#5419,#5422,.T.);
#4427=EDGE_CURVE('',#5423,#5421,#5424,.T.);
#4428=EDGE_CURVE('',#5425,#5423,#5426,.T.);
#4429=EDGE_CURVE('',#5425,#5427,#5428,.T.);
#4430=EDGE_CURVE('',#5427,#5429,#5430,.T.);
#4431=EDGE_CURVE('',#5431,#5429,#5432,.T.);
#4432=EDGE_CURVE('',#5431,#5418,#5433,.T.);
#4433=EDGE_CURVE('',#5434,#5435,#5436,.T.);
#4434=EDGE_CURVE('',#5437,#5434,#5438,.T.);
#4435=EDGE_CURVE('',#5437,#5439,#5440,.T.);
#4436=EDGE_CURVE('',#5357,#5439,#5441,.T.);
#4437=EDGE_CURVE('',#5398,#5442,#5443,.T.);
#4438=EDGE_CURVE('',#5435,#5442,#5444,.T.);
#4439=EDGE_CURVE('',#5445,#5446,#5447,.T.);
#4440=EDGE_CURVE('',#5446,#5445,#5448,.T.);
#4441=EDGE_CURVE('',#5449,#5450,#5451,.T.);
#4442=EDGE_CURVE('',#5452,#5450,#5453,.T.);
#4443=EDGE_CURVE('',#5454,#5452,#5455,.T.);
#4444=EDGE_CURVE('',#5456,#5454,#5457,.T.);
#4445=EDGE_CURVE('',#5456,#5458,#5459,.T.);
#4446=EDGE_CURVE('',#5458,#5460,#5461,.T.);
#4447=EDGE_CURVE('',#5462,#5460,#5463,.T.);
#4448=EDGE_CURVE('',#5462,#5449,#5464,.T.);
#4449=EDGE_CURVE('',#5401,#5465,#5466,.T.);
#4450=EDGE_CURVE('',#5467,#5411,#5468,.T.);
#4451=EDGE_CURVE('',#5465,#5467,#5469,.T.);
#4452=EDGE_CURVE('',#5470,#5471,#5472,.T.);
#4453=EDGE_CURVE('',#5473,#5471,#5474,.T.);
#4454=EDGE_CURVE('',#5475,#5473,#5476,.T.);
#4455=EDGE_CURVE('',#5470,#5475,#5477,.T.);
#4456=EDGE_CURVE('',#5478,#5479,#5480,.T.);
#4457=EDGE_CURVE('',#5478,#5481,#5482,.T.);
#4458=EDGE_CURVE('',#5481,#5483,#5484,.T.);
#4459=EDGE_CURVE('',#5485,#5483,#5486,.T.);
#4460=EDGE_CURVE('',#5485,#5487,#5488,.T.);
#4461=EDGE_CURVE('',#5479,#5487,#5489,.T.);
#4462=EDGE_CURVE('',#5490,#5491,#5492,.T.);
#4463=EDGE_CURVE('',#5493,#5490,#5494,.T.);
#4464=EDGE_CURVE('',#5493,#5495,#5496,.T.);
#4465=EDGE_CURVE('',#5491,#5495,#5497,.T.);
#4466=EDGE_CURVE('',#5498,#5465,#5499,.T.);
#4467=EDGE_CURVE('',#5500,#5467,#5501,.T.);
#4468=EDGE_CURVE('',#5498,#5500,#5502,.T.);
#4469=EDGE_CURVE('',#5503,#5470,#5504,.T.);
#4470=EDGE_CURVE('',#5505,#5475,#5506,.T.);
#4471=EDGE_CURVE('',#5503,#5505,#5507,.T.);
#4472=EDGE_CURVE('',#5508,#5490,#5509,.T.);
#4473=EDGE_CURVE('',#5510,#5508,#5511,.T.);
#4474=EDGE_CURVE('',#5510,#5493,#5512,.T.);
#4475=EDGE_CURVE('',#5513,#5483,#5514,.T.);
#4476=EDGE_CURVE('',#5515,#5513,#5516,.T.);
#4477=EDGE_CURVE('',#5515,#5485,#5517,.T.);
#4478=EDGE_CURVE('',#5421,#5500,#5518,.T.);
#4479=EDGE_CURVE('',#5419,#5498,#5519,.T.);
#4480=EDGE_CURVE('',#5520,#5505,#5521,.T.);
#4481=EDGE_CURVE('',#5520,#5522,#5523,.T.);
#4482=EDGE_CURVE('',#5522,#5503,#5524,.T.);
#4483=EDGE_CURVE('',#5525,#5515,#5526,.T.);
#4484=EDGE_CURVE('',#5527,#5513,#5528,.T.);
#4485=EDGE_CURVE('',#5529,#5527,#5530,.T.);
#4486=EDGE_CURVE('',#5529,#5531,#5532,.T.);
#4487=EDGE_CURVE('',#5531,#5525,#5533,.T.);
#4488=EDGE_CURVE('',#5534,#5510,#5535,.T.);
#4489=EDGE_CURVE('',#5536,#5508,#5537,.T.);
#4490=EDGE_CURVE('',#5536,#5534,#5538,.T.);
#4491=EDGE_CURVE('',#5396,#5539,#5540,.T.);
#4492=EDGE_CURVE('',#5539,#5402,#5541,.T.);
#4493=EDGE_CURVE('',#5418,#5542,#5543,.T.);
#4494=EDGE_CURVE('',#5544,#5542,#5545,.T.);
#4495=EDGE_CURVE('',#5450,#5544,#5546,.T.);
#4496=EDGE_CURVE('',#5449,#5547,#5548,.T.);
#4497=EDGE_CURVE('',#5549,#5547,#5550,.T.);
#4498=EDGE_CURVE('',#5442,#5549,#5551,.T.);
#4499=EDGE_CURVE('',#5552,#5553,#5554,.T.);
#4500=EDGE_CURVE('',#5553,#5555,#5556,.T.);
#4501=EDGE_CURVE('',#5557,#5555,#5558,.T.);
#4502=EDGE_CURVE('',#5559,#5557,#5560,.T.);
#4503=EDGE_CURVE('',#5559,#5561,#5562,.T.);
#4504=EDGE_CURVE('',#5561,#5552,#5563,.T.);
#4505=EDGE_CURVE('',#5549,#5564,#5565,.T.);
#4506=EDGE_CURVE('',#5435,#5564,#5566,.T.);
#4507=EDGE_CURVE('',#5567,#5568,#5569,.T.);
#4508=EDGE_CURVE('',#5567,#5570,#5571,.T.);
#4509=EDGE_CURVE('',#5570,#5572,#5573,.T.);
#4510=EDGE_CURVE('',#5572,#5568,#5574,.T.);
#4511=EDGE_CURVE('',#5575,#5576,#5577,.T.);
#4512=EDGE_CURVE('',#5576,#5578,#5579,.T.);
#4513=EDGE_CURVE('',#5580,#5578,#5581,.T.);
#4514=EDGE_CURVE('',#5580,#5575,#5582,.T.);
#4515=EDGE_CURVE('',#5487,#5583,#5584,.T.);
#4516=EDGE_CURVE('',#5585,#5583,#5586,.T.);
#4517=EDGE_CURVE('',#5491,#5585,#5587,.T.);
#4518=EDGE_CURVE('',#5495,#5588,#5589,.T.);
#4519=EDGE_CURVE('',#5590,#5588,#5591,.T.);
#4520=EDGE_CURVE('',#5473,#5590,#5592,.T.);
#4521=EDGE_CURVE('',#5471,#5593,#5594,.T.);
#4522=EDGE_CURVE('',#5595,#5593,#5596,.T.);
#4523=EDGE_CURVE('',#5597,#5595,#5598,.T.);
#4524=EDGE_CURVE('',#5599,#5597,#5600,.T.);
#4525=EDGE_CURVE('',#5599,#5601,#5602,.T.);
#4526=EDGE_CURVE('',#5603,#5601,#5604,.T.);
#4527=EDGE_CURVE('',#5605,#5603,#5606,.T.);
#4528=EDGE_CURVE('',#5607,#5605,#5608,.T.);
#4529=EDGE_CURVE('',#5607,#5479,#5609,.T.);
#4530=EDGE_CURVE('',#5610,#5611,#5612,.T.);
#4531=EDGE_CURVE('',#5613,#5611,#5614,.T.);
#4532=EDGE_CURVE('',#5615,#5613,#5616,.T.);
#4533=EDGE_CURVE('',#5615,#5617,#5618,.T.);
#4534=EDGE_CURVE('',#5617,#5619,#5620,.T.);
#4535=EDGE_CURVE('',#5621,#5619,#5622,.T.);
#4536=EDGE_CURVE('',#5623,#5621,#5624,.T.);
#4537=EDGE_CURVE('',#5623,#5625,#5626,.T.);
#4538=EDGE_CURVE('',#5625,#5627,#5628,.T.);
#4539=EDGE_CURVE('',#5629,#5627,#5630,.T.);
#4540=EDGE_CURVE('',#5631,#5629,#5632,.T.);
#4541=EDGE_CURVE('',#5633,#5631,#5634,.T.);
#4542=EDGE_CURVE('',#5633,#5522,#5635,.T.);
#4543=EDGE_CURVE('',#5636,#5520,#5637,.T.);
#4544=EDGE_CURVE('',#5636,#5638,#5639,.T.);
#4545=EDGE_CURVE('',#5638,#5534,#5640,.T.);
#4546=EDGE_CURVE('',#5641,#5536,#5642,.T.);
#4547=EDGE_CURVE('',#5641,#5643,#5644,.T.);
#4548=EDGE_CURVE('',#5643,#5525,#5645,.T.);
#4549=EDGE_CURVE('',#5531,#5646,#5647,.T.);
#4550=EDGE_CURVE('',#5646,#5610,#5648,.T.);
#4551=EDGE_CURVE('',#5561,#5649,#5650,.T.);
#4552=EDGE_CURVE('',#5651,#5649,#5652,.T.);
#4553=EDGE_CURVE('',#5651,#5653,#5654,.T.);
#4554=EDGE_CURVE('',#5653,#5655,#5656,.T.);
#4555=EDGE_CURVE('',#5657,#5655,#5658,.T.);
#4556=EDGE_CURVE('',#5659,#5657,#5660,.T.);
#4557=EDGE_CURVE('',#5661,#5659,#5662,.T.);
#4558=EDGE_CURVE('',#5661,#5663,#5664,.T.);
#4559=EDGE_CURVE('',#5663,#5570,#5665,.T.);
#4560=EDGE_CURVE('',#5666,#5567,#5667,.T.);
#4561=EDGE_CURVE('',#5666,#5668,#5669,.T.);
#4562=EDGE_CURVE('',#5668,#5575,#5670,.T.);
#4563=EDGE_CURVE('',#5671,#5580,#5672,.T.);
#4564=EDGE_CURVE('',#5671,#5673,#5674,.T.);
#4565=EDGE_CURVE('',#5673,#5552,#5675,.T.);
#4566=EDGE_CURVE('',#5676,#5677,#5678,.T.);
#4567=EDGE_CURVE('',#5679,#5677,#5680,.T.);
#4568=EDGE_CURVE('',#5681,#5679,#5682,.T.);
#4569=EDGE_CURVE('',#5681,#5683,#5684,.T.);
#4570=EDGE_CURVE('',#5683,#5685,#5686,.T.);
#4571=EDGE_CURVE('',#5687,#5685,#5688,.T.);
#4572=EDGE_CURVE('',#5689,#5687,#5690,.T.);
#4573=EDGE_CURVE('',#5689,#5691,#5692,.T.);
#4574=EDGE_CURVE('',#5691,#5693,#5694,.T.);
#4575=EDGE_CURVE('',#5695,#5693,#5696,.T.);
#4576=EDGE_CURVE('',#5697,#5695,#5698,.T.);
#4577=EDGE_CURVE('',#5697,#5699,#5700,.T.);
#4578=EDGE_CURVE('',#5699,#5701,#5702,.T.);
#4579=EDGE_CURVE('',#5703,#5701,#5704,.T.);
#4580=EDGE_CURVE('',#5705,#5703,#5706,.T.);
#4581=EDGE_CURVE('',#5705,#5707,#5708,.T.);
#4582=EDGE_CURVE('',#5707,#5709,#5710,.T.);
#4583=EDGE_CURVE('',#5711,#5709,#5712,.T.);
#4584=EDGE_CURVE('',#5713,#5711,#5714,.T.);
#4585=EDGE_CURVE('',#5713,#5715,#5716,.T.);
#4586=EDGE_CURVE('',#5715,#5717,#5718,.T.);
#4587=EDGE_CURVE('',#5719,#5717,#5720,.T.);
#4588=EDGE_CURVE('',#5719,#5721,#5722,.T.);
#4589=EDGE_CURVE('',#5721,#5676,#5723,.T.);
#4590=EDGE_CURVE('',#5724,#5607,#5725,.T.);
#4591=EDGE_CURVE('',#5724,#5478,#5726,.T.);
#4592=EDGE_CURVE('',#5529,#5727,#5728,.T.);
#4593=EDGE_CURVE('',#5727,#5646,#5729,.T.);
#4594=EDGE_CURVE('',#5559,#5730,#5731,.T.);
#4595=EDGE_CURVE('',#5649,#5730,#5732,.T.);
#4596=EDGE_CURVE('',#5733,#5719,#5734,.T.);
#4597=EDGE_CURVE('',#5733,#5735,#5736,.T.);
#4598=EDGE_CURVE('',#5735,#5721,#5737,.T.);
#4599=EDGE_CURVE('',#5738,#5724,#5739,.T.);
#4600=EDGE_CURVE('',#5738,#5740,#5741,.T.);
#4601=EDGE_CURVE('',#5740,#5742,#5743,.T.);
#4602=EDGE_CURVE('',#5742,#5481,#5744,.T.);
#4603=EDGE_CURVE('',#5527,#5745,#5746,.T.);
#4604=EDGE_CURVE('',#5727,#5745,#5747,.T.);
#4605=EDGE_CURVE('',#5557,#5748,#5749,.T.);
#4606=EDGE_CURVE('',#5750,#5748,#5751,.T.);
#4607=EDGE_CURVE('',#5750,#5752,#5753,.T.);
#4608=EDGE_CURVE('',#5730,#5752,#5754,.T.);
#4609=EDGE_CURVE('',#5733,#5755,#5756,.T.);
#4610=EDGE_CURVE('',#5755,#5757,#5758,.T.);
#4611=EDGE_CURVE('',#5735,#5757,#5759,.T.);
#4612=EDGE_CURVE('',#5555,#5760,#5761,.T.);
#4613=EDGE_CURVE('',#5757,#5760,#5762,.T.);
#4614=EDGE_CURVE('',#5755,#5763,#5764,.T.);
#4615=EDGE_CURVE('',#5763,#5765,#5766,.T.);
#4616=EDGE_CURVE('',#5745,#5765,#5767,.T.);
#4617=EDGE_CURVE('',#5768,#5742,#5769,.T.);
#4618=EDGE_CURVE('',#5768,#5770,#5771,.T.);
#4619=EDGE_CURVE('',#5292,#5770,#5772,.T.);
#4620=EDGE_CURVE('',#5773,#5290,#5774,.T.);
#4621=EDGE_CURVE('',#5773,#5775,#5776,.T.);
#4622=EDGE_CURVE('',#5775,#5777,#5778,.T.);
#4623=EDGE_CURVE('',#5777,#5779,#5780,.T.);
#4624=EDGE_CURVE('',#5779,#5748,#5781,.T.);
#4625=EDGE_CURVE('',#5782,#5783,#5784,.T.);
#4626=EDGE_CURVE('',#5785,#5782,#5786,.T.);
#4627=EDGE_CURVE('',#5785,#5787,#5788,.T.);
#4628=EDGE_CURVE('',#5787,#5783,#5789,.T.);
#4629=EDGE_CURVE('',#5790,#5791,#5792,.T.);
#4630=EDGE_CURVE('',#5793,#5790,#5794,.T.);
#4631=EDGE_CURVE('',#5793,#5795,#5796,.T.);
#4632=EDGE_CURVE('',#5795,#5791,#5797,.T.);
#4633=EDGE_CURVE('',#5795,#5798,#5799,.T.);
#4634=EDGE_CURVE('',#5798,#5800,#5801,.T.);
#4635=EDGE_CURVE('',#5800,#5791,#5802,.T.);
#4636=EDGE_CURVE('',#5787,#5803,#5804,.T.);
#4637=EDGE_CURVE('',#5803,#5805,#5806,.T.);
#4638=EDGE_CURVE('',#5805,#5783,#5807,.T.);
#4639=EDGE_CURVE('',#5800,#5808,#5809,.T.);
#4640=EDGE_CURVE('',#5808,#5790,#5810,.T.);
#4641=EDGE_CURVE('',#5811,#5808,#5812,.T.);
#4642=EDGE_CURVE('',#5793,#5811,#5813,.T.);
#4643=EDGE_CURVE('',#5814,#5782,#5815,.T.);
#4644=EDGE_CURVE('',#5816,#5814,#5817,.T.);
#4645=EDGE_CURVE('',#5785,#5816,#5818,.T.);
#4646=EDGE_CURVE('',#5798,#5811,#5819,.T.);
#4647=EDGE_CURVE('',#5803,#5816,#5820,.T.);
#4648=EDGE_CURVE('',#5805,#5814,#5821,.T.);
#4649=EDGE_CURVE('',#5822,#5750,#5823,.T.);
#4650=EDGE_CURVE('',#5822,#5779,#5824,.T.);
#4651=EDGE_CURVE('',#5825,#5826,#5827,.T.);
#4652=EDGE_CURVE('',#5825,#5828,#5829,.T.);
#4653=EDGE_CURVE('',#5828,#5770,#5830,.T.);
#4654=EDGE_CURVE('',#5826,#5768,#5831,.T.);
#4655=EDGE_CURVE('',#5777,#5832,#5833,.T.);
#4656=EDGE_CURVE('',#5834,#5832,#5835,.T.);
#4657=EDGE_CURVE('',#5822,#5834,#5836,.T.);
#4658=EDGE_CURVE('',#5826,#5740,#5837,.T.);
#4659=EDGE_CURVE('',#5825,#5738,#5838,.T.);
#4660=EDGE_CURVE('',#5752,#5834,#5839,.T.);
#4661=EDGE_CURVE('',#5353,#5828,#5840,.T.);
#4662=EDGE_CURVE('',#5841,#5605,#5842,.T.);
#4663=EDGE_CURVE('',#5843,#5841,#5844,.T.);
#4664=EDGE_CURVE('',#5599,#5843,#5845,.T.);
#4665=EDGE_CURVE('',#5597,#5405,#5846,.T.);
#4666=EDGE_CURVE('',#5847,#5344,#5848,.T.);
#4667=EDGE_CURVE('',#5849,#5847,#5850,.T.);
#4668=EDGE_CURVE('',#5851,#5849,#5852,.T.);
#4669=EDGE_CURVE('',#5853,#5851,#5854,.T.);
#4670=EDGE_CURVE('',#5314,#5853,#5855,.T.);
#4671=EDGE_CURVE('',#5853,#5856,#5857,.T.);
#4672=EDGE_CURVE('',#5316,#5856,#5858,.T.);
#4673=EDGE_CURVE('',#5278,#5287,#5859,.T.);
#4674=EDGE_CURVE('',#5856,#5860,#5861,.T.);
#4675=EDGE_CURVE('',#5860,#5862,#5863,.T.);
#4676=EDGE_CURVE('',#5862,#5864,#5865,.T.);
#4677=EDGE_CURVE('',#5864,#5342,#5866,.T.);
#4678=EDGE_CURVE('',#5847,#5864,#5867,.T.);
#4679=EDGE_CURVE('',#5849,#5862,#5868,.T.);
#4680=EDGE_CURVE('',#5851,#5860,#5869,.T.);
#4681=EDGE_CURVE('',#5362,#5254,#5870,.T.);
#4682=EDGE_CURVE('',#5251,#5773,#5871,.T.);
#4683=EDGE_CURVE('',#5872,#5873,#5874,.T.);
#4684=EDGE_CURVE('',#5875,#5872,#5876,.T.);
#4685=EDGE_CURVE('',#5877,#5875,#5878,.T.);
#4686=EDGE_CURVE('',#5879,#5877,#5880,.T.);
#4687=EDGE_CURVE('',#5873,#5879,#5881,.T.);
#4688=EDGE_CURVE('',#5882,#5883,#5884,.T.);
#4689=EDGE_CURVE('',#5885,#5882,#5886,.T.);
#4690=EDGE_CURVE('',#5887,#5885,#5888,.T.);
#4691=EDGE_CURVE('',#5889,#5887,#5890,.T.);
#4692=EDGE_CURVE('',#5883,#5889,#5891,.T.);
#4693=EDGE_CURVE('',#5892,#5893,#5894,.T.);
#4694=EDGE_CURVE('',#5895,#5892,#5896,.T.);
#4695=EDGE_CURVE('',#5897,#5895,#5898,.T.);
#4696=EDGE_CURVE('',#5899,#5897,#5900,.T.);
#4697=EDGE_CURVE('',#5893,#5899,#5901,.T.);
#4698=EDGE_CURVE('',#5902,#5903,#5904,.T.);
#4699=EDGE_CURVE('',#5905,#5902,#5906,.T.);
#4700=EDGE_CURVE('',#5907,#5905,#5908,.T.);
#4701=EDGE_CURVE('',#5909,#5907,#5910,.T.);
#4702=EDGE_CURVE('',#5903,#5909,#5911,.T.);
#4703=EDGE_CURVE('',#5912,#5913,#5914,.T.);
#4704=EDGE_CURVE('',#5915,#5912,#5916,.T.);
#4705=EDGE_CURVE('',#5917,#5915,#5918,.T.);
#4706=EDGE_CURVE('',#5919,#5917,#5920,.T.);
#4707=EDGE_CURVE('',#5913,#5919,#5921,.T.);
#4708=EDGE_CURVE('',#5922,#5923,#5924,.T.);
#4709=EDGE_CURVE('',#5925,#5922,#5926,.T.);
#4710=EDGE_CURVE('',#5927,#5925,#5928,.T.);
#4711=EDGE_CURVE('',#5929,#5927,#5930,.T.);
#4712=EDGE_CURVE('',#5923,#5929,#5931,.T.);
#4713=EDGE_CURVE('',#5225,#5775,#5932,.T.);
#4714=EDGE_CURVE('',#5933,#5832,#5934,.T.);
#4715=EDGE_CURVE('',#5933,#5222,#5935,.T.);
#4716=EDGE_CURVE('',#5933,#5245,#5936,.T.);
#4717=EDGE_CURVE('',#5937,#5359,#5938,.T.);
#4718=EDGE_CURVE('',#5239,#5937,#5939,.T.);
#4719=EDGE_CURVE('',#5242,#5940,#5941,.T.);
#4720=EDGE_CURVE('',#5940,#5942,#5943,.T.);
#4721=EDGE_CURVE('',#5942,#5944,#5945,.T.);
#4722=EDGE_CURVE('',#5944,#5946,#5947,.T.);
#4723=EDGE_CURVE('',#5946,#5948,#5949,.T.);
#4724=EDGE_CURVE('',#5937,#5948,#5950,.T.);
#4725=EDGE_CURVE('',#5439,#5659,#5951,.T.);
#4726=EDGE_CURVE('',#5657,#5952,#5953,.T.);
#4727=EDGE_CURVE('',#5952,#5954,#5955,.T.);
#4728=EDGE_CURVE('',#5954,#5651,#5956,.T.);
#4729=EDGE_CURVE('',#5954,#5957,#5958,.T.);
#4730=EDGE_CURVE('',#5957,#5653,#5959,.T.);
#4731=EDGE_CURVE('',#5960,#5957,#5961,.T.);
#4732=EDGE_CURVE('',#5655,#5960,#5962,.T.);
#4733=EDGE_CURVE('',#5952,#5960,#5963,.T.);
#4734=EDGE_CURVE('',#5595,#5407,#5964,.T.);
#4735=EDGE_CURVE('',#5631,#5425,#5965,.T.);
#4736=EDGE_CURVE('',#5629,#5427,#5966,.T.);
#4737=EDGE_CURVE('',#5697,#5456,#5967,.T.);
#4738=EDGE_CURVE('',#5695,#5458,#5968,.T.);
#4739=EDGE_CURVE('',#5661,#5437,#5969,.T.);
#4740=EDGE_CURVE('',#5588,#5970,#5971,.T.);
#4741=EDGE_CURVE('',#5970,#5972,#5973,.T.);
#4742=EDGE_CURVE('',#5972,#5590,#5974,.T.);
#4743=EDGE_CURVE('',#5975,#5976,#5977,.T.);
#4744=EDGE_CURVE('',#5976,#5978,#5979,.T.);
#4745=EDGE_CURVE('',#5978,#5980,#5981,.T.);
#4746=EDGE_CURVE('',#5980,#5975,#5982,.T.);
#4747=EDGE_CURVE('',#5593,#5983,#5984,.T.);
#4748=EDGE_CURVE('',#5983,#5985,#5986,.T.);
#4749=EDGE_CURVE('',#5985,#5987,#5988,.T.);
#4750=EDGE_CURVE('',#5987,#5989,#5990,.T.);
#4751=EDGE_CURVE('',#5989,#5991,#5992,.T.);
#4752=EDGE_CURVE('',#5991,#5993,#5994,.T.);
#4753=EDGE_CURVE('',#5993,#5995,#5996,.T.);
#4754=EDGE_CURVE('',#5995,#5997,#5998,.T.);
#4755=EDGE_CURVE('',#5997,#5409,#5999,.T.);
#4756=EDGE_CURVE('',#6000,#6001,#6002,.T.);
#4757=EDGE_CURVE('',#6001,#6003,#6004,.T.);
#4758=EDGE_CURVE('',#6003,#6005,#6006,.T.);
#4759=EDGE_CURVE('',#6005,#6000,#6007,.T.);
#4760=EDGE_CURVE('',#5583,#6008,#6009,.T.);
#4761=EDGE_CURVE('',#6008,#6010,#6011,.T.);
#4762=EDGE_CURVE('',#6010,#6012,#6013,.T.);
#4763=EDGE_CURVE('',#6012,#6014,#6015,.T.);
#4764=EDGE_CURVE('',#6014,#6016,#6017,.T.);
#4765=EDGE_CURVE('',#6016,#6018,#6019,.T.);
#4766=EDGE_CURVE('',#6018,#6020,#6021,.T.);
#4767=EDGE_CURVE('',#6020,#6022,#6023,.T.);
#4768=EDGE_CURVE('',#6022,#5585,#6024,.T.);
#4769=EDGE_CURVE('',#5972,#6025,#6026,.T.);
#4770=EDGE_CURVE('',#6025,#5636,#6027,.T.);
#4771=EDGE_CURVE('',#6028,#5423,#6029,.T.);
#4772=EDGE_CURVE('',#6030,#6028,#6031,.T.);
#4773=EDGE_CURVE('',#6032,#6030,#6033,.T.);
#4774=EDGE_CURVE('',#6034,#6032,#6035,.T.);
#4775=EDGE_CURVE('',#6036,#6034,#6037,.T.);
#4776=EDGE_CURVE('',#6038,#6036,#6039,.T.);
#4777=EDGE_CURVE('',#6040,#6038,#6041,.T.);
#4778=EDGE_CURVE('',#6042,#6040,#6043,.T.);
#4779=EDGE_CURVE('',#5633,#6042,#6044,.T.);
#4780=EDGE_CURVE('',#6045,#6025,#6046,.T.);
#4781=EDGE_CURVE('',#5638,#6045,#6047,.T.);
#4782=EDGE_CURVE('',#6048,#6049,#6050,.T.);
#4783=EDGE_CURVE('',#6051,#6048,#6052,.T.);
#4784=EDGE_CURVE('',#6053,#6051,#6054,.T.);
#4785=EDGE_CURVE('',#6049,#6053,#6055,.T.);
#4786=EDGE_CURVE('',#6056,#6057,#6058,.T.);
#4787=EDGE_CURVE('',#6059,#6056,#6060,.T.);
#4788=EDGE_CURVE('',#6061,#6059,#6062,.T.);
#4789=EDGE_CURVE('',#6057,#6061,#6063,.T.);
#4790=EDGE_CURVE('',#6064,#6065,#6066,.T.);
#4791=EDGE_CURVE('',#6067,#6064,#6068,.T.);
#4792=EDGE_CURVE('',#6069,#6067,#6070,.T.);
#4793=EDGE_CURVE('',#6071,#6069,#6072,.T.);
#4794=EDGE_CURVE('',#6073,#6071,#6074,.T.);
#4795=EDGE_CURVE('',#6075,#6073,#6076,.T.);
#4796=EDGE_CURVE('',#6077,#6075,#6078,.T.);
#4797=EDGE_CURVE('',#5643,#6077,#6079,.T.);
#4798=EDGE_CURVE('',#6065,#5641,#6080,.T.);
#4799=EDGE_CURVE('',#5980,#6049,#6081,.T.);
#4800=EDGE_CURVE('',#6053,#5975,#6082,.T.);
#4801=EDGE_CURVE('',#5983,#6042,#6083,.T.);
#4802=EDGE_CURVE('',#6084,#6085,#6086,.T.);
#4803=EDGE_CURVE('',#6085,#6087,#6088,.T.);
#4804=EDGE_CURVE('',#6087,#6089,#6090,.T.);
#4805=EDGE_CURVE('',#6089,#6091,#6092,.T.);
#4806=EDGE_CURVE('',#6091,#6084,#6093,.T.);
#4807=EDGE_CURVE('',#6051,#5976,#6094,.T.);
#4808=EDGE_CURVE('',#6095,#6096,#6097,.T.);
#4809=EDGE_CURVE('',#6096,#6098,#6099,.T.);
#4810=EDGE_CURVE('',#6098,#6100,#6101,.T.);
#4811=EDGE_CURVE('',#6100,#6102,#6103,.T.);
#4812=EDGE_CURVE('',#6102,#6095,#6104,.T.);
#4813=EDGE_CURVE('',#6061,#6000,#6105,.T.);
#4814=EDGE_CURVE('',#6059,#6001,#6106,.T.);
#4815=EDGE_CURVE('',#6107,#6108,#6109,.T.);
#4816=EDGE_CURVE('',#6108,#6110,#6111,.T.);
#4817=EDGE_CURVE('',#6110,#6112,#6113,.T.);
#4818=EDGE_CURVE('',#6112,#6114,#6115,.T.);
#4819=EDGE_CURVE('',#6114,#6107,#6116,.T.);
#4820=EDGE_CURVE('',#6117,#6118,#6119,.T.);
#4821=EDGE_CURVE('',#6117,#6120,#6121,.T.);
#4822=EDGE_CURVE('',#6120,#6122,#6123,.T.);
#4823=EDGE_CURVE('',#6118,#6122,#6124,.T.);
#4824=EDGE_CURVE('',#6125,#6126,#6127,.T.);
#4825=EDGE_CURVE('',#6126,#6128,#6129,.T.);
#4826=EDGE_CURVE('',#6128,#6130,#6131,.T.);
#4827=EDGE_CURVE('',#6130,#6132,#6133,.T.);
#4828=EDGE_CURVE('',#6132,#6125,#6134,.T.);
#4829=EDGE_CURVE('',#6135,#6136,#6137,.T.);
#4830=EDGE_CURVE('',#6135,#6138,#6139,.T.);
#4831=EDGE_CURVE('',#6138,#6140,#6141,.T.);
#4832=EDGE_CURVE('',#6136,#6140,#6142,.T.);
#4833=EDGE_CURVE('',#6143,#6144,#6145,.T.);
#4834=EDGE_CURVE('',#6144,#6146,#6147,.T.);
#4835=EDGE_CURVE('',#6146,#6148,#6149,.T.);
#4836=EDGE_CURVE('',#6148,#6150,#6151,.T.);
#4837=EDGE_CURVE('',#6150,#6143,#6152,.T.);
#4838=EDGE_CURVE('',#6153,#6154,#6155,.T.);
#4839=EDGE_CURVE('',#6153,#6156,#6157,.T.);
#4840=EDGE_CURVE('',#6156,#6158,#6159,.T.);
#4841=EDGE_CURVE('',#6154,#6158,#6160,.T.);
#4842=EDGE_CURVE('',#6161,#6162,#6163,.T.);
#4843=EDGE_CURVE('',#6162,#6164,#6165,.T.);
#4844=EDGE_CURVE('',#6164,#6166,#6167,.T.);
#4845=EDGE_CURVE('',#6166,#6168,#6169,.T.);
#4846=EDGE_CURVE('',#6168,#6161,#6170,.T.);
#4847=EDGE_CURVE('',#6171,#6172,#6173,.T.);
#4848=EDGE_CURVE('',#6171,#6174,#6175,.T.);
#4849=EDGE_CURVE('',#6174,#6176,#6177,.T.);
#4850=EDGE_CURVE('',#6172,#6176,#6178,.T.);
#4851=EDGE_CURVE('',#5879,#6084,#6179,.T.);
#4852=EDGE_CURVE('',#5873,#6091,#6180,.T.);
#4853=EDGE_CURVE('',#5872,#6089,#6181,.T.);
#4854=EDGE_CURVE('',#5875,#6087,#6182,.T.);
#4855=EDGE_CURVE('',#5877,#6085,#6183,.T.);
#4856=EDGE_CURVE('',#5889,#6095,#6184,.T.);
#4857=EDGE_CURVE('',#5883,#6102,#6185,.T.);
#4858=EDGE_CURVE('',#5882,#6100,#6186,.T.);
#4859=EDGE_CURVE('',#5885,#6098,#6187,.T.);
#4860=EDGE_CURVE('',#5887,#6096,#6188,.T.);
#4861=EDGE_CURVE('',#5899,#6107,#6189,.T.);
#4862=EDGE_CURVE('',#5893,#6114,#6190,.T.);
#4863=EDGE_CURVE('',#5892,#6112,#6191,.T.);
#4864=EDGE_CURVE('',#5895,#6110,#6192,.T.);
#4865=EDGE_CURVE('',#5897,#6108,#6193,.T.);
#4866=EDGE_CURVE('',#5909,#6125,#6194,.T.);
#4867=EDGE_CURVE('',#5903,#6132,#6195,.T.);
#4868=EDGE_CURVE('',#5902,#6130,#6196,.T.);
#4869=EDGE_CURVE('',#5905,#6128,#6197,.T.);
#4870=EDGE_CURVE('',#5907,#6126,#6198,.T.);
#4871=EDGE_CURVE('',#5919,#6143,#6199,.T.);
#4872=EDGE_CURVE('',#5913,#6150,#6200,.T.);
#4873=EDGE_CURVE('',#5912,#6148,#6201,.T.);
#4874=EDGE_CURVE('',#5915,#6146,#6202,.T.);
#4875=EDGE_CURVE('',#5917,#6144,#6203,.T.);
#4876=EDGE_CURVE('',#5929,#6161,#6204,.T.);
#4877=EDGE_CURVE('',#5923,#6168,#6205,.T.);
#4878=EDGE_CURVE('',#5922,#6166,#6206,.T.);
#4879=EDGE_CURVE('',#5925,#6164,#6207,.T.);
#4880=EDGE_CURVE('',#5927,#6162,#6208,.T.);
#4881=EDGE_CURVE('',#6022,#6065,#6209,.T.);
#4882=EDGE_CURVE('',#6003,#6056,#6210,.T.);
#4883=EDGE_CURVE('',#6020,#6064,#6211,.T.);
#4884=EDGE_CURVE('',#6018,#6067,#6212,.T.);
#4885=EDGE_CURVE('',#6016,#6069,#6213,.T.);
#4886=EDGE_CURVE('',#6014,#6071,#6214,.T.);
#4887=EDGE_CURVE('',#6012,#6073,#6215,.T.);
#4888=EDGE_CURVE('',#6010,#6075,#6216,.T.);
#4889=EDGE_CURVE('',#6008,#6077,#6217,.T.);
#4890=EDGE_CURVE('',#6005,#6057,#6218,.T.);
#4891=EDGE_CURVE('',#5997,#6028,#6219,.T.);
#4892=EDGE_CURVE('',#5978,#6048,#6220,.T.);
#4893=EDGE_CURVE('',#5995,#6030,#6221,.T.);
#4894=EDGE_CURVE('',#5993,#6032,#6222,.T.);
#4895=EDGE_CURVE('',#5991,#6034,#6223,.T.);
#4896=EDGE_CURVE('',#5989,#6036,#6224,.T.);
#4897=EDGE_CURVE('',#5987,#6038,#6225,.T.);
#4898=EDGE_CURVE('',#5985,#6040,#6226,.T.);
#4899=EDGE_CURVE('',#5619,#6227,#6228,.T.);
#4900=EDGE_CURVE('',#6227,#6229,#6230,.T.);
#4901=EDGE_CURVE('',#6229,#5621,#6231,.T.);
#4902=EDGE_CURVE('',#5627,#6232,#6233,.T.);
#4903=EDGE_CURVE('',#6232,#6234,#6235,.T.);
#4904=EDGE_CURVE('',#6234,#6236,#6237,.T.);
#4905=EDGE_CURVE('',#6236,#6238,#6239,.T.);
#4906=EDGE_CURVE('',#6238,#6240,#6241,.T.);
#4907=EDGE_CURVE('',#6240,#6242,#6243,.T.);
#4908=EDGE_CURVE('',#6242,#6244,#6245,.T.);
#4909=EDGE_CURVE('',#6244,#6246,#6247,.T.);
#4910=EDGE_CURVE('',#6246,#5429,#6248,.T.);
#4911=EDGE_CURVE('',#6140,#6249,#6250,.T.);
#4912=EDGE_CURVE('',#6249,#6251,#6252,.T.);
#4913=EDGE_CURVE('',#6251,#6136,#6253,.T.);
#4914=EDGE_CURVE('',#6122,#6254,#6255,.T.);
#4915=EDGE_CURVE('',#6254,#6256,#6257,.T.);
#4916=EDGE_CURVE('',#6256,#6118,#6258,.T.);
#4917=EDGE_CURVE('',#5611,#6259,#6260,.T.);
#4918=EDGE_CURVE('',#6259,#6261,#6262,.T.);
#4919=EDGE_CURVE('',#6261,#6263,#6264,.T.);
#4920=EDGE_CURVE('',#6263,#6265,#6266,.T.);
#4921=EDGE_CURVE('',#6265,#6267,#6268,.T.);
#4922=EDGE_CURVE('',#6267,#6269,#6270,.T.);
#4923=EDGE_CURVE('',#6269,#6271,#6272,.T.);
#4924=EDGE_CURVE('',#6271,#6273,#6274,.T.);
#4925=EDGE_CURVE('',#6273,#5613,#6275,.T.);
#4926=EDGE_CURVE('',#6229,#6276,#6277,.T.);
#4927=EDGE_CURVE('',#6276,#5705,#6278,.T.);
#4928=EDGE_CURVE('',#5703,#6279,#6280,.T.);
#4929=EDGE_CURVE('',#6279,#6281,#6282,.T.);
#4930=EDGE_CURVE('',#6281,#5623,#6283,.T.);
#4931=EDGE_CURVE('',#6284,#5765,#6285,.T.);
#4932=EDGE_CURVE('',#6284,#5610,#6286,.T.);
#4933=EDGE_CURVE('',#6287,#5431,#6288,.T.);
#4934=EDGE_CURVE('',#5542,#6287,#6289,.T.);
#4935=EDGE_CURVE('',#6290,#5625,#6291,.T.);
#4936=EDGE_CURVE('',#6290,#6281,#6292,.T.);
#4937=EDGE_CURVE('',#6293,#5615,#6294,.T.);
#4938=EDGE_CURVE('',#6295,#6293,#6296,.T.);
#4939=EDGE_CURVE('',#6295,#5617,#6297,.T.);
#4940=EDGE_CURVE('',#6256,#6298,#6299,.T.);
#4941=EDGE_CURVE('',#6298,#6117,#6300,.T.);
#4942=EDGE_CURVE('',#5715,#6301,#6302,.T.);
#4943=EDGE_CURVE('',#6259,#6301,#6303,.T.);
#4944=EDGE_CURVE('',#6304,#6284,#6305,.T.);
#4945=EDGE_CURVE('',#5717,#6304,#6306,.T.);
#4946=EDGE_CURVE('',#6307,#6276,#6308,.T.);
#4947=EDGE_CURVE('',#5707,#6307,#6309,.T.);
#4948=EDGE_CURVE('',#6310,#5454,#6311,.T.);
#4949=EDGE_CURVE('',#6312,#6310,#6313,.T.);
#4950=EDGE_CURVE('',#6314,#6312,#6315,.T.);
#4951=EDGE_CURVE('',#6316,#6314,#6317,.T.);
#4952=EDGE_CURVE('',#6318,#6316,#6319,.T.);
#4953=EDGE_CURVE('',#6320,#6318,#6321,.T.);
#4954=EDGE_CURVE('',#6322,#6320,#6323,.T.);
#4955=EDGE_CURVE('',#6324,#6322,#6325,.T.);
#4956=EDGE_CURVE('',#5699,#6324,#6326,.T.);
#4957=EDGE_CURVE('',#6327,#6328,#6329,.T.);
#4958=EDGE_CURVE('',#6138,#6327,#6330,.T.);
#4959=EDGE_CURVE('',#6328,#6135,#6331,.T.);
#4960=EDGE_CURVE('',#6332,#6298,#6333,.T.);
#4961=EDGE_CURVE('',#6120,#6332,#6334,.T.);
#4962=EDGE_CURVE('',#6335,#6336,#6337,.T.);
#4963=EDGE_CURVE('',#6338,#6335,#6339,.T.);
#4964=EDGE_CURVE('',#6340,#6338,#6341,.T.);
#4965=EDGE_CURVE('',#6342,#6340,#6343,.T.);
#4966=EDGE_CURVE('',#6344,#6342,#6345,.T.);
#4967=EDGE_CURVE('',#6346,#6344,#6347,.T.);
#4968=EDGE_CURVE('',#6301,#6346,#6348,.T.);
#4969=EDGE_CURVE('',#6336,#5713,#6349,.T.);
#4970=EDGE_CURVE('',#6350,#6295,#6351,.T.);
#4971=EDGE_CURVE('',#5709,#6350,#6352,.T.);
#4972=EDGE_CURVE('',#6227,#6307,#6353,.T.);
#4973=EDGE_CURVE('',#6304,#5763,#6354,.T.);
#4974=EDGE_CURVE('',#5544,#6355,#6356,.T.);
#4975=EDGE_CURVE('',#5452,#6355,#6357,.T.);
#4976=EDGE_CURVE('',#5701,#6358,#6359,.T.);
#4977=EDGE_CURVE('',#6358,#6279,#6360,.T.);
#4978=EDGE_CURVE('',#6350,#6361,#6362,.T.);
#4979=EDGE_CURVE('',#5711,#6361,#6363,.T.);
#4980=EDGE_CURVE('',#6355,#6287,#6364,.T.);
#4981=EDGE_CURVE('',#6358,#6290,#6365,.T.);
#4982=EDGE_CURVE('',#6361,#6293,#6366,.T.);
#4983=EDGE_CURVE('',#6246,#6310,#6367,.T.);
#4984=EDGE_CURVE('',#6249,#6327,#6368,.T.);
#4985=EDGE_CURVE('',#6244,#6312,#6369,.T.);
#4986=EDGE_CURVE('',#6242,#6314,#6370,.T.);
#4987=EDGE_CURVE('',#6240,#6316,#6371,.T.);
#4988=EDGE_CURVE('',#6238,#6318,#6372,.T.);
#4989=EDGE_CURVE('',#6236,#6320,#6373,.T.);
#4990=EDGE_CURVE('',#6234,#6322,#6374,.T.);
#4991=EDGE_CURVE('',#6232,#6324,#6375,.T.);
#4992=EDGE_CURVE('',#6251,#6328,#6376,.T.);
#4993=EDGE_CURVE('',#6273,#6336,#6377,.T.);
#4994=EDGE_CURVE('',#6254,#6332,#6378,.T.);
#4995=EDGE_CURVE('',#6271,#6335,#6379,.T.);
#4996=EDGE_CURVE('',#6269,#6338,#6380,.T.);
#4997=EDGE_CURVE('',#6267,#6340,#6381,.T.);
#4998=EDGE_CURVE('',#6265,#6342,#6382,.T.);
#4999=EDGE_CURVE('',#6263,#6344,#6383,.T.);
#5000=EDGE_CURVE('',#6261,#6346,#6384,.T.);
#5001=EDGE_CURVE('',#5685,#6385,#6386,.T.);
#5002=EDGE_CURVE('',#6385,#6387,#6388,.T.);
#5003=EDGE_CURVE('',#6387,#5687,#6389,.T.);
#5004=EDGE_CURVE('',#6158,#6390,#6391,.T.);
#5005=EDGE_CURVE('',#6390,#6392,#6393,.T.);
#5006=EDGE_CURVE('',#6392,#6154,#6394,.T.);
#5007=EDGE_CURVE('',#5693,#6395,#6396,.T.);
#5008=EDGE_CURVE('',#6395,#6397,#6398,.T.);
#5009=EDGE_CURVE('',#6397,#6399,#6400,.T.);
#5010=EDGE_CURVE('',#6399,#6401,#6402,.T.);
#5011=EDGE_CURVE('',#6401,#6403,#6404,.T.);
#5012=EDGE_CURVE('',#6403,#6405,#6406,.T.);
#5013=EDGE_CURVE('',#6405,#6407,#6408,.T.);
#5014=EDGE_CURVE('',#6407,#6409,#6410,.T.);
#5015=EDGE_CURVE('',#6409,#5460,#6411,.T.);
#5016=EDGE_CURVE('',#6176,#6412,#6413,.T.);
#5017=EDGE_CURVE('',#6412,#6414,#6415,.T.);
#5018=EDGE_CURVE('',#6414,#6172,#6416,.T.);
#5019=EDGE_CURVE('',#5677,#6417,#6418,.T.);
#5020=EDGE_CURVE('',#6417,#6419,#6420,.T.);
#5021=EDGE_CURVE('',#6419,#6421,#6422,.T.);
#5022=EDGE_CURVE('',#6421,#6423,#6424,.T.);
#5023=EDGE_CURVE('',#6423,#6425,#6426,.T.);
#5024=EDGE_CURVE('',#6425,#6427,#6428,.T.);
#5025=EDGE_CURVE('',#6427,#6429,#6430,.T.);
#5026=EDGE_CURVE('',#6429,#6431,#6432,.T.);
#5027=EDGE_CURVE('',#6431,#5679,#6433,.T.);
#5028=EDGE_CURVE('',#6387,#6434,#6435,.T.);
#5029=EDGE_CURVE('',#6434,#5666,#6436,.T.);
#5030=EDGE_CURVE('',#5568,#6437,#6438,.T.);
#5031=EDGE_CURVE('',#6437,#5689,#6439,.T.);
#5032=EDGE_CURVE('',#6440,#5760,#6441,.T.);
#5033=EDGE_CURVE('',#6440,#5676,#6442,.T.);
#5034=EDGE_CURVE('',#6443,#5462,#6444,.T.);
#5035=EDGE_CURVE('',#5547,#6443,#6445,.T.);
#5036=EDGE_CURVE('',#6446,#5691,#6447,.T.);
#5037=EDGE_CURVE('',#6446,#6437,#6448,.T.);
#5038=EDGE_CURVE('',#6449,#5681,#6450,.T.);
#5039=EDGE_CURVE('',#6451,#6449,#6452,.T.);
#5040=EDGE_CURVE('',#6451,#5683,#6453,.T.);
#5041=EDGE_CURVE('',#6414,#6454,#6455,.T.);
#5042=EDGE_CURVE('',#6454,#6171,#6456,.T.);
#5043=EDGE_CURVE('',#5673,#6457,#6458,.T.);
#5044=EDGE_CURVE('',#6417,#6457,#6459,.T.);
#5045=EDGE_CURVE('',#5553,#6440,#6460,.T.);
#5046=EDGE_CURVE('',#6461,#6434,#6462,.T.);
#5047=EDGE_CURVE('',#5668,#6461,#6463,.T.);
#5048=EDGE_CURVE('',#6464,#6465,#6466,.T.);
#5049=EDGE_CURVE('',#6156,#6464,#6467,.T.);
#5050=EDGE_CURVE('',#6465,#6153,#6468,.T.);
#5051=EDGE_CURVE('',#6469,#6470,#6471,.T.);
#5052=EDGE_CURVE('',#6472,#6469,#6473,.T.);
#5053=EDGE_CURVE('',#6474,#6472,#6475,.T.);
#5054=EDGE_CURVE('',#6476,#6474,#6477,.T.);
#5055=EDGE_CURVE('',#6478,#6476,#6479,.T.);
#5056=EDGE_CURVE('',#6480,#6478,#6481,.T.);
#5057=EDGE_CURVE('',#6482,#6480,#6483,.T.);
#5058=EDGE_CURVE('',#5663,#6482,#6484,.T.);
#5059=EDGE_CURVE('',#6470,#5434,#6485,.T.);
#5060=EDGE_CURVE('',#6486,#6454,#6487,.T.);
#5061=EDGE_CURVE('',#6174,#6486,#6488,.T.);
#5062=EDGE_CURVE('',#6489,#6490,#6491,.T.);
#5063=EDGE_CURVE('',#6492,#6489,#6493,.T.);
#5064=EDGE_CURVE('',#6494,#6492,#6495,.T.);
#5065=EDGE_CURVE('',#6496,#6494,#6497,.T.);
#5066=EDGE_CURVE('',#6498,#6496,#6499,.T.);
#5067=EDGE_CURVE('',#6500,#6498,#6501,.T.);
#5068=EDGE_CURVE('',#6457,#6500,#6502,.T.);
#5069=EDGE_CURVE('',#6490,#5671,#6503,.T.);
#5070=EDGE_CURVE('',#5576,#6451,#6504,.T.);
#5071=EDGE_CURVE('',#6385,#6461,#6505,.T.);
#5072=EDGE_CURVE('',#5564,#6443,#6506,.T.);
#5073=EDGE_CURVE('',#5572,#6446,#6507,.T.);
#5074=EDGE_CURVE('',#5578,#6449,#6508,.T.);
#5075=EDGE_CURVE('',#6409,#6470,#6509,.T.);
#5076=EDGE_CURVE('',#6390,#6464,#6510,.T.);
#5077=EDGE_CURVE('',#6407,#6469,#6511,.T.);
#5078=EDGE_CURVE('',#6405,#6472,#6512,.T.);
#5079=EDGE_CURVE('',#6403,#6474,#6513,.T.);
#5080=EDGE_CURVE('',#6401,#6476,#6514,.T.);
#5081=EDGE_CURVE('',#6399,#6478,#6515,.T.);
#5082=EDGE_CURVE('',#6397,#6480,#6516,.T.);
#5083=EDGE_CURVE('',#6395,#6482,#6517,.T.);
#5084=EDGE_CURVE('',#6392,#6465,#6518,.T.);
#5085=EDGE_CURVE('',#6431,#6490,#6519,.T.);
#5086=EDGE_CURVE('',#6412,#6486,#6520,.T.);
#5087=EDGE_CURVE('',#6429,#6489,#6521,.T.);
#5088=EDGE_CURVE('',#6427,#6492,#6522,.T.);
#5089=EDGE_CURVE('',#6425,#6494,#6523,.T.);
#5090=EDGE_CURVE('',#6423,#6496,#6524,.T.);
#5091=EDGE_CURVE('',#6421,#6498,#6525,.T.);
#5092=EDGE_CURVE('',#6419,#6500,#6526,.T.);
#5093=EDGE_CURVE('',#5970,#6045,#6527,.T.);
#5094=EDGE_CURVE('',#5948,#5260,#6528,.T.);
#5095=EDGE_CURVE('',#5946,#5262,#6529,.T.);
#5096=EDGE_CURVE('',#5944,#5264,#6530,.T.);
#5097=EDGE_CURVE('',#5942,#5266,#6531,.T.);
#5098=EDGE_CURVE('',#5940,#5268,#6532,.T.);
#5099=EDGE_CURVE('',#5843,#6533,#6534,.T.);
#5100=EDGE_CURVE('',#5601,#6533,#6535,.T.);
#5101=EDGE_CURVE('',#6533,#6536,#6537,.T.);
#5102=EDGE_CURVE('',#6536,#5603,#6538,.T.);
#5103=EDGE_CURVE('',#5841,#6536,#6539,.T.);
#5104=EDGE_CURVE('',#5369,#5539,#6540,.T.);
#5105=EDGE_CURVE('',#5446,#6541,#6542,.T.);
#5106=EDGE_CURVE('',#5445,#5193,#6543,.T.);
#5107=EDGE_CURVE('',#6541,#5209,#6544,.T.);
#5108=EDGE_CURVE('',#6545,#5210,#6546,.T.);
#5109=EDGE_CURVE('',#6545,#6541,#6547,.T.);
#5110=EDGE_CURVE('',#6548,#5197,#6549,.T.);
#5111=EDGE_CURVE('',#5204,#6548,#6550,.T.);
#5112=EDGE_CURVE('',#5188,#6545,#6551,.T.);
#5113=EDGE_CURVE('',#5205,#6552,#6553,.T.);
#5114=EDGE_CURVE('',#6548,#6552,#6554,.T.);
#5115=EDGE_CURVE('',#6552,#5196,#6555,.T.);
#5116=EDGE_CURVE('',#5415,#6552,#6556,.T.);
#5117=EDGE_CURVE('',#5414,#5199,#6557,.T.);
#5118=EDGE_CURVE('',#5189,#6541,#6558,.T.);
#5119=EDGE_CURVE('',#6559,#5325,#6560,.T.);
#5120=EDGE_CURVE('',#6561,#6559,#6562,.T.);
#5121=EDGE_CURVE('',#5329,#6561,#6563,.T.);
#5122=EDGE_CURVE('',#6561,#6564,#6565,.T.);
#5123=EDGE_CURVE('',#6566,#6564,#6567,.T.);
#5124=EDGE_CURVE('',#5331,#6566,#6568,.T.);
#5125=EDGE_CURVE('',#6569,#6566,#6570,.T.);
#5126=EDGE_CURVE('',#5333,#6569,#6571,.T.);
#5127=EDGE_CURVE('',#6572,#6569,#6573,.T.);
#5128=EDGE_CURVE('',#5335,#6572,#6574,.T.);
#5129=EDGE_CURVE('',#6575,#6572,#6576,.T.);
#5130=EDGE_CURVE('',#5337,#6575,#6577,.T.);
#5131=EDGE_CURVE('',#6578,#6575,#6579,.T.);
#5132=EDGE_CURVE('',#5339,#6578,#6580,.T.);
#5133=EDGE_CURVE('',#6581,#6578,#6582,.T.);
#5134=EDGE_CURVE('',#6559,#6581,#6583,.T.);
#5135=EDGE_CURVE('',#6564,#6581,#6584,.T.);
#5136=CARTESIAN_POINT('',(3.0,-1.47,-4.955));
#5137=DIRECTION('',(0.0,0.0,-1.0));
#5138=DIRECTION('',(-1.0,0.0,0.0));
#5139=CARTESIAN_POINT('',(3.0,-1.47,-4.955));
#5140=DIRECTION('',(0.0,0.0,-1.0));
#5141=DIRECTION('',(1.0,0.0,0.0));
#5142=CARTESIAN_POINT('',(3.0,1.53,-4.955));
#5143=DIRECTION('',(0.0,0.0,-1.0));
#5144=DIRECTION('',(-1.0,0.0,0.0));
#5145=CARTESIAN_POINT('',(3.0,1.53,-4.955));
#5146=DIRECTION('',(0.0,0.0,-1.0));
#5147=DIRECTION('',(1.0,0.0,0.0));
#5148=CARTESIAN_POINT('',(0.0,-1.47,-4.955));
#5149=DIRECTION('',(0.0,0.0,-1.0));
#5150=DIRECTION('',(-1.0,0.0,0.0));
#5151=CARTESIAN_POINT('',(0.0,-1.47,-4.955));
#5152=DIRECTION('',(0.0,0.0,-1.0));
#5153=DIRECTION('',(1.0,0.0,0.0));
#5154=CARTESIAN_POINT('',(0.0,1.53,-4.955));
#5155=DIRECTION('',(0.0,0.0,-1.0));
#5156=DIRECTION('',(-1.0,0.0,0.0));
#5157=CARTESIAN_POINT('',(0.0,1.53,-4.955));
#5158=DIRECTION('',(0.0,0.0,-1.0));
#5159=DIRECTION('',(1.0,0.0,0.0));
#5160=CARTESIAN_POINT('',(-3.0,-1.47,-4.955));
#5161=DIRECTION('',(0.0,0.0,-1.0));
#5162=DIRECTION('',(-1.0,0.0,0.0));
#5163=CARTESIAN_POINT('',(-3.0,-1.47,-4.955));
#5164=DIRECTION('',(0.0,0.0,-1.0));
#5165=DIRECTION('',(1.0,0.0,0.0));
#5166=CARTESIAN_POINT('',(-3.0,1.53,-4.955));
#5167=DIRECTION('',(0.0,0.0,-1.0));
#5168=DIRECTION('',(-1.0,0.0,0.0));
#5169=CARTESIAN_POINT('',(-3.0,1.53,-4.955));
#5170=DIRECTION('',(0.0,0.0,-1.0));
#5171=DIRECTION('',(1.0,0.0,0.0));
#5172=CARTESIAN_POINT('',(6.0,2.47,-4.955));
#5173=DIRECTION('',(0.0,0.0,-1.0));
#5174=DIRECTION('',(-1.0,0.0,0.0));
#5175=CARTESIAN_POINT('',(6.0,2.47,-4.955));
#5176=DIRECTION('',(0.0,0.0,-1.0));
#5177=DIRECTION('',(1.0,0.0,0.0));
#5178=CARTESIAN_POINT('',(-6.0,2.47,-4.955));
#5179=DIRECTION('',(0.0,0.0,-1.0));
#5180=DIRECTION('',(-1.0,0.0,0.0));
#5181=CARTESIAN_POINT('',(-6.0,2.47,-4.955));
#5182=DIRECTION('',(0.0,0.0,-1.0));
#5183=DIRECTION('',(1.0,0.0,0.0));
#5184=DIRECTION('',(0.0,0.0,1.0));
#5185=DIRECTION('',(0.0,0.0,1.0));
#5186=DIRECTION('',(0.0,0.0,-1.0));
#5187=DIRECTION('',(0.0,0.0,-1.0));
#5188=VERTEX_POINT('',#6585);
#5189=VERTEX_POINT('',#6586);
#5190=LINE('',#6587,#6588);
#5191=VERTEX_POINT('',#6589);
#5192=CIRCLE('',#6590,0.09999978572946);
#5193=VERTEX_POINT('',#6591);
#5194=LINE('',#6592,#6593);
#5195=CIRCLE('',#6594,0.43);
#5196=VERTEX_POINT('',#6595);
#5197=VERTEX_POINT('',#6596);
#5198=LINE('',#6597,#6598);
#5199=VERTEX_POINT('',#6599);
#5200=CIRCLE('',#6600,0.43);
#5201=VERTEX_POINT('',#6601);
#5202=LINE('',#6602,#6603);
#5203=CIRCLE('',#6604,0.09999978572946);
#5204=VERTEX_POINT('',#6605);
#5205=VERTEX_POINT('',#6606);
#5206=LINE('',#6607,#6608);
#5207=CIRCLE('',#6609,0.09999978572946);
#5208=CIRCLE('',#6610,0.43);
#5209=VERTEX_POINT('',#6611);
#5210=VERTEX_POINT('',#6612);
#5211=LINE('',#6613,#6614);
#5212=CIRCLE('',#6615,0.43);
#5213=CIRCLE('',#6616,0.09999978572946);
#5214=VERTEX_POINT('',#6617);
#5215=VERTEX_POINT('',#6618);
#5216=LINE('',#6619,#6620);
#5217=VERTEX_POINT('',#6621);
#5218=CIRCLE('',#6622,0.75);
#5219=VERTEX_POINT('',#6623);
#5220=LINE('',#6624,#6625);
#5221=CIRCLE('',#6626,0.75);
#5222=VERTEX_POINT('',#6627);
#5223=VERTEX_POINT('',#6628);
#5224=LINE('',#6629,#6630);
#5225=VERTEX_POINT('',#6631);
#5226=LINE('',#6632,#6633);
#5227=VERTEX_POINT('',#6634);
#5228=LINE('',#6635,#6636);
#5229=VERTEX_POINT('',#6637);
#5230=LINE('',#6638,#6639);
#5231=LINE('',#6640,#6641);
#5232=VERTEX_POINT('',#6642);
#5233=VERTEX_POINT('',#6643);
#5234=LINE('',#6644,#6645);
#5235=VERTEX_POINT('',#6646);
#5236=LINE('',#6647,#6648);
#5237=VERTEX_POINT('',#6649);
#5238=LINE('',#6650,#6651);
#5239=VERTEX_POINT('',#6652);
#5240=LINE('',#6653,#6654);
#5241=LINE('',#6655,#6656);
#5242=VERTEX_POINT('',#6657);
#5243=VERTEX_POINT('',#6658);
#5244=LINE('',#6659,#6660);
#5245=VERTEX_POINT('',#6661);
#5246=LINE('',#6662,#6663);
#5247=LINE('',#6664,#6665);
#5248=VERTEX_POINT('',#6666);
#5249=LINE('',#6667,#6668);
#5250=LINE('',#6669,#6670);
#5251=VERTEX_POINT('',#6671);
#5252=VERTEX_POINT('',#6672);
#5253=LINE('',#6673,#6674);
#5254=VERTEX_POINT('',#6675);
#5255=LINE('',#6676,#6677);
#5256=VERTEX_POINT('',#6678);
#5257=LINE('',#6679,#6680);
#5258=VERTEX_POINT('',#6681);
#5259=LINE('',#6682,#6683);
#5260=VERTEX_POINT('',#6684);
#5261=LINE('',#6685,#6686);
#5262=VERTEX_POINT('',#6687);
#5263=LINE('',#6688,#6689);
#5264=VERTEX_POINT('',#6690);
#5265=LINE('',#6691,#6692);
#5266=VERTEX_POINT('',#6693);
#5267=LINE('',#6694,#6695);
#5268=VERTEX_POINT('',#6696);
#5269=LINE('',#6697,#6698);
#5270=LINE('',#6699,#6700);
#5271=LINE('',#6701,#6702);
#5272=LINE('',#6703,#6704);
#5273=LINE('',#6705,#6706);
#5274=LINE('',#6707,#6708);
#5275=VERTEX_POINT('',#6709);
#5276=VERTEX_POINT('',#6710);
#5277=LINE('',#6711,#6712);
#5278=VERTEX_POINT('',#6713);
#5279=LINE('',#6714,#6715);
#5280=LINE('',#6716,#6717);
#5281=LINE('',#6718,#6719);
#5282=VERTEX_POINT('',#6720);
#5283=VERTEX_POINT('',#6721);
#5284=LINE('',#6722,#6723);
#5285=VERTEX_POINT('',#6724);
#5286=LINE('',#6725,#6726);
#5287=VERTEX_POINT('',#6727);
#5288=LINE('',#6728,#6729);
#5289=LINE('',#6730,#6731);
#5290=VERTEX_POINT('',#6732);
#5291=LINE('',#6733,#6734);
#5292=VERTEX_POINT('',#6735);
#5293=LINE('',#6736,#6737);
#5294=VERTEX_POINT('',#6738);
#5295=LINE('',#6739,#6740);
#5296=LINE('',#6741,#6742);
#5297=VERTEX_POINT('',#6743);
#5298=LINE('',#6744,#6745);
#5299=LINE('',#6746,#6747);
#5300=LINE('',#6748,#6749);
#5301=VERTEX_POINT('',#6750);
#5302=LINE('',#6751,#6752);
#5303=VERTEX_POINT('',#6753);
#5304=LINE('',#6754,#6755);
#5305=LINE('',#6756,#6757);
#5306=VERTEX_POINT('',#6758);
#5307=LINE('',#6759,#6760);
#5308=VERTEX_POINT('',#6761);
#5309=LINE('',#6762,#6763);
#5310=LINE('',#6764,#6765);
#5311=VERTEX_POINT('',#6766);
#5312=VERTEX_POINT('',#6767);
#5313=LINE('',#6768,#6769);
#5314=VERTEX_POINT('',#6770);
#5315=LINE('',#6771,#6772);
#5316=VERTEX_POINT('',#6773);
#5317=LINE('',#6774,#6775);
#5318=LINE('',#6776,#6777);
#5319=LINE('',#6778,#6779);
#5320=VERTEX_POINT('',#6780);
#5321=VERTEX_POINT('',#6781);
#5322=LINE('',#6782,#6783);
#5323=LINE('',#6784,#6785);
#5324=LINE('',#6786,#6787);
#5325=VERTEX_POINT('',#6788);
#5326=LINE('',#6789,#6790);
#5327=VERTEX_POINT('',#6791);
#5328=LINE('',#6792,#6793);
#5329=VERTEX_POINT('',#6794);
#5330=LINE('',#6795,#6796);
#5331=VERTEX_POINT('',#6797);
#5332=LINE('',#6798,#6799);
#5333=VERTEX_POINT('',#6800);
#5334=LINE('',#6801,#6802);
#5335=VERTEX_POINT('',#6803);
#5336=LINE('',#6804,#6805);
#5337=VERTEX_POINT('',#6806);
#5338=LINE('',#6807,#6808);
#5339=VERTEX_POINT('',#6809);
#5340=LINE('',#6810,#6811);
#5341=LINE('',#6812,#6813);
#5342=VERTEX_POINT('',#6814);
#5343=LINE('',#6815,#6816);
#5344=VERTEX_POINT('',#6817);
#5345=LINE('',#6818,#6819);
#5346=VERTEX_POINT('',#6820);
#5347=LINE('',#6821,#6822);
#5348=LINE('',#6823,#6824);
#5349=VERTEX_POINT('',#6825);
#5350=LINE('',#6826,#6827);
#5351=LINE('',#6828,#6829);
#5352=LINE('',#6830,#6831);
#5353=VERTEX_POINT('',#6832);
#5354=LINE('',#6833,#6834);
#5355=LINE('',#6835,#6836);
#5356=VERTEX_POINT('',#6837);
#5357=VERTEX_POINT('',#6838);
#5358=LINE('',#6839,#6840);
#5359=VERTEX_POINT('',#6841);
#5360=LINE('',#6842,#6843);
#5361=LINE('',#6844,#6845);
#5362=VERTEX_POINT('',#6846);
#5363=LINE('',#6847,#6848);
#5364=LINE('',#6849,#6850);
#5365=VERTEX_POINT('',#6851);
#5366=LINE('',#6852,#6853);
#5367=VERTEX_POINT('',#6854);
#5368=LINE('',#6855,#6856);
#5369=VERTEX_POINT('',#6857);
#5370=LINE('',#6858,#6859);
#5371=VERTEX_POINT('',#6860);
#5372=LINE('',#6861,#6862);
#5373=LINE('',#6863,#6864);
#5374=VERTEX_POINT('',#6865);
#5375=VERTEX_POINT('',#6866);
#5376=LINE('',#6867,#6868);
#5377=VERTEX_POINT('',#6869);
#5378=LINE('',#6870,#6871);
#5379=VERTEX_POINT('',#6872);
#5380=LINE('',#6873,#6874);
#5381=LINE('',#6875,#6876);
#5382=VERTEX_POINT('',#6877);
#5383=LINE('',#6878,#6879);
#5384=VERTEX_POINT('',#6880);
#5385=LINE('',#6881,#6882);
#5386=LINE('',#6883,#6884);
#5387=CIRCLE('',#6885,0.75);
#5388=CIRCLE('',#6886,0.75);
#5389=VERTEX_POINT('',#6887);
#5390=LINE('',#6888,#6889);
#5391=VERTEX_POINT('',#6890);
#5392=LINE('',#6891,#6892);
#5393=LINE('',#6893,#6894);
#5394=LINE('',#6895,#6896);
#5395=LINE('',#6897,#6898);
#5396=VERTEX_POINT('',#6899);
#5397=LINE('',#6900,#6901);
#5398=VERTEX_POINT('',#6902);
#5399=LINE('',#6903,#6904);
#5400=LINE('',#6905,#6906);
#5401=VERTEX_POINT('',#6907);
#5402=VERTEX_POINT('',#6908);
#5403=LINE('',#6909,#6910);
#5404=LINE('',#6911,#6912);
#5405=VERTEX_POINT('',#6913);
#5406=LINE('',#6914,#6915);
#5407=VERTEX_POINT('',#6916);
#5408=LINE('',#6917,#6918);
#5409=VERTEX_POINT('',#6919);
#5410=LINE('',#6920,#6921);
#5411=VERTEX_POINT('',#6922);
#5412=LINE('',#6923,#6924);
#5413=LINE('',#6925,#6926);
#5414=VERTEX_POINT('',#6927);
#5415=VERTEX_POINT('',#6928);
#5416=CIRCLE('',#6929,0.43);
#5417=CIRCLE('',#6930,0.43);
#5418=VERTEX_POINT('',#6931);
#5419=VERTEX_POINT('',#6932);
#5420=LINE('',#6933,#6934);
#5421=VERTEX_POINT('',#6935);
#5422=LINE('',#6936,#6937);
#5423=VERTEX_POINT('',#6938);
#5424=LINE('',#6939,#6940);
#5425=VERTEX_POINT('',#6941);
#5426=LINE('',#6942,#6943);
#5427=VERTEX_POINT('',#6944);
#5428=LINE('',#6945,#6946);
#5429=VERTEX_POINT('',#6947);
#5430=LINE('',#6948,#6949);
#5431=VERTEX_POINT('',#6950);
#5432=LINE('',#6951,#6952);
#5433=LINE('',#6953,#6954);
#5434=VERTEX_POINT('',#6955);
#5435=VERTEX_POINT('',#6956);
#5436=LINE('',#6957,#6958);
#5437=VERTEX_POINT('',#6959);
#5438=LINE('',#6960,#6961);
#5439=VERTEX_POINT('',#6962);
#5440=LINE('',#6963,#6964);
#5441=LINE('',#6965,#6966);
#5442=VERTEX_POINT('',#6967);
#5443=LINE('',#6968,#6969);
#5444=LINE('',#6970,#6971);
#5445=VERTEX_POINT('',#6972);
#5446=VERTEX_POINT('',#6973);
#5447=CIRCLE('',#6974,0.43);
#5448=CIRCLE('',#6975,0.43);
#5449=VERTEX_POINT('',#6976);
#5450=VERTEX_POINT('',#6977);
#5451=LINE('',#6978,#6979);
#5452=VERTEX_POINT('',#6980);
#5453=LINE('',#6981,#6982);
#5454=VERTEX_POINT('',#6983);
#5455=LINE('',#6984,#6985);
#5456=VERTEX_POINT('',#6986);
#5457=LINE('',#6987,#6988);
#5458=VERTEX_POINT('',#6989);
#5459=LINE('',#6990,#6991);
#5460=VERTEX_POINT('',#6992);
#5461=LINE('',#6993,#6994);
#5462=VERTEX_POINT('',#6995);
#5463=LINE('',#6996,#6997);
#5464=LINE('',#6998,#6999);
#5465=VERTEX_POINT('',#7000);
#5466=LINE('',#7001,#7002);
#5467=VERTEX_POINT('',#7003);
#5468=LINE('',#7004,#7005);
#5469=LINE('',#7006,#7007);
#5470=VERTEX_POINT('',#7008);
#5471=VERTEX_POINT('',#7009);
#5472=LINE('',#7010,#7011);
#5473=VERTEX_POINT('',#7012);
#5474=LINE('',#7013,#7014);
#5475=VERTEX_POINT('',#7015);
#5476=LINE('',#7016,#7017);
#5477=LINE('',#7018,#7019);
#5478=VERTEX_POINT('',#7020);
#5479=VERTEX_POINT('',#7021);
#5480=LINE('',#7022,#7023);
#5481=VERTEX_POINT('',#7024);
#5482=LINE('',#7025,#7026);
#5483=VERTEX_POINT('',#7027);
#5484=LINE('',#7028,#7029);
#5485=VERTEX_POINT('',#7030);
#5486=LINE('',#7031,#7032);
#5487=VERTEX_POINT('',#7033);
#5488=LINE('',#7034,#7035);
#5489=LINE('',#7036,#7037);
#5490=VERTEX_POINT('',#7038);
#5491=VERTEX_POINT('',#7039);
#5492=LINE('',#7040,#7041);
#5493=VERTEX_POINT('',#7042);
#5494=LINE('',#7043,#7044);
#5495=VERTEX_POINT('',#7045);
#5496=LINE('',#7046,#7047);
#5497=LINE('',#7048,#7049);
#5498=VERTEX_POINT('',#7050);
#5499=LINE('',#7051,#7052);
#5500=VERTEX_POINT('',#7053);
#5501=LINE('',#7054,#7055);
#5502=LINE('',#7056,#7057);
#5503=VERTEX_POINT('',#7058);
#5504=LINE('',#7059,#7060);
#5505=VERTEX_POINT('',#7061);
#5506=LINE('',#7062,#7063);
#5507=LINE('',#7064,#7065);
#5508=VERTEX_POINT('',#7066);
#5509=LINE('',#7067,#7068);
#5510=VERTEX_POINT('',#7069);
#5511=LINE('',#7070,#7071);
#5512=LINE('',#7072,#7073);
#5513=VERTEX_POINT('',#7074);
#5514=LINE('',#7075,#7076);
#5515=VERTEX_POINT('',#7077);
#5516=LINE('',#7078,#7079);
#5517=LINE('',#7080,#7081);
#5518=LINE('',#7082,#7083);
#5519=LINE('',#7084,#7085);
#5520=VERTEX_POINT('',#7086);
#5521=LINE('',#7087,#7088);
#5522=VERTEX_POINT('',#7089);
#5523=LINE('',#7090,#7091);
#5524=LINE('',#7092,#7093);
#5525=VERTEX_POINT('',#7094);
#5526=LINE('',#7095,#7096);
#5527=VERTEX_POINT('',#7097);
#5528=LINE('',#7098,#7099);
#5529=VERTEX_POINT('',#7100);
#5530=LINE('',#7101,#7102);
#5531=VERTEX_POINT('',#7103);
#5532=LINE('',#7104,#7105);
#5533=LINE('',#7106,#7107);
#5534=VERTEX_POINT('',#7108);
#5535=LINE('',#7109,#7110);
#5536=VERTEX_POINT('',#7111);
#5537=LINE('',#7112,#7113);
#5538=LINE('',#7114,#7115);
#5539=VERTEX_POINT('',#7116);
#5540=LINE('',#7117,#7118);
#5541=LINE('',#7119,#7120);
#5542=VERTEX_POINT('',#7121);
#5543=LINE('',#7122,#7123);
#5544=VERTEX_POINT('',#7124);
#5545=LINE('',#7125,#7126);
#5546=LINE('',#7127,#7128);
#5547=VERTEX_POINT('',#7129);
#5548=LINE('',#7130,#7131);
#5549=VERTEX_POINT('',#7132);
#5550=LINE('',#7133,#7134);
#5551=LINE('',#7135,#7136);
#5552=VERTEX_POINT('',#7137);
#5553=VERTEX_POINT('',#7138);
#5554=LINE('',#7139,#7140);
#5555=VERTEX_POINT('',#7141);
#5556=LINE('',#7142,#7143);
#5557=VERTEX_POINT('',#7144);
#5558=LINE('',#7145,#7146);
#5559=VERTEX_POINT('',#7147);
#5560=LINE('',#7148,#7149);
#5561=VERTEX_POINT('',#7150);
#5562=LINE('',#7151,#7152);
#5563=LINE('',#7153,#7154);
#5564=VERTEX_POINT('',#7155);
#5565=LINE('',#7156,#7157);
#5566=LINE('',#7158,#7159);
#5567=VERTEX_POINT('',#7160);
#5568=VERTEX_POINT('',#7161);
#5569=LINE('',#7162,#7163);
#5570=VERTEX_POINT('',#7164);
#5571=LINE('',#7165,#7166);
#5572=VERTEX_POINT('',#7167);
#5573=LINE('',#7168,#7169);
#5574=LINE('',#7170,#7171);
#5575=VERTEX_POINT('',#7172);
#5576=VERTEX_POINT('',#7173);
#5577=LINE('',#7174,#7175);
#5578=VERTEX_POINT('',#7176);
#5579=LINE('',#7177,#7178);
#5580=VERTEX_POINT('',#7179);
#5581=LINE('',#7180,#7181);
#5582=LINE('',#7182,#7183);
#5583=VERTEX_POINT('',#7184);
#5584=LINE('',#7185,#7186);
#5585=VERTEX_POINT('',#7187);
#5586=LINE('',#7188,#7189);
#5587=LINE('',#7190,#7191);
#5588=VERTEX_POINT('',#7192);
#5589=LINE('',#7193,#7194);
#5590=VERTEX_POINT('',#7195);
#5591=LINE('',#7196,#7197);
#5592=LINE('',#7198,#7199);
#5593=VERTEX_POINT('',#7200);
#5594=LINE('',#7201,#7202);
#5595=VERTEX_POINT('',#7203);
#5596=LINE('',#7204,#7205);
#5597=VERTEX_POINT('',#7206);
#5598=LINE('',#7207,#7208);
#5599=VERTEX_POINT('',#7209);
#5600=LINE('',#7210,#7211);
#5601=VERTEX_POINT('',#7212);
#5602=LINE('',#7213,#7214);
#5603=VERTEX_POINT('',#7215);
#5604=LINE('',#7216,#7217);
#5605=VERTEX_POINT('',#7218);
#5606=LINE('',#7219,#7220);
#5607=VERTEX_POINT('',#7221);
#5608=LINE('',#7222,#7223);
#5609=LINE('',#7224,#7225);
#5610=VERTEX_POINT('',#7226);
#5611=VERTEX_POINT('',#7227);
#5612=LINE('',#7228,#7229);
#5613=VERTEX_POINT('',#7230);
#5614=LINE('',#7231,#7232);
#5615=VERTEX_POINT('',#7233);
#5616=LINE('',#7234,#7235);
#5617=VERTEX_POINT('',#7236);
#5618=LINE('',#7237,#7238);
#5619=VERTEX_POINT('',#7239);
#5620=LINE('',#7240,#7241);
#5621=VERTEX_POINT('',#7242);
#5622=LINE('',#7243,#7244);
#5623=VERTEX_POINT('',#7245);
#5624=LINE('',#7246,#7247);
#5625=VERTEX_POINT('',#7248);
#5626=LINE('',#7249,#7250);
#5627=VERTEX_POINT('',#7251);
#5628=LINE('',#7252,#7253);
#5629=VERTEX_POINT('',#7254);
#5630=LINE('',#7255,#7256);
#5631=VERTEX_POINT('',#7257);
#5632=LINE('',#7258,#7259);
#5633=VERTEX_POINT('',#7260);
#5634=LINE('',#7261,#7262);
#5635=LINE('',#7263,#7264);
#5636=VERTEX_POINT('',#7265);
#5637=LINE('',#7266,#7267);
#5638=VERTEX_POINT('',#7268);
#5639=LINE('',#7269,#7270);
#5640=LINE('',#7271,#7272);
#5641=VERTEX_POINT('',#7273);
#5642=LINE('',#7274,#7275);
#5643=VERTEX_POINT('',#7276);
#5644=LINE('',#7277,#7278);
#5645=LINE('',#7279,#7280);
#5646=VERTEX_POINT('',#7281);
#5647=LINE('',#7282,#7283);
#5648=LINE('',#7284,#7285);
#5649=VERTEX_POINT('',#7286);
#5650=LINE('',#7287,#7288);
#5651=VERTEX_POINT('',#7289);
#5652=LINE('',#7290,#7291);
#5653=VERTEX_POINT('',#7292);
#5654=LINE('',#7293,#7294);
#5655=VERTEX_POINT('',#7295);
#5656=LINE('',#7296,#7297);
#5657=VERTEX_POINT('',#7298);
#5658=LINE('',#7299,#7300);
#5659=VERTEX_POINT('',#7301);
#5660=LINE('',#7302,#7303);
#5661=VERTEX_POINT('',#7304);
#5662=LINE('',#7305,#7306);
#5663=VERTEX_POINT('',#7307);
#5664=LINE('',#7308,#7309);
#5665=LINE('',#7310,#7311);
#5666=VERTEX_POINT('',#7312);
#5667=LINE('',#7313,#7314);
#5668=VERTEX_POINT('',#7315);
#5669=LINE('',#7316,#7317);
#5670=LINE('',#7318,#7319);
#5671=VERTEX_POINT('',#7320);
#5672=LINE('',#7321,#7322);
#5673=VERTEX_POINT('',#7323);
#5674=LINE('',#7324,#7325);
#5675=LINE('',#7326,#7327);
#5676=VERTEX_POINT('',#7328);
#5677=VERTEX_POINT('',#7329);
#5678=LINE('',#7330,#7331);
#5679=VERTEX_POINT('',#7332);
#5680=LINE('',#7333,#7334);
#5681=VERTEX_POINT('',#7335);
#5682=LINE('',#7336,#7337);
#5683=VERTEX_POINT('',#7338);
#5684=LINE('',#7339,#7340);
#5685=VERTEX_POINT('',#7341);
#5686=LINE('',#7342,#7343);
#5687=VERTEX_POINT('',#7344);
#5688=LINE('',#7345,#7346);
#5689=VERTEX_POINT('',#7347);
#5690=LINE('',#7348,#7349);
#5691=VERTEX_POINT('',#7350);
#5692=LINE('',#7351,#7352);
#5693=VERTEX_POINT('',#7353);
#5694=LINE('',#7354,#7355);
#5695=VERTEX_POINT('',#7356);
#5696=LINE('',#7357,#7358);
#5697=VERTEX_POINT('',#7359);
#5698=LINE('',#7360,#7361);
#5699=VERTEX_POINT('',#7362);
#5700=LINE('',#7363,#7364);
#5701=VERTEX_POINT('',#7365);
#5702=LINE('',#7366,#7367);
#5703=VERTEX_POINT('',#7368);
#5704=LINE('',#7369,#7370);
#5705=VERTEX_POINT('',#7371);
#5706=LINE('',#7372,#7373);
#5707=VERTEX_POINT('',#7374);
#5708=LINE('',#7375,#7376);
#5709=VERTEX_POINT('',#7377);
#5710=LINE('',#7378,#7379);
#5711=VERTEX_POINT('',#7380);
#5712=LINE('',#7381,#7382);
#5713=VERTEX_POINT('',#7383);
#5714=LINE('',#7384,#7385);
#5715=VERTEX_POINT('',#7386);
#5716=LINE('',#7387,#7388);
#5717=VERTEX_POINT('',#7389);
#5718=LINE('',#7390,#7391);
#5719=VERTEX_POINT('',#7392);
#5720=LINE('',#7393,#7394);
#5721=VERTEX_POINT('',#7395);
#5722=LINE('',#7396,#7397);
#5723=LINE('',#7398,#7399);
#5724=VERTEX_POINT('',#7400);
#5725=LINE('',#7401,#7402);
#5726=LINE('',#7403,#7404);
#5727=VERTEX_POINT('',#7405);
#5728=LINE('',#7406,#7407);
#5729=LINE('',#7408,#7409);
#5730=VERTEX_POINT('',#7410);
#5731=LINE('',#7411,#7412);
#5732=LINE('',#7413,#7414);
#5733=VERTEX_POINT('',#7415);
#5734=LINE('',#7416,#7417);
#5735=VERTEX_POINT('',#7418);
#5736=LINE('',#7419,#7420);
#5737=LINE('',#7421,#7422);
#5738=VERTEX_POINT('',#7423);
#5739=LINE('',#7424,#7425);
#5740=VERTEX_POINT('',#7426);
#5741=LINE('',#7427,#7428);
#5742=VERTEX_POINT('',#7429);
#5743=LINE('',#7430,#7431);
#5744=LINE('',#7432,#7433);
#5745=VERTEX_POINT('',#7434);
#5746=LINE('',#7435,#7436);
#5747=LINE('',#7437,#7438);
#5748=VERTEX_POINT('',#7439);
#5749=LINE('',#7440,#7441);
#5750=VERTEX_POINT('',#7442);
#5751=LINE('',#7443,#7444);
#5752=VERTEX_POINT('',#7445);
#5753=LINE('',#7446,#7447);
#5754=LINE('',#7448,#7449);
#5755=VERTEX_POINT('',#7450);
#5756=LINE('',#7451,#7452);
#5757=VERTEX_POINT('',#7453);
#5758=LINE('',#7454,#7455);
#5759=LINE('',#7456,#7457);
#5760=VERTEX_POINT('',#7458);
#5761=LINE('',#7459,#7460);
#5762=LINE('',#7461,#7462);
#5763=VERTEX_POINT('',#7463);
#5764=LINE('',#7464,#7465);
#5765=VERTEX_POINT('',#7466);
#5766=LINE('',#7467,#7468);
#5767=LINE('',#7469,#7470);
#5768=VERTEX_POINT('',#7471);
#5769=LINE('',#7472,#7473);
#5770=VERTEX_POINT('',#7474);
#5771=LINE('',#7475,#7476);
#5772=LINE('',#7477,#7478);
#5773=VERTEX_POINT('',#7479);
#5774=LINE('',#7480,#7481);
#5775=VERTEX_POINT('',#7482);
#5776=LINE('',#7483,#7484);
#5777=VERTEX_POINT('',#7485);
#5778=LINE('',#7486,#7487);
#5779=VERTEX_POINT('',#7488);
#5780=LINE('',#7489,#7490);
#5781=LINE('',#7491,#7492);
#5782=VERTEX_POINT('',#7493);
#5783=VERTEX_POINT('',#7494);
#5784=LINE('',#7495,#7496);
#5785=VERTEX_POINT('',#7497);
#5786=LINE('',#7498,#7499);
#5787=VERTEX_POINT('',#7500);
#5788=LINE('',#7501,#7502);
#5789=LINE('',#7503,#7504);
#5790=VERTEX_POINT('',#7505);
#5791=VERTEX_POINT('',#7506);
#5792=LINE('',#7507,#7508);
#5793=VERTEX_POINT('',#7509);
#5794=LINE('',#7510,#7511);
#5795=VERTEX_POINT('',#7512);
#5796=LINE('',#7513,#7514);
#5797=LINE('',#7515,#7516);
#5798=VERTEX_POINT('',#7517);
#5799=LINE('',#7518,#7519);
#5800=VERTEX_POINT('',#7520);
#5801=LINE('',#7521,#7522);
#5802=LINE('',#7523,#7524);
#5803=VERTEX_POINT('',#7525);
#5804=LINE('',#7526,#7527);
#5805=VERTEX_POINT('',#7528);
#5806=LINE('',#7529,#7530);
#5807=LINE('',#7531,#7532);
#5808=VERTEX_POINT('',#7533);
#5809=LINE('',#7534,#7535);
#5810=LINE('',#7536,#7537);
#5811=VERTEX_POINT('',#7538);
#5812=LINE('',#7539,#7540);
#5813=LINE('',#7541,#7542);
#5814=VERTEX_POINT('',#7543);
#5815=LINE('',#7544,#7545);
#5816=VERTEX_POINT('',#7546);
#5817=LINE('',#7547,#7548);
#5818=LINE('',#7549,#7550);
#5819=LINE('',#7551,#7552);
#5820=LINE('',#7553,#7554);
#5821=LINE('',#7555,#7556);
#5822=VERTEX_POINT('',#7557);
#5823=LINE('',#7558,#7559);
#5824=LINE('',#7560,#7561);
#5825=VERTEX_POINT('',#7562);
#5826=VERTEX_POINT('',#7563);
#5827=LINE('',#7564,#7565);
#5828=VERTEX_POINT('',#7566);
#5829=LINE('',#7567,#7568);
#5830=LINE('',#7569,#7570);
#5831=LINE('',#7571,#7572);
#5832=VERTEX_POINT('',#7573);
#5833=LINE('',#7574,#7575);
#5834=VERTEX_POINT('',#7576);
#5835=LINE('',#7577,#7578);
#5836=LINE('',#7579,#7580);
#5837=LINE('',#7581,#7582);
#5838=LINE('',#7583,#7584);
#5839=LINE('',#7585,#7586);
#5840=LINE('',#7587,#7588);
#5841=VERTEX_POINT('',#7589);
#5842=LINE('',#7590,#7591);
#5843=VERTEX_POINT('',#7592);
#5844=LINE('',#7593,#7594);
#5845=LINE('',#7595,#7596);
#5846=LINE('',#7597,#7598);
#5847=VERTEX_POINT('',#7599);
#5848=LINE('',#7600,#7601);
#5849=VERTEX_POINT('',#7602);
#5850=LINE('',#7603,#7604);
#5851=VERTEX_POINT('',#7605);
#5852=LINE('',#7606,#7607);
#5853=VERTEX_POINT('',#7608);
#5854=LINE('',#7609,#7610);
#5855=LINE('',#7611,#7612);
#5856=VERTEX_POINT('',#7613);
#5857=LINE('',#7614,#7615);
#5858=LINE('',#7616,#7617);
#5859=LINE('',#7618,#7619);
#5860=VERTEX_POINT('',#7620);
#5861=LINE('',#7621,#7622);
#5862=VERTEX_POINT('',#7623);
#5863=LINE('',#7624,#7625);
#5864=VERTEX_POINT('',#7626);
#5865=LINE('',#7627,#7628);
#5866=LINE('',#7629,#7630);
#5867=LINE('',#7631,#7632);
#5868=LINE('',#7633,#7634);
#5869=LINE('',#7635,#7636);
#5870=LINE('',#7637,#7638);
#5871=LINE('',#7639,#7640);
#5872=VERTEX_POINT('',#7641);
#5873=VERTEX_POINT('',#7642);
#5874=LINE('',#7643,#7644);
#5875=VERTEX_POINT('',#7645);
#5876=LINE('',#7646,#7647);
#5877=VERTEX_POINT('',#7648);
#5878=LINE('',#7649,#7650);
#5879=VERTEX_POINT('',#7651);
#5880=LINE('',#7652,#7653);
#5881=LINE('',#7654,#7655);
#5882=VERTEX_POINT('',#7656);
#5883=VERTEX_POINT('',#7657);
#5884=LINE('',#7658,#7659);
#5885=VERTEX_POINT('',#7660);
#5886=LINE('',#7661,#7662);
#5887=VERTEX_POINT('',#7663);
#5888=LINE('',#7664,#7665);
#5889=VERTEX_POINT('',#7666);
#5890=LINE('',#7667,#7668);
#5891=LINE('',#7669,#7670);
#5892=VERTEX_POINT('',#7671);
#5893=VERTEX_POINT('',#7672);
#5894=LINE('',#7673,#7674);
#5895=VERTEX_POINT('',#7675);
#5896=LINE('',#7676,#7677);
#5897=VERTEX_POINT('',#7678);
#5898=LINE('',#7679,#7680);
#5899=VERTEX_POINT('',#7681);
#5900=LINE('',#7682,#7683);
#5901=LINE('',#7684,#7685);
#5902=VERTEX_POINT('',#7686);
#5903=VERTEX_POINT('',#7687);
#5904=LINE('',#7688,#7689);
#5905=VERTEX_POINT('',#7690);
#5906=LINE('',#7691,#7692);
#5907=VERTEX_POINT('',#7693);
#5908=LINE('',#7694,#7695);
#5909=VERTEX_POINT('',#7696);
#5910=LINE('',#7697,#7698);
#5911=LINE('',#7699,#7700);
#5912=VERTEX_POINT('',#7701);
#5913=VERTEX_POINT('',#7702);
#5914=LINE('',#7703,#7704);
#5915=VERTEX_POINT('',#7705);
#5916=LINE('',#7706,#7707);
#5917=VERTEX_POINT('',#7708);
#5918=LINE('',#7709,#7710);
#5919=VERTEX_POINT('',#7711);
#5920=LINE('',#7712,#7713);
#5921=LINE('',#7714,#7715);
#5922=VERTEX_POINT('',#7716);
#5923=VERTEX_POINT('',#7717);
#5924=LINE('',#7718,#7719);
#5925=VERTEX_POINT('',#7720);
#5926=LINE('',#7721,#7722);
#5927=VERTEX_POINT('',#7723);
#5928=LINE('',#7724,#7725);
#5929=VERTEX_POINT('',#7726);
#5930=LINE('',#7727,#7728);
#5931=LINE('',#7729,#7730);
#5932=LINE('',#7731,#7732);
#5933=VERTEX_POINT('',#7733);
#5934=LINE('',#7734,#7735);
#5935=LINE('',#7736,#7737);
#5936=LINE('',#7738,#7739);
#5937=VERTEX_POINT('',#7740);
#5938=LINE('',#7741,#7742);
#5939=LINE('',#7743,#7744);
#5940=VERTEX_POINT('',#7745);
#5941=LINE('',#7746,#7747);
#5942=VERTEX_POINT('',#7748);
#5943=LINE('',#7749,#7750);
#5944=VERTEX_POINT('',#7751);
#5945=LINE('',#7752,#7753);
#5946=VERTEX_POINT('',#7754);
#5947=LINE('',#7755,#7756);
#5948=VERTEX_POINT('',#7757);
#5949=LINE('',#7758,#7759);
#5950=LINE('',#7760,#7761);
#5951=LINE('',#7762,#7763);
#5952=VERTEX_POINT('',#7764);
#5953=LINE('',#7765,#7766);
#5954=VERTEX_POINT('',#7767);
#5955=LINE('',#7768,#7769);
#5956=LINE('',#7770,#7771);
#5957=VERTEX_POINT('',#7772);
#5958=LINE('',#7773,#7774);
#5959=LINE('',#7775,#7776);
#5960=VERTEX_POINT('',#7777);
#5961=LINE('',#7778,#7779);
#5962=LINE('',#7780,#7781);
#5963=LINE('',#7782,#7783);
#5964=LINE('',#7784,#7785);
#5965=LINE('',#7786,#7787);
#5966=LINE('',#7788,#7789);
#5967=LINE('',#7790,#7791);
#5968=LINE('',#7792,#7793);
#5969=LINE('',#7794,#7795);
#5970=VERTEX_POINT('',#7796);
#5971=LINE('',#7797,#7798);
#5972=VERTEX_POINT('',#7799);
#5973=LINE('',#7800,#7801);
#5974=LINE('',#7802,#7803);
#5975=VERTEX_POINT('',#7804);
#5976=VERTEX_POINT('',#7805);
#5977=LINE('',#7806,#7807);
#5978=VERTEX_POINT('',#7808);
#5979=LINE('',#7809,#7810);
#5980=VERTEX_POINT('',#7811);
#5981=LINE('',#7812,#7813);
#5982=LINE('',#7814,#7815);
#5983=VERTEX_POINT('',#7816);
#5984=LINE('',#7817,#7818);
#5985=VERTEX_POINT('',#7819);
#5986=CIRCLE('',#7820,1.52);
#5987=VERTEX_POINT('',#7821);
#5988=LINE('',#7822,#7823);
#5989=VERTEX_POINT('',#7824);
#5990=LINE('',#7825,#7826);
#5991=VERTEX_POINT('',#7827);
#5992=LINE('',#7828,#7829);
#5993=VERTEX_POINT('',#7830);
#5994=LINE('',#7831,#7832);
#5995=VERTEX_POINT('',#7833);
#5996=LINE('',#7834,#7835);
#5997=VERTEX_POINT('',#7836);
#5998=CIRCLE('',#7837,1.52);
#5999=LINE('',#7838,#7839);
#6000=VERTEX_POINT('',#7840);
#6001=VERTEX_POINT('',#7841);
#6002=LINE('',#7842,#7843);
#6003=VERTEX_POINT('',#7844);
#6004=LINE('',#7845,#7846);
#6005=VERTEX_POINT('',#7847);
#6006=LINE('',#7848,#7849);
#6007=LINE('',#7850,#7851);
#6008=VERTEX_POINT('',#7852);
#6009=LINE('',#7853,#7854);
#6010=VERTEX_POINT('',#7855);
#6011=CIRCLE('',#7856,1.52);
#6012=VERTEX_POINT('',#7857);
#6013=LINE('',#7858,#7859);
#6014=VERTEX_POINT('',#7860);
#6015=LINE('',#7861,#7862);
#6016=VERTEX_POINT('',#7863);
#6017=LINE('',#7864,#7865);
#6018=VERTEX_POINT('',#7866);
#6019=LINE('',#7867,#7868);
#6020=VERTEX_POINT('',#7869);
#6021=LINE('',#7870,#7871);
#6022=VERTEX_POINT('',#7872);
#6023=CIRCLE('',#7873,1.52);
#6024=LINE('',#7874,#7875);
#6025=VERTEX_POINT('',#7876);
#6026=LINE('',#7877,#7878);
#6027=LINE('',#7879,#7880);
#6028=VERTEX_POINT('',#7881);
#6029=LINE('',#7882,#7883);
#6030=VERTEX_POINT('',#7884);
#6031=CIRCLE('',#7885,1.52);
#6032=VERTEX_POINT('',#7886);
#6033=LINE('',#7887,#7888);
#6034=VERTEX_POINT('',#7889);
#6035=LINE('',#7890,#7891);
#6036=VERTEX_POINT('',#7892);
#6037=LINE('',#7893,#7894);
#6038=VERTEX_POINT('',#7895);
#6039=LINE('',#7896,#7897);
#6040=VERTEX_POINT('',#7898);
#6041=LINE('',#7899,#7900);
#6042=VERTEX_POINT('',#7901);
#6043=CIRCLE('',#7902,1.52);
#6044=LINE('',#7903,#7904);
#6045=VERTEX_POINT('',#7905);
#6046=LINE('',#7906,#7907);
#6047=LINE('',#7908,#7909);
#6048=VERTEX_POINT('',#7910);
#6049=VERTEX_POINT('',#7911);
#6050=LINE('',#7912,#7913);
#6051=VERTEX_POINT('',#7914);
#6052=LINE('',#7915,#7916);
#6053=VERTEX_POINT('',#7917);
#6054=LINE('',#7918,#7919);
#6055=LINE('',#7920,#7921);
#6056=VERTEX_POINT('',#7922);
#6057=VERTEX_POINT('',#7923);
#6058=LINE('',#7924,#7925);
#6059=VERTEX_POINT('',#7926);
#6060=LINE('',#7927,#7928);
#6061=VERTEX_POINT('',#7929);
#6062=LINE('',#7930,#7931);
#6063=LINE('',#7932,#7933);
#6064=VERTEX_POINT('',#7934);
#6065=VERTEX_POINT('',#7935);
#6066=CIRCLE('',#7936,1.52);
#6067=VERTEX_POINT('',#7937);
#6068=LINE('',#7938,#7939);
#6069=VERTEX_POINT('',#7940);
#6070=LINE('',#7941,#7942);
#6071=VERTEX_POINT('',#7943);
#6072=LINE('',#7944,#7945);
#6073=VERTEX_POINT('',#7946);
#6074=LINE('',#7947,#7948);
#6075=VERTEX_POINT('',#7949);
#6076=LINE('',#7950,#7951);
#6077=VERTEX_POINT('',#7952);
#6078=CIRCLE('',#7953,1.52);
#6079=LINE('',#7954,#7955);
#6080=LINE('',#7956,#7957);
#6081=LINE('',#7958,#7959);
#6082=LINE('',#7960,#7961);
#6083=LINE('',#7962,#7963);
#6084=VERTEX_POINT('',#7964);
#6085=VERTEX_POINT('',#7965);
#6086=LINE('',#7966,#7967);
#6087=VERTEX_POINT('',#7968);
#6088=LINE('',#7969,#7970);
#6089=VERTEX_POINT('',#7971);
#6090=LINE('',#7972,#7973);
#6091=VERTEX_POINT('',#7974);
#6092=LINE('',#7975,#7976);
#6093=LINE('',#7977,#7978);
#6094=LINE('',#7979,#7980);
#6095=VERTEX_POINT('',#7981);
#6096=VERTEX_POINT('',#7982);
#6097=LINE('',#7983,#7984);
#6098=VERTEX_POINT('',#7985);
#6099=LINE('',#7986,#7987);
#6100=VERTEX_POINT('',#7988);
#6101=LINE('',#7989,#7990);
#6102=VERTEX_POINT('',#7991);
#6103=LINE('',#7992,#7993);
#6104=LINE('',#7994,#7995);
#6105=LINE('',#7996,#7997);
#6106=LINE('',#7998,#7999);
#6107=VERTEX_POINT('',#8000);
#6108=VERTEX_POINT('',#8001);
#6109=LINE('',#8002,#8003);
#6110=VERTEX_POINT('',#8004);
#6111=LINE('',#8005,#8006);
#6112=VERTEX_POINT('',#8007);
#6113=LINE('',#8008,#8009);
#6114=VERTEX_POINT('',#8010);
#6115=LINE('',#8011,#8012);
#6116=LINE('',#8013,#8014);
#6117=VERTEX_POINT('',#8015);
#6118=VERTEX_POINT('',#8016);
#6119=LINE('',#8017,#8018);
#6120=VERTEX_POINT('',#8019);
#6121=LINE('',#8020,#8021);
#6122=VERTEX_POINT('',#8022);
#6123=LINE('',#8023,#8024);
#6124=LINE('',#8025,#8026);
#6125=VERTEX_POINT('',#8027);
#6126=VERTEX_POINT('',#8028);
#6127=LINE('',#8029,#8030);
#6128=VERTEX_POINT('',#8031);
#6129=LINE('',#8032,#8033);
#6130=VERTEX_POINT('',#8034);
#6131=LINE('',#8035,#8036);
#6132=VERTEX_POINT('',#8037);
#6133=LINE('',#8038,#8039);
#6134=LINE('',#8040,#8041);
#6135=VERTEX_POINT('',#8042);
#6136=VERTEX_POINT('',#8043);
#6137=LINE('',#8044,#8045);
#6138=VERTEX_POINT('',#8046);
#6139=LINE('',#8047,#8048);
#6140=VERTEX_POINT('',#8049);
#6141=LINE('',#8050,#8051);
#6142=LINE('',#8052,#8053);
#6143=VERTEX_POINT('',#8054);
#6144=VERTEX_POINT('',#8055);
#6145=LINE('',#8056,#8057);
#6146=VERTEX_POINT('',#8058);
#6147=LINE('',#8059,#8060);
#6148=VERTEX_POINT('',#8061);
#6149=LINE('',#8062,#8063);
#6150=VERTEX_POINT('',#8064);
#6151=LINE('',#8065,#8066);
#6152=LINE('',#8067,#8068);
#6153=VERTEX_POINT('',#8069);
#6154=VERTEX_POINT('',#8070);
#6155=LINE('',#8071,#8072);
#6156=VERTEX_POINT('',#8073);
#6157=LINE('',#8074,#8075);
#6158=VERTEX_POINT('',#8076);
#6159=LINE('',#8077,#8078);
#6160=LINE('',#8079,#8080);
#6161=VERTEX_POINT('',#8081);
#6162=VERTEX_POINT('',#8082);
#6163=LINE('',#8083,#8084);
#6164=VERTEX_POINT('',#8085);
#6165=LINE('',#8086,#8087);
#6166=VERTEX_POINT('',#8088);
#6167=LINE('',#8089,#8090);
#6168=VERTEX_POINT('',#8091);
#6169=LINE('',#8092,#8093);
#6170=LINE('',#8094,#8095);
#6171=VERTEX_POINT('',#8096);
#6172=VERTEX_POINT('',#8097);
#6173=LINE('',#8098,#8099);
#6174=VERTEX_POINT('',#8100);
#6175=LINE('',#8101,#8102);
#6176=VERTEX_POINT('',#8103);
#6177=LINE('',#8104,#8105);
#6178=LINE('',#8106,#8107);
#6179=LINE('',#8108,#8109);
#6180=LINE('',#8110,#8111);
#6181=LINE('',#8112,#8113);
#6182=LINE('',#8114,#8115);
#6183=LINE('',#8116,#8117);
#6184=LINE('',#8118,#8119);
#6185=LINE('',#8120,#8121);
#6186=LINE('',#8122,#8123);
#6187=LINE('',#8124,#8125);
#6188=LINE('',#8126,#8127);
#6189=LINE('',#8128,#8129);
#6190=LINE('',#8130,#8131);
#6191=LINE('',#8132,#8133);
#6192=LINE('',#8134,#8135);
#6193=LINE('',#8136,#8137);
#6194=LINE('',#8138,#8139);
#6195=LINE('',#8140,#8141);
#6196=LINE('',#8142,#8143);
#6197=LINE('',#8144,#8145);
#6198=LINE('',#8146,#8147);
#6199=LINE('',#8148,#8149);
#6200=LINE('',#8150,#8151);
#6201=LINE('',#8152,#8153);
#6202=LINE('',#8154,#8155);
#6203=LINE('',#8156,#8157);
#6204=LINE('',#8158,#8159);
#6205=LINE('',#8160,#8161);
#6206=LINE('',#8162,#8163);
#6207=LINE('',#8164,#8165);
#6208=LINE('',#8166,#8167);
#6209=LINE('',#8168,#8169);
#6210=LINE('',#8170,#8171);
#6211=LINE('',#8172,#8173);
#6212=LINE('',#8174,#8175);
#6213=LINE('',#8176,#8177);
#6214=LINE('',#8178,#8179);
#6215=LINE('',#8180,#8181);
#6216=LINE('',#8182,#8183);
#6217=LINE('',#8184,#8185);
#6218=LINE('',#8186,#8187);
#6219=LINE('',#8188,#8189);
#6220=LINE('',#8190,#8191);
#6221=LINE('',#8192,#8193);
#6222=LINE('',#8194,#8195);
#6223=LINE('',#8196,#8197);
#6224=LINE('',#8198,#8199);
#6225=LINE('',#8200,#8201);
#6226=LINE('',#8202,#8203);
#6227=VERTEX_POINT('',#8204);
#6228=LINE('',#8205,#8206);
#6229=VERTEX_POINT('',#8207);
#6230=LINE('',#8208,#8209);
#6231=LINE('',#8210,#8211);
#6232=VERTEX_POINT('',#8212);
#6233=LINE('',#8213,#8214);
#6234=VERTEX_POINT('',#8215);
#6235=CIRCLE('',#8216,1.52);
#6236=VERTEX_POINT('',#8217);
#6237=LINE('',#8218,#8219);
#6238=VERTEX_POINT('',#8220);
#6239=LINE('',#8221,#8222);
#6240=VERTEX_POINT('',#8223);
#6241=LINE('',#8224,#8225);
#6242=VERTEX_POINT('',#8226);
#6243=LINE('',#8227,#8228);
#6244=VERTEX_POINT('',#8229);
#6245=LINE('',#8230,#8231);
#6246=VERTEX_POINT('',#8232);
#6247=CIRCLE('',#8233,1.52);
#6248=LINE('',#8234,#8235);
#6249=VERTEX_POINT('',#8236);
#6250=LINE('',#8237,#8238);
#6251=VERTEX_POINT('',#8239);
#6252=LINE('',#8240,#8241);
#6253=LINE('',#8242,#8243);
#6254=VERTEX_POINT('',#8244);
#6255=LINE('',#8245,#8246);
#6256=VERTEX_POINT('',#8247);
#6257=LINE('',#8248,#8249);
#6258=LINE('',#8250,#8251);
#6259=VERTEX_POINT('',#8252);
#6260=LINE('',#8253,#8254);
#6261=VERTEX_POINT('',#8255);
#6262=CIRCLE('',#8256,1.52);
#6263=VERTEX_POINT('',#8257);
#6264=LINE('',#8258,#8259);
#6265=VERTEX_POINT('',#8260);
#6266=LINE('',#8261,#8262);
#6267=VERTEX_POINT('',#8263);
#6268=LINE('',#8264,#8265);
#6269=VERTEX_POINT('',#8266);
#6270=LINE('',#8267,#8268);
#6271=VERTEX_POINT('',#8269);
#6272=LINE('',#8270,#8271);
#6273=VERTEX_POINT('',#8272);
#6274=CIRCLE('',#8273,1.52);
#6275=LINE('',#8274,#8275);
#6276=VERTEX_POINT('',#8276);
#6277=LINE('',#8277,#8278);
#6278=LINE('',#8279,#8280);
#6279=VERTEX_POINT('',#8281);
#6280=LINE('',#8282,#8283);
#6281=VERTEX_POINT('',#8284);
#6282=LINE('',#8285,#8286);
#6283=LINE('',#8287,#8288);
#6284=VERTEX_POINT('',#8289);
#6285=LINE('',#8290,#8291);
#6286=LINE('',#8292,#8293);
#6287=VERTEX_POINT('',#8294);
#6288=LINE('',#8295,#8296);
#6289=LINE('',#8297,#8298);
#6290=VERTEX_POINT('',#8299);
#6291=LINE('',#8300,#8301);
#6292=LINE('',#8302,#8303);
#6293=VERTEX_POINT('',#8304);
#6294=LINE('',#8305,#8306);
#6295=VERTEX_POINT('',#8307);
#6296=LINE('',#8308,#8309);
#6297=LINE('',#8310,#8311);
#6298=VERTEX_POINT('',#8312);
#6299=LINE('',#8313,#8314);
#6300=LINE('',#8315,#8316);
#6301=VERTEX_POINT('',#8317);
#6302=LINE('',#8318,#8319);
#6303=LINE('',#8320,#8321);
#6304=VERTEX_POINT('',#8322);
#6305=LINE('',#8323,#8324);
#6306=LINE('',#8325,#8326);
#6307=VERTEX_POINT('',#8327);
#6308=LINE('',#8328,#8329);
#6309=LINE('',#8330,#8331);
#6310=VERTEX_POINT('',#8332);
#6311=LINE('',#8333,#8334);
#6312=VERTEX_POINT('',#8335);
#6313=CIRCLE('',#8336,1.52);
#6314=VERTEX_POINT('',#8337);
#6315=LINE('',#8338,#8339);
#6316=VERTEX_POINT('',#8340);
#6317=LINE('',#8341,#8342);
#6318=VERTEX_POINT('',#8343);
#6319=LINE('',#8344,#8345);
#6320=VERTEX_POINT('',#8346);
#6321=LINE('',#8347,#8348);
#6322=VERTEX_POINT('',#8349);
#6323=LINE('',#8350,#8351);
#6324=VERTEX_POINT('',#8352);
#6325=CIRCLE('',#8353,1.52);
#6326=LINE('',#8354,#8355);
#6327=VERTEX_POINT('',#8356);
#6328=VERTEX_POINT('',#8357);
#6329=LINE('',#8358,#8359);
#6330=LINE('',#8360,#8361);
#6331=LINE('',#8362,#8363);
#6332=VERTEX_POINT('',#8364);
#6333=LINE('',#8365,#8366);
#6334=LINE('',#8367,#8368);
#6335=VERTEX_POINT('',#8369);
#6336=VERTEX_POINT('',#8370);
#6337=CIRCLE('',#8371,1.52);
#6338=VERTEX_POINT('',#8372);
#6339=LINE('',#8373,#8374);
#6340=VERTEX_POINT('',#8375);
#6341=LINE('',#8376,#8377);
#6342=VERTEX_POINT('',#8378);
#6343=LINE('',#8379,#8380);
#6344=VERTEX_POINT('',#8381);
#6345=LINE('',#8382,#8383);
#6346=VERTEX_POINT('',#8384);
#6347=LINE('',#8385,#8386);
#6348=CIRCLE('',#8387,1.52);
#6349=LINE('',#8388,#8389);
#6350=VERTEX_POINT('',#8390);
#6351=LINE('',#8391,#8392);
#6352=LINE('',#8393,#8394);
#6353=LINE('',#8395,#8396);
#6354=LINE('',#8397,#8398);
#6355=VERTEX_POINT('',#8399);
#6356=LINE('',#8400,#8401);
#6357=LINE('',#8402,#8403);
#6358=VERTEX_POINT('',#8404);
#6359=LINE('',#8405,#8406);
#6360=LINE('',#8407,#8408);
#6361=VERTEX_POINT('',#8409);
#6362=LINE('',#8410,#8411);
#6363=LINE('',#8412,#8413);
#6364=LINE('',#8414,#8415);
#6365=LINE('',#8416,#8417);
#6366=LINE('',#8418,#8419);
#6367=LINE('',#8420,#8421);
#6368=LINE('',#8422,#8423);
#6369=LINE('',#8424,#8425);
#6370=LINE('',#8426,#8427);
#6371=LINE('',#8428,#8429);
#6372=LINE('',#8430,#8431);
#6373=LINE('',#8432,#8433);
#6374=LINE('',#8434,#8435);
#6375=LINE('',#8436,#8437);
#6376=LINE('',#8438,#8439);
#6377=LINE('',#8440,#8441);
#6378=LINE('',#8442,#8443);
#6379=LINE('',#8444,#8445);
#6380=LINE('',#8446,#8447);
#6381=LINE('',#8448,#8449);
#6382=LINE('',#8450,#8451);
#6383=LINE('',#8452,#8453);
#6384=LINE('',#8454,#8455);
#6385=VERTEX_POINT('',#8456);
#6386=LINE('',#8457,#8458);
#6387=VERTEX_POINT('',#8459);
#6388=LINE('',#8460,#8461);
#6389=LINE('',#8462,#8463);
#6390=VERTEX_POINT('',#8464);
#6391=LINE('',#8465,#8466);
#6392=VERTEX_POINT('',#8467);
#6393=LINE('',#8468,#8469);
#6394=LINE('',#8470,#8471);
#6395=VERTEX_POINT('',#8472);
#6396=LINE('',#8473,#8474);
#6397=VERTEX_POINT('',#8475);
#6398=CIRCLE('',#8476,1.52);
#6399=VERTEX_POINT('',#8477);
#6400=LINE('',#8478,#8479);
#6401=VERTEX_POINT('',#8480);
#6402=LINE('',#8481,#8482);
#6403=VERTEX_POINT('',#8483);
#6404=LINE('',#8484,#8485);
#6405=VERTEX_POINT('',#8486);
#6406=LINE('',#8487,#8488);
#6407=VERTEX_POINT('',#8489);
#6408=LINE('',#8490,#8491);
#6409=VERTEX_POINT('',#8492);
#6410=CIRCLE('',#8493,1.52);
#6411=LINE('',#8494,#8495);
#6412=VERTEX_POINT('',#8496);
#6413=LINE('',#8497,#8498);
#6414=VERTEX_POINT('',#8499);
#6415=LINE('',#8500,#8501);
#6416=LINE('',#8502,#8503);
#6417=VERTEX_POINT('',#8504);
#6418=LINE('',#8505,#8506);
#6419=VERTEX_POINT('',#8507);
#6420=CIRCLE('',#8508,1.52);
#6421=VERTEX_POINT('',#8509);
#6422=LINE('',#8510,#8511);
#6423=VERTEX_POINT('',#8512);
#6424=LINE('',#8513,#8514);
#6425=VERTEX_POINT('',#8515);
#6426=LINE('',#8516,#8517);
#6427=VERTEX_POINT('',#8518);
#6428=LINE('',#8519,#8520);
#6429=VERTEX_POINT('',#8521);
#6430=LINE('',#8522,#8523);
#6431=VERTEX_POINT('',#8524);
#6432=CIRCLE('',#8525,1.52);
#6433=LINE('',#8526,#8527);
#6434=VERTEX_POINT('',#8528);
#6435=LINE('',#8529,#8530);
#6436=LINE('',#8531,#8532);
#6437=VERTEX_POINT('',#8533);
#6438=LINE('',#8534,#8535);
#6439=LINE('',#8536,#8537);
#6440=VERTEX_POINT('',#8538);
#6441=LINE('',#8539,#8540);
#6442=LINE('',#8541,#8542);
#6443=VERTEX_POINT('',#8543);
#6444=LINE('',#8544,#8545);
#6445=LINE('',#8546,#8547);
#6446=VERTEX_POINT('',#8548);
#6447=LINE('',#8549,#8550);
#6448=LINE('',#8551,#8552);
#6449=VERTEX_POINT('',#8553);
#6450=LINE('',#8554,#8555);
#6451=VERTEX_POINT('',#8556);
#6452=LINE('',#8557,#8558);
#6453=LINE('',#8559,#8560);
#6454=VERTEX_POINT('',#8561);
#6455=LINE('',#8562,#8563);
#6456=LINE('',#8564,#8565);
#6457=VERTEX_POINT('',#8566);
#6458=LINE('',#8567,#8568);
#6459=LINE('',#8569,#8570);
#6460=LINE('',#8571,#8572);
#6461=VERTEX_POINT('',#8573);
#6462=LINE('',#8574,#8575);
#6463=LINE('',#8576,#8577);
#6464=VERTEX_POINT('',#8578);
#6465=VERTEX_POINT('',#8579);
#6466=LINE('',#8580,#8581);
#6467=LINE('',#8582,#8583);
#6468=LINE('',#8584,#8585);
#6469=VERTEX_POINT('',#8586);
#6470=VERTEX_POINT('',#8587);
#6471=CIRCLE('',#8588,1.52);
#6472=VERTEX_POINT('',#8589);
#6473=LINE('',#8590,#8591);
#6474=VERTEX_POINT('',#8592);
#6475=LINE('',#8593,#8594);
#6476=VERTEX_POINT('',#8595);
#6477=LINE('',#8596,#8597);
#6478=VERTEX_POINT('',#8598);
#6479=LINE('',#8599,#8600);
#6480=VERTEX_POINT('',#8601);
#6481=LINE('',#8602,#8603);
#6482=VERTEX_POINT('',#8604);
#6483=CIRCLE('',#8605,1.52);
#6484=LINE('',#8606,#8607);
#6485=LINE('',#8608,#8609);
#6486=VERTEX_POINT('',#8610);
#6487=LINE('',#8611,#8612);
#6488=LINE('',#8613,#8614);
#6489=VERTEX_POINT('',#8615);
#6490=VERTEX_POINT('',#8616);
#6491=CIRCLE('',#8617,1.52);
#6492=VERTEX_POINT('',#8618);
#6493=LINE('',#8619,#8620);
#6494=VERTEX_POINT('',#8621);
#6495=LINE('',#8622,#8623);
#6496=VERTEX_POINT('',#8624);
#6497=LINE('',#8625,#8626);
#6498=VERTEX_POINT('',#8627);
#6499=LINE('',#8628,#8629);
#6500=VERTEX_POINT('',#8630);
#6501=LINE('',#8631,#8632);
#6502=CIRCLE('',#8633,1.52);
#6503=LINE('',#8634,#8635);
#6504=LINE('',#8636,#8637);
#6505=LINE('',#8638,#8639);
#6506=LINE('',#8640,#8641);
#6507=LINE('',#8642,#8643);
#6508=LINE('',#8644,#8645);
#6509=LINE('',#8646,#8647);
#6510=LINE('',#8648,#8649);
#6511=LINE('',#8650,#8651);
#6512=LINE('',#8652,#8653);
#6513=LINE('',#8654,#8655);
#6514=LINE('',#8656,#8657);
#6515=LINE('',#8658,#8659);
#6516=LINE('',#8660,#8661);
#6517=LINE('',#8662,#8663);
#6518=LINE('',#8664,#8665);
#6519=LINE('',#8666,#8667);
#6520=LINE('',#8668,#8669);
#6521=LINE('',#8670,#8671);
#6522=LINE('',#8672,#8673);
#6523=LINE('',#8674,#8675);
#6524=LINE('',#8676,#8677);
#6525=LINE('',#8678,#8679);
#6526=LINE('',#8680,#8681);
#6527=LINE('',#8682,#8683);
#6528=LINE('',#8684,#8685);
#6529=LINE('',#8686,#8687);
#6530=LINE('',#8688,#8689);
#6531=LINE('',#8690,#8691);
#6532=LINE('',#8692,#8693);
#6533=VERTEX_POINT('',#8694);
#6534=LINE('',#8695,#8696);
#6535=LINE('',#8697,#8698);
#6536=VERTEX_POINT('',#8699);
#6537=LINE('',#8700,#8701);
#6538=LINE('',#8702,#8703);
#6539=LINE('',#8704,#8705);
#6540=LINE('',#8706,#8707);
#6541=VERTEX_POINT('',#8708);
#6542=LINE('',#8709,#8710);
#6543=LINE('',#8711,#8712);
#6544=CIRCLE('',#8713,0.43);
#6545=VERTEX_POINT('',#8714);
#6546=CIRCLE('',#8715,0.09999978572946);
#6547=LINE('',#8716,#8717);
#6548=VERTEX_POINT('',#8718);
#6549=CIRCLE('',#8719,0.09999978572946);
#6550=CIRCLE('',#8720,0.09999978572946);
#6551=CIRCLE('',#8721,0.09999978572946);
#6552=VERTEX_POINT('',#8722);
#6553=CIRCLE('',#8723,0.43);
#6554=LINE('',#8724,#8725);
#6555=CIRCLE('',#8726,0.43);
#6556=LINE('',#8727,#8728);
#6557=LINE('',#8729,#8730);
#6558=CIRCLE('',#8731,0.43);
#6559=VERTEX_POINT('',#8732);
#6560=LINE('',#8733,#8734);
#6561=VERTEX_POINT('',#8735);
#6562=LINE('',#8736,#8737);
#6563=LINE('',#8738,#8739);
#6564=VERTEX_POINT('',#8740);
#6565=LINE('',#8741,#8742);
#6566=VERTEX_POINT('',#8743);
#6567=LINE('',#8744,#8745);
#6568=LINE('',#8746,#8747);
#6569=VERTEX_POINT('',#8748);
#6570=LINE('',#8749,#8750);
#6571=LINE('',#8751,#8752);
#6572=VERTEX_POINT('',#8753);
#6573=LINE('',#8754,#8755);
#6574=LINE('',#8756,#8757);
#6575=VERTEX_POINT('',#8758);
#6576=LINE('',#8759,#8760);
#6577=LINE('',#8761,#8762);
#6578=VERTEX_POINT('',#8763);
#6579=LINE('',#8764,#8765);
#6580=LINE('',#8766,#8767);
#6581=VERTEX_POINT('',#8768);
#6582=LINE('',#8769,#8770);
#6583=LINE('',#8771,#8772);
#6584=LINE('',#8773,#8774);
#6585=CARTESIAN_POINT('',(-6.0,2.37000021427054,-5.814999931715));
#6586=CARTESIAN_POINT('',(-6.0,2.04,-5.484999370236));
#6587=CARTESIAN_POINT('',(-6.0,2.2049994628112,-5.649998714035));
#6588=VECTOR('',#8775,1.0);
#6589=CARTESIAN_POINT('',(-5.900000214271,2.47,-5.814999931715));
#6590=AXIS2_PLACEMENT_3D('',#8776,#8777,#8778);
#6591=CARTESIAN_POINT('',(-5.57,2.47,-5.484999370236));
#6592=CARTESIAN_POINT('',(-5.900000094203,2.470000000091,-5.814999905833));
#6593=VECTOR('',#8779,0.4666904755265);
#6594=AXIS2_PLACEMENT_3D('',#8780,#8781,#8782);
#6595=CARTESIAN_POINT('',(6.0,2.9,-5.484999370236));
#6596=CARTESIAN_POINT('',(6.0,2.56999978572946,-5.814999931715));
#6597=CARTESIAN_POINT('',(6.0,2.7350005371888,-5.649998714035));
#6598=VECTOR('',#8783,1.0);
#6599=CARTESIAN_POINT('',(6.43,2.47,-5.484999370236));
#6600=AXIS2_PLACEMENT_3D('',#8784,#8785,#8786);
#6601=CARTESIAN_POINT('',(6.099999785729,2.47,-5.814999931715));
#6602=CARTESIAN_POINT('',(6.099999905797,2.470000000091,-5.814999905833));
#6603=VECTOR('',#8787,0.4666904755265);
#6604=AXIS2_PLACEMENT_3D('',#8788,#8789,#8790);
#6605=CARTESIAN_POINT('',(6.0,2.37000021427054,-5.814999931715));
#6606=CARTESIAN_POINT('',(6.0,2.04,-5.484999370236));
#6607=CARTESIAN_POINT('',(6.0,2.2049994628112,-5.649998714035));
#6608=VECTOR('',#8791,1.0);
#6609=AXIS2_PLACEMENT_3D('',#8792,#8793,#8794);
#6610=AXIS2_PLACEMENT_3D('',#8795,#8796,#8797);
#6611=CARTESIAN_POINT('',(-6.0,2.9,-5.484999370236));
#6612=CARTESIAN_POINT('',(-6.0,2.56999978572946,-5.814999931715));
#6613=CARTESIAN_POINT('',(-6.0,2.7350005371888,-5.649998714035));
#6614=VECTOR('',#8798,1.0);
#6615=AXIS2_PLACEMENT_3D('',#8799,#8800,#8801);
#6616=AXIS2_PLACEMENT_3D('',#8802,#8803,#8804);
#6617=CARTESIAN_POINT('',(-0.7,4.18,2.079177595493));
#6618=CARTESIAN_POINT('',(0.7,4.18,2.079177595493));
#6619=CARTESIAN_POINT('',(-0.7,4.18,2.079177595493));
#6620=VECTOR('',#8805,1.0);
#6621=CARTESIAN_POINT('',(-0.7,4.271402007554,2.073587209224));
#6622=AXIS2_PLACEMENT_3D('',#8806,#8807,#8808);
#6623=CARTESIAN_POINT('',(0.7,4.271402007554,2.073587209224));
#6624=CARTESIAN_POINT('',(-0.7,4.271402007554,2.073587209224));
#6625=VECTOR('',#8809,1.4);
#6626=AXIS2_PLACEMENT_3D('',#8810,#8811,#8812);
#6627=CARTESIAN_POINT('',(-6.325,-3.05,1.785));
#6628=CARTESIAN_POINT('',(-6.325,-1.1,1.785));
#6629=CARTESIAN_POINT('',(-6.325,-3.05,1.785));
#6630=VECTOR('',#8813,1.95);
#6631=CARTESIAN_POINT('',(-6.325,-3.05,3.305));
#6632=CARTESIAN_POINT('',(-6.325,-3.05,3.305));
#6633=VECTOR('',#8814,1.52);
#6634=CARTESIAN_POINT('',(-6.325,-2.45,3.305));
#6635=CARTESIAN_POINT('',(-6.325,-2.45,3.305));
#6636=VECTOR('',#8815,0.6);
#6637=CARTESIAN_POINT('',(-6.325,-1.1,3.305));
#6638=CARTESIAN_POINT('',(-6.325,-2.45,3.305));
#6639=VECTOR('',#8816,1.35);
#6640=CARTESIAN_POINT('',(-6.325,-1.1,3.305));
#6641=VECTOR('',#8817,1.52);
#6642=CARTESIAN_POINT('',(-6.325,1.1,3.305));
#6643=CARTESIAN_POINT('',(-6.325,2.65,3.305));
#6644=CARTESIAN_POINT('',(-6.325,1.1,3.305));
#6645=VECTOR('',#8818,1.55);
#6646=CARTESIAN_POINT('',(-6.325,3.43,3.305));
#6647=CARTESIAN_POINT('',(-6.325,3.43,3.305));
#6648=VECTOR('',#8819,0.78);
#6649=CARTESIAN_POINT('',(-6.325,3.43,1.785));
#6650=CARTESIAN_POINT('',(-6.325,3.43,1.785));
#6651=VECTOR('',#8820,1.52);
#6652=CARTESIAN_POINT('',(-6.325,1.1,1.785));
#6653=CARTESIAN_POINT('',(-6.325,1.1,1.785));
#6654=VECTOR('',#8821,2.33);
#6655=CARTESIAN_POINT('',(-6.325,1.1,3.305));
#6656=VECTOR('',#8822,1.52);
#6657=CARTESIAN_POINT('',(-6.575,-1.1,-0.345));
#6658=CARTESIAN_POINT('',(-4.925,-1.1,-0.345));
#6659=CARTESIAN_POINT('',(-6.575,-1.1,-0.345));
#6660=VECTOR('',#8823,1.65);
#6661=CARTESIAN_POINT('',(-6.575,-1.1,1.785));
#6662=CARTESIAN_POINT('',(-6.575,-1.1,1.785));
#6663=VECTOR('',#8824,2.13);
#6664=CARTESIAN_POINT('',(-6.325,-1.1,1.785));
#6665=VECTOR('',#8825,0.25);
#6666=CARTESIAN_POINT('',(-4.925,-1.1,3.305));
#6667=CARTESIAN_POINT('',(-4.925,-1.1,3.305));
#6668=VECTOR('',#8826,1.4);
#6669=CARTESIAN_POINT('',(-4.925,-1.1,3.305));
#6670=VECTOR('',#8827,3.65);
#6671=CARTESIAN_POINT('',(-4.925,-2.45,4.955));
#6672=CARTESIAN_POINT('',(-4.925,-2.45,3.305));
#6673=CARTESIAN_POINT('',(-4.925,-2.45,4.955));
#6674=VECTOR('',#8828,1.65);
#6675=CARTESIAN_POINT('',(-4.925,2.65,4.955));
#6676=CARTESIAN_POINT('',(-4.925,-2.45,4.955));
#6677=VECTOR('',#8829,5.1);
#6678=CARTESIAN_POINT('',(-4.925,2.65,3.305));
#6679=CARTESIAN_POINT('',(-4.925,2.65,4.955));
#6680=VECTOR('',#8830,1.65);
#6681=CARTESIAN_POINT('',(-4.925,1.1,3.305));
#6682=CARTESIAN_POINT('',(-4.925,2.65,3.305));
#6683=VECTOR('',#8831,1.55);
#6684=CARTESIAN_POINT('',(-4.925,1.1,-0.345));
#6685=CARTESIAN_POINT('',(-4.925,1.1,-0.345));
#6686=VECTOR('',#8832,3.65);
#6687=CARTESIAN_POINT('',(-4.925,0.575,-0.345));
#6688=CARTESIAN_POINT('',(-4.925,0.575,-0.345));
#6689=VECTOR('',#8833,0.525);
#6690=CARTESIAN_POINT('',(-4.925,0.575,-2.845));
#6691=CARTESIAN_POINT('',(-4.925,0.575,-2.845));
#6692=VECTOR('',#8834,2.5);
#6693=CARTESIAN_POINT('',(-4.925,-0.575,-2.845));
#6694=CARTESIAN_POINT('',(-4.925,-0.575,-2.845));
#6695=VECTOR('',#8835,1.15);
#6696=CARTESIAN_POINT('',(-4.925,-0.575,-0.345));
#6697=CARTESIAN_POINT('',(-4.925,-0.575,-0.345));
#6698=VECTOR('',#8836,2.5);
#6699=CARTESIAN_POINT('',(-4.925,-1.1,-0.345));
#6700=VECTOR('',#8837,0.525);
#6701=CARTESIAN_POINT('',(-4.925,-1.1,3.305));
#6702=VECTOR('',#8838,1.35);
#6703=CARTESIAN_POINT('',(-4.925,-2.45,3.305));
#6704=VECTOR('',#8839,1.4);
#6705=CARTESIAN_POINT('',(-4.925,2.65,3.305));
#6706=VECTOR('',#8840,1.4);
#6707=CARTESIAN_POINT('',(-4.925,1.1,3.305));
#6708=VECTOR('',#8841,1.4);
#6709=CARTESIAN_POINT('',(6.325,-2.45,3.305));
#6710=CARTESIAN_POINT('',(4.925,-2.45,3.305));
#6711=CARTESIAN_POINT('',(6.325,-2.45,3.305));
#6712=VECTOR('',#8842,1.4);
#6713=CARTESIAN_POINT('',(4.925,-2.45,4.955));
#6714=CARTESIAN_POINT('',(4.925,-2.45,3.305));
#6715=VECTOR('',#8843,1.65);
#6716=CARTESIAN_POINT('',(6.325,-2.45,3.305));
#6717=VECTOR('',#8844,2.163908500838);
#6718=CARTESIAN_POINT('',(-4.925,-2.45,4.955));
#6719=VECTOR('',#8845,2.163908500838);
#6720=CARTESIAN_POINT('',(6.325,3.43,3.305));
#6721=CARTESIAN_POINT('',(6.325,2.65,3.305));
#6722=CARTESIAN_POINT('',(6.325,3.43,3.305));
#6723=VECTOR('',#8846,0.78);
#6724=CARTESIAN_POINT('',(4.925,3.43,4.955));
#6725=CARTESIAN_POINT('',(6.325,3.43,3.305));
#6726=VECTOR('',#8847,2.163908500838);
#6727=CARTESIAN_POINT('',(4.925,2.65,4.955));
#6728=CARTESIAN_POINT('',(4.925,3.43,4.955));
#6729=VECTOR('',#8848,0.78);
#6730=CARTESIAN_POINT('',(6.325,2.65,3.305));
#6731=VECTOR('',#8849,2.163908500838);
#6732=CARTESIAN_POINT('',(4.925,-3.43,4.955));
#6733=CARTESIAN_POINT('',(4.925,-2.45,4.955));
#6734=VECTOR('',#8850,0.98);
#6735=CARTESIAN_POINT('',(5.384466995702,-3.43,4.413485326494));
#6736=CARTESIAN_POINT('',(5.384466995702,-3.43,4.413485326494));
#6737=VECTOR('',#8851,0.7101746698956);
#6738=CARTESIAN_POINT('',(6.325,-3.05,3.305));
#6739=CARTESIAN_POINT('',(6.325,-3.05,3.305));
#6740=VECTOR('',#8852,1.502578467577);
#6741=CARTESIAN_POINT('',(6.325,-2.45,3.305));
#6742=VECTOR('',#8853,0.6);
#6743=CARTESIAN_POINT('',(4.925,2.65,3.305));
#6744=CARTESIAN_POINT('',(4.925,2.65,3.305));
#6745=VECTOR('',#8854,1.65);
#6746=CARTESIAN_POINT('',(6.325,2.65,3.305));
#6747=VECTOR('',#8855,1.4);
#6748=CARTESIAN_POINT('',(-4.925,2.65,4.955));
#6749=VECTOR('',#8856,2.163908500838);
#6750=CARTESIAN_POINT('',(4.925,-1.1,3.305));
#6751=CARTESIAN_POINT('',(4.925,-1.1,3.305));
#6752=VECTOR('',#8857,1.35);
#6753=CARTESIAN_POINT('',(6.325,-1.1,3.305));
#6754=CARTESIAN_POINT('',(6.325,-2.45,3.305));
#6755=VECTOR('',#8858,1.35);
#6756=CARTESIAN_POINT('',(6.325,-1.1,3.305));
#6757=VECTOR('',#8859,1.4);
#6758=CARTESIAN_POINT('',(6.325,1.1,3.305));
#6759=CARTESIAN_POINT('',(6.325,1.1,3.305));
#6760=VECTOR('',#8860,1.55);
#6761=CARTESIAN_POINT('',(4.925,1.1,3.305));
#6762=CARTESIAN_POINT('',(4.925,2.65,3.305));
#6763=VECTOR('',#8861,1.55);
#6764=CARTESIAN_POINT('',(6.325,1.1,3.305));
#6765=VECTOR('',#8862,1.4);
#6766=CARTESIAN_POINT('',(6.325,-1.1,1.785));
#6767=CARTESIAN_POINT('',(6.575,-1.1,1.785));
#6768=CARTESIAN_POINT('',(6.325,-1.1,1.785));
#6769=VECTOR('',#8863,0.25);
#6770=CARTESIAN_POINT('',(6.575,-1.1,-0.345));
#6771=CARTESIAN_POINT('',(6.575,-1.1,1.785));
#6772=VECTOR('',#8864,2.13);
#6773=CARTESIAN_POINT('',(4.925,-1.1,-0.345));
#6774=CARTESIAN_POINT('',(6.575,-1.1,-0.345));
#6775=VECTOR('',#8865,1.65);
#6776=CARTESIAN_POINT('',(4.925,-1.1,3.305));
#6777=VECTOR('',#8866,3.65);
#6778=CARTESIAN_POINT('',(6.325,-1.1,3.305));
#6779=VECTOR('',#8867,1.52);
#6780=CARTESIAN_POINT('',(6.325,1.1,1.785));
#6781=CARTESIAN_POINT('',(6.325,3.43,1.785));
#6782=CARTESIAN_POINT('',(6.325,1.1,1.785));
#6783=VECTOR('',#8868,2.33);
#6784=CARTESIAN_POINT('',(6.325,3.43,1.785));
#6785=VECTOR('',#8869,1.52);
#6786=CARTESIAN_POINT('',(6.325,1.1,3.305));
#6787=VECTOR('',#8870,1.52);
#6788=CARTESIAN_POINT('',(6.325,-2.1175,1.785));
#6789=CARTESIAN_POINT('',(6.325,-2.1175,1.785));
#6790=VECTOR('',#8871,1.0175);
#6791=CARTESIAN_POINT('',(6.325,-3.05,1.785));
#6792=CARTESIAN_POINT('',(6.325,-3.05,3.305));
#6793=VECTOR('',#8872,1.52);
#6794=CARTESIAN_POINT('',(6.325,-2.27375,1.785));
#6795=CARTESIAN_POINT('',(6.325,-3.05,1.785));
#6796=VECTOR('',#8873,0.77625);
#6797=CARTESIAN_POINT('',(6.325,-2.27375,2.592234067917));
#6798=CARTESIAN_POINT('',(6.325,-2.27375,2.592234067917));
#6799=VECTOR('',#8874,0.8072340679169);
#6800=CARTESIAN_POINT('',(6.325,-2.43,2.406063802838));
#6801=CARTESIAN_POINT('',(6.325,-2.43,2.406063802838));
#6802=VECTOR('',#8875,0.2430502624961);
#6803=CARTESIAN_POINT('',(6.325,-2.43,2.618829809427));
#6804=CARTESIAN_POINT('',(6.325,-2.43,2.618829809427));
#6805=VECTOR('',#8876,0.2127660065889);
#6806=CARTESIAN_POINT('',(6.325,-2.27375,2.805));
#6807=CARTESIAN_POINT('',(6.325,-2.27375,2.805));
#6808=VECTOR('',#8877,0.2430502054266);
#6809=CARTESIAN_POINT('',(6.325,-2.1175,2.805));
#6810=CARTESIAN_POINT('',(6.325,-2.1175,2.805));
#6811=VECTOR('',#8878,0.15625);
#6812=CARTESIAN_POINT('',(6.325,-2.1175,1.785));
#6813=VECTOR('',#8879,1.02);
#6814=CARTESIAN_POINT('',(4.925,1.1,-0.345));
#6815=CARTESIAN_POINT('',(4.925,1.1,-0.345));
#6816=VECTOR('',#8880,3.65);
#6817=CARTESIAN_POINT('',(6.575,1.1,-0.345));
#6818=CARTESIAN_POINT('',(6.575,1.1,-0.345));
#6819=VECTOR('',#8881,1.65);
#6820=CARTESIAN_POINT('',(6.575,1.1,1.785));
#6821=CARTESIAN_POINT('',(6.575,1.1,1.785));
#6822=VECTOR('',#8882,2.13);
#6823=CARTESIAN_POINT('',(6.325,1.1,1.785));
#6824=VECTOR('',#8883,0.25);
#6825=CARTESIAN_POINT('',(6.575,3.43,1.785));
#6826=CARTESIAN_POINT('',(6.575,3.43,1.785));
#6827=VECTOR('',#8884,2.33);
#6828=CARTESIAN_POINT('',(6.325,3.43,1.785));
#6829=VECTOR('',#8885,0.25);
#6830=CARTESIAN_POINT('',(6.325,-2.27375,1.785));
#6831=VECTOR('',#8886,0.15625);
#6832=CARTESIAN_POINT('',(6.575,-2.948993443541,1.785));
#6833=CARTESIAN_POINT('',(6.575,-2.948993443541,1.785));
#6834=VECTOR('',#8887,0.2696336856694);
#6835=CARTESIAN_POINT('',(6.575,-1.1,1.785));
#6836=VECTOR('',#8888,1.848993443541);
#6837=CARTESIAN_POINT('',(-4.805,3.43,-4.955));
#6838=CARTESIAN_POINT('',(-6.575,3.43,-4.955));
#6839=CARTESIAN_POINT('',(-4.805,3.43,-4.955));
#6840=VECTOR('',#8889,1.77);
#6841=CARTESIAN_POINT('',(-6.575,3.43,1.785));
#6842=CARTESIAN_POINT('',(-6.575,3.43,1.785));
#6843=VECTOR('',#8890,6.74);
#6844=CARTESIAN_POINT('',(-6.325,3.43,1.785));
#6845=VECTOR('',#8891,0.25);
#6846=CARTESIAN_POINT('',(-4.925,3.43,4.955));
#6847=CARTESIAN_POINT('',(-4.925,3.43,4.955));
#6848=VECTOR('',#8892,2.163908500838);
#6849=CARTESIAN_POINT('',(-4.925,3.43,4.955));
#6850=VECTOR('',#8893,9.85);
#6851=CARTESIAN_POINT('',(6.575,3.43,-4.955));
#6852=CARTESIAN_POINT('',(6.575,3.43,-4.955));
#6853=VECTOR('',#8894,6.74);
#6854=CARTESIAN_POINT('',(4.805,3.43,-4.955));
#6855=CARTESIAN_POINT('',(6.575,3.43,-4.955));
#6856=VECTOR('',#8895,1.77);
#6857=CARTESIAN_POINT('',(4.805,3.43,-3.105));
#6858=CARTESIAN_POINT('',(4.805,3.43,-4.955));
#6859=VECTOR('',#8896,1.85);
#6860=CARTESIAN_POINT('',(-4.805,3.43,-3.105));
#6861=CARTESIAN_POINT('',(-4.805,3.43,-3.105));
#6862=VECTOR('',#8897,9.61);
#6863=CARTESIAN_POINT('',(-4.805,3.43,-4.955));
#6864=VECTOR('',#8898,1.85);
#6865=CARTESIAN_POINT('',(-0.7,3.43,1.329177595493));
#6866=CARTESIAN_POINT('',(0.7,3.43,1.329177595493));
#6867=CARTESIAN_POINT('',(-0.7,3.43,1.329177595493));
#6868=VECTOR('',#8899,1.4);
#6869=CARTESIAN_POINT('',(0.7,3.43,4.415));
#6870=CARTESIAN_POINT('',(0.7,3.43,4.415));
#6871=VECTOR('',#8900,3.085822404507);
#6872=CARTESIAN_POINT('',(-0.7,3.43,4.415));
#6873=CARTESIAN_POINT('',(-0.7,3.43,4.415));
#6874=VECTOR('',#8901,1.4);
#6875=CARTESIAN_POINT('',(-0.7,3.43,4.415));
#6876=VECTOR('',#8902,3.085822404507);
#6877=CARTESIAN_POINT('',(-0.7,4.83,2.755));
#6878=CARTESIAN_POINT('',(-0.7,4.83,2.755));
#6879=VECTOR('',#8903,2.171543230056);
#6880=CARTESIAN_POINT('',(-0.7,4.83,2.005));
#6881=CARTESIAN_POINT('',(-0.7,4.83,2.005));
#6882=VECTOR('',#8904,0.75);
#6883=CARTESIAN_POINT('',(-0.7,4.271402007554,2.073587209224));
#6884=VECTOR('',#8905,0.5627929658711);
#6885=AXIS2_PLACEMENT_3D('',#8906,#8907,#8908);
#6886=AXIS2_PLACEMENT_3D('',#8909,#8910,#8911);
#6887=CARTESIAN_POINT('',(0.7,4.83,2.005));
#6888=CARTESIAN_POINT('',(0.7,4.271402007554,2.073587209224));
#6889=VECTOR('',#8912,0.5627929658711);
#6890=CARTESIAN_POINT('',(0.7,4.83,2.755));
#6891=CARTESIAN_POINT('',(0.7,4.83,2.005));
#6892=VECTOR('',#8913,0.75);
#6893=CARTESIAN_POINT('',(0.7,4.83,2.755));
#6894=VECTOR('',#8914,2.171543230056);
#6895=CARTESIAN_POINT('',(-0.7,4.83,2.755));
#6896=VECTOR('',#8915,1.4);
#6897=CARTESIAN_POINT('',(-0.7,4.83,2.005));
#6898=VECTOR('',#8916,1.4);
#6899=CARTESIAN_POINT('',(-4.805,3.175,-3.105));
#6900=CARTESIAN_POINT('',(-4.805,3.43,-3.105));
#6901=VECTOR('',#8917,0.255);
#6902=CARTESIAN_POINT('',(-4.805,3.175,-4.955));
#6903=CARTESIAN_POINT('',(-4.805,3.175,-4.955));
#6904=VECTOR('',#8918,1.85);
#6905=CARTESIAN_POINT('',(-4.805,3.175,-4.955));
#6906=VECTOR('',#8919,0.255);
#6907=CARTESIAN_POINT('',(3.2985,3.175,-4.955));
#6908=CARTESIAN_POINT('',(4.805,3.175,-4.955));
#6909=CARTESIAN_POINT('',(3.2985,3.175,-4.955));
#6910=VECTOR('',#8920,1.5065);
#6911=CARTESIAN_POINT('',(4.805,3.175,-4.955));
#6912=VECTOR('',#8921,0.255);
#6913=CARTESIAN_POINT('',(6.575,1.6,-4.955));
#6914=CARTESIAN_POINT('',(6.575,1.6,-4.955));
#6915=VECTOR('',#8922,1.83);
#6916=CARTESIAN_POINT('',(3.32,1.6,-4.955));
#6917=CARTESIAN_POINT('',(6.575,1.6,-4.955));
#6918=VECTOR('',#8923,3.255);
#6919=CARTESIAN_POINT('',(3.32,1.85,-4.955));
#6920=CARTESIAN_POINT('',(3.32,1.6,-4.955));
#6921=VECTOR('',#8924,0.25);
#6922=CARTESIAN_POINT('',(3.2985,1.85,-4.955));
#6923=CARTESIAN_POINT('',(3.2985,1.85,-4.955));
#6924=VECTOR('',#8925,0.0215);
#6925=CARTESIAN_POINT('',(3.2985,1.85,-4.955));
#6926=VECTOR('',#8926,1.325);
#6927=CARTESIAN_POINT('',(6.43,2.47,-4.955));
#6928=CARTESIAN_POINT('',(5.57,2.47,-4.955));
#6929=AXIS2_PLACEMENT_3D('',#8927,#8928,#8929);
#6930=AXIS2_PLACEMENT_3D('',#8930,#8931,#8932);
#6931=CARTESIAN_POINT('',(0.2985,3.175,-4.955));
#6932=CARTESIAN_POINT('',(2.7015,3.175,-4.955));
#6933=CARTESIAN_POINT('',(0.2985,3.175,-4.955));
#6934=VECTOR('',#8933,2.403);
#6935=CARTESIAN_POINT('',(2.7015,1.85,-4.955));
#6936=CARTESIAN_POINT('',(2.7015,1.85,-4.955));
#6937=VECTOR('',#8934,1.325);
#6938=CARTESIAN_POINT('',(2.68,1.85,-4.955));
#6939=CARTESIAN_POINT('',(2.68,1.85,-4.955));
#6940=VECTOR('',#8935,0.0215);
#6941=CARTESIAN_POINT('',(2.68,1.6,-4.955));
#6942=CARTESIAN_POINT('',(2.68,1.6,-4.955));
#6943=VECTOR('',#8936,0.25);
#6944=CARTESIAN_POINT('',(0.32,1.6,-4.955));
#6945=CARTESIAN_POINT('',(2.68,1.6,-4.955));
#6946=VECTOR('',#8937,2.36);
#6947=CARTESIAN_POINT('',(0.32,1.85,-4.955));
#6948=CARTESIAN_POINT('',(0.32,1.6,-4.955));
#6949=VECTOR('',#8938,0.25);
#6950=CARTESIAN_POINT('',(0.2985,1.85,-4.955));
#6951=CARTESIAN_POINT('',(0.2985,1.85,-4.955));
#6952=VECTOR('',#8939,0.0215);
#6953=CARTESIAN_POINT('',(0.2985,1.85,-4.955));
#6954=VECTOR('',#8940,1.325);
#6955=CARTESIAN_POINT('',(-3.32,1.85,-4.955));
#6956=CARTESIAN_POINT('',(-3.2985,1.85,-4.955));
#6957=CARTESIAN_POINT('',(-3.32,1.85,-4.955));
#6958=VECTOR('',#8941,0.0215);
#6959=CARTESIAN_POINT('',(-3.32,1.6,-4.955));
#6960=CARTESIAN_POINT('',(-3.32,1.6,-4.955));
#6961=VECTOR('',#8942,0.25);
#6962=CARTESIAN_POINT('',(-6.575,1.6,-4.955));
#6963=CARTESIAN_POINT('',(-3.32,1.6,-4.955));
#6964=VECTOR('',#8943,3.255);
#6965=CARTESIAN_POINT('',(-6.575,3.43,-4.955));
#6966=VECTOR('',#8944,1.83);
#6967=CARTESIAN_POINT('',(-3.2985,3.175,-4.955));
#6968=CARTESIAN_POINT('',(-4.805,3.175,-4.955));
#6969=VECTOR('',#8945,1.5065);
#6970=CARTESIAN_POINT('',(-3.2985,1.85,-4.955));
#6971=VECTOR('',#8946,1.325);
#6972=CARTESIAN_POINT('',(-5.57,2.47,-4.955));
#6973=CARTESIAN_POINT('',(-6.43,2.47,-4.955));
#6974=AXIS2_PLACEMENT_3D('',#8947,#8948,#8949);
#6975=AXIS2_PLACEMENT_3D('',#8950,#8951,#8952);
#6976=CARTESIAN_POINT('',(-2.7015,3.175,-4.955));
#6977=CARTESIAN_POINT('',(-0.2985,3.175,-4.955));
#6978=CARTESIAN_POINT('',(-2.7015,3.175,-4.955));
#6979=VECTOR('',#8953,2.403);
#6980=CARTESIAN_POINT('',(-0.2985,1.85,-4.955));
#6981=CARTESIAN_POINT('',(-0.2985,1.85,-4.955));
#6982=VECTOR('',#8954,1.325);
#6983=CARTESIAN_POINT('',(-0.32,1.85,-4.955));
#6984=CARTESIAN_POINT('',(-0.32,1.85,-4.955));
#6985=VECTOR('',#8955,0.0215);
#6986=CARTESIAN_POINT('',(-0.32,1.6,-4.955));
#6987=CARTESIAN_POINT('',(-0.32,1.6,-4.955));
#6988=VECTOR('',#8956,0.25);
#6989=CARTESIAN_POINT('',(-2.68,1.6,-4.955));
#6990=CARTESIAN_POINT('',(-0.32,1.6,-4.955));
#6991=VECTOR('',#8957,2.36);
#6992=CARTESIAN_POINT('',(-2.68,1.85,-4.955));
#6993=CARTESIAN_POINT('',(-2.68,1.6,-4.955));
#6994=VECTOR('',#8958,0.25);
#6995=CARTESIAN_POINT('',(-2.7015,1.85,-4.955));
#6996=CARTESIAN_POINT('',(-2.7015,1.85,-4.955));
#6997=VECTOR('',#8959,0.0215);
#6998=CARTESIAN_POINT('',(-2.7015,1.85,-4.955));
#6999=VECTOR('',#8960,1.325);
#7000=CARTESIAN_POINT('',(3.2985,3.175,-3.955));
#7001=CARTESIAN_POINT('',(3.2985,3.175,-4.955));
#7002=VECTOR('',#8961,1.0);
#7003=CARTESIAN_POINT('',(3.2985,1.85,-3.955));
#7004=CARTESIAN_POINT('',(3.2985,1.85,-3.955));
#7005=VECTOR('',#8962,1.0);
#7006=CARTESIAN_POINT('',(3.2985,3.175,-3.955));
#7007=VECTOR('',#8963,1.325);
#7008=CARTESIAN_POINT('',(3.2985,1.21,-3.955));
#7009=CARTESIAN_POINT('',(3.2985,1.21,-4.285));
#7010=CARTESIAN_POINT('',(3.2985,1.21,-3.955));
#7011=VECTOR('',#8964,0.33);
#7012=CARTESIAN_POINT('',(3.2985,0.35,-4.285));
#7013=CARTESIAN_POINT('',(3.2985,0.35,-4.285));
#7014=VECTOR('',#8965,0.86);
#7015=CARTESIAN_POINT('',(3.2985,0.35,-3.955));
#7016=CARTESIAN_POINT('',(3.2985,0.35,-3.955));
#7017=VECTOR('',#8966,0.33);
#7018=CARTESIAN_POINT('',(3.2985,1.21,-3.955));
#7019=VECTOR('',#8967,0.86);
#7020=CARTESIAN_POINT('',(3.2985,-2.78,-4.955));
#7021=CARTESIAN_POINT('',(3.2985,-2.78,-4.285));
#7022=CARTESIAN_POINT('',(3.2985,-2.78,-4.955));
#7023=VECTOR('',#8968,0.67);
#7024=CARTESIAN_POINT('',(3.2985,-3.43,-4.955));
#7025=CARTESIAN_POINT('',(3.2985,-2.78,-4.955));
#7026=VECTOR('',#8969,0.65);
#7027=CARTESIAN_POINT('',(3.2985,-3.43,-3.955));
#7028=CARTESIAN_POINT('',(3.2985,-3.43,-4.955));
#7029=VECTOR('',#8970,1.0);
#7030=CARTESIAN_POINT('',(3.2985,-1.79,-3.955));
#7031=CARTESIAN_POINT('',(3.2985,-1.79,-3.955));
#7032=VECTOR('',#8971,1.64);
#7033=CARTESIAN_POINT('',(3.2985,-1.79,-4.285));
#7034=CARTESIAN_POINT('',(3.2985,-1.79,-3.955));
#7035=VECTOR('',#8972,0.33);
#7036=CARTESIAN_POINT('',(3.2985,-2.78,-4.285));
#7037=VECTOR('',#8973,0.99);
#7038=CARTESIAN_POINT('',(3.2985,-1.15,-3.955));
#7039=CARTESIAN_POINT('',(3.2985,-1.15,-4.285));
#7040=CARTESIAN_POINT('',(3.2985,-1.15,-3.955));
#7041=VECTOR('',#8974,0.33);
#7042=CARTESIAN_POINT('',(3.2985,-0.29,-3.955));
#7043=CARTESIAN_POINT('',(3.2985,-0.29,-3.955));
#7044=VECTOR('',#8975,0.86);
#7045=CARTESIAN_POINT('',(3.2985,-0.29,-4.285));
#7046=CARTESIAN_POINT('',(3.2985,-0.29,-3.955));
#7047=VECTOR('',#8976,0.33);
#7048=CARTESIAN_POINT('',(3.2985,-1.15,-4.285));
#7049=VECTOR('',#8977,0.86);
#7050=CARTESIAN_POINT('',(2.7015,3.175,-3.955));
#7051=CARTESIAN_POINT('',(2.7015,3.175,-3.955));
#7052=VECTOR('',#8978,0.597);
#7053=CARTESIAN_POINT('',(2.7015,1.85,-3.955));
#7054=CARTESIAN_POINT('',(2.7015,1.85,-3.955));
#7055=VECTOR('',#8979,0.597);
#7056=CARTESIAN_POINT('',(2.7015,3.175,-3.955));
#7057=VECTOR('',#8980,1.325);
#7058=CARTESIAN_POINT('',(2.7015,1.21,-3.955));
#7059=CARTESIAN_POINT('',(2.7015,1.21,-3.955));
#7060=VECTOR('',#8981,0.597);
#7061=CARTESIAN_POINT('',(2.7015,0.35,-3.955));
#7062=CARTESIAN_POINT('',(2.7015,0.35,-3.955));
#7063=VECTOR('',#8982,0.597);
#7064=CARTESIAN_POINT('',(2.7015,1.21,-3.955));
#7065=VECTOR('',#8983,0.86);
#7066=CARTESIAN_POINT('',(2.7015,-1.15,-3.955));
#7067=CARTESIAN_POINT('',(2.7015,-1.15,-3.955));
#7068=VECTOR('',#8984,0.597);
#7069=CARTESIAN_POINT('',(2.7015,-0.29,-3.955));
#7070=CARTESIAN_POINT('',(2.7015,-0.29,-3.955));
#7071=VECTOR('',#8985,0.86);
#7072=CARTESIAN_POINT('',(2.7015,-0.29,-3.955));
#7073=VECTOR('',#8986,0.597);
#7074=CARTESIAN_POINT('',(2.7015,-3.43,-3.955));
#7075=CARTESIAN_POINT('',(2.7015,-3.43,-3.955));
#7076=VECTOR('',#8987,0.597);
#7077=CARTESIAN_POINT('',(2.7015,-1.79,-3.955));
#7078=CARTESIAN_POINT('',(2.7015,-1.79,-3.955));
#7079=VECTOR('',#8988,1.64);
#7080=CARTESIAN_POINT('',(2.7015,-1.79,-3.955));
#7081=VECTOR('',#8989,0.597);
#7082=CARTESIAN_POINT('',(2.7015,1.85,-4.955));
#7083=VECTOR('',#8990,1.0);
#7084=CARTESIAN_POINT('',(2.7015,3.175,-4.955));
#7085=VECTOR('',#8991,1.0);
#7086=CARTESIAN_POINT('',(2.7015,0.35,-4.285));
#7087=CARTESIAN_POINT('',(2.7015,0.35,-4.285));
#7088=VECTOR('',#8992,0.33);
#7089=CARTESIAN_POINT('',(2.7015,1.21,-4.285));
#7090=CARTESIAN_POINT('',(2.7015,0.35,-4.285));
#7091=VECTOR('',#8993,0.86);
#7092=CARTESIAN_POINT('',(2.7015,1.21,-4.285));
#7093=VECTOR('',#8994,0.33);
#7094=CARTESIAN_POINT('',(2.7015,-1.79,-4.285));
#7095=CARTESIAN_POINT('',(2.7015,-1.79,-4.285));
#7096=VECTOR('',#8995,0.33);
#7097=CARTESIAN_POINT('',(2.7015,-3.43,-4.955));
#7098=CARTESIAN_POINT('',(2.7015,-3.43,-4.955));
#7099=VECTOR('',#8996,1.0);
#7100=CARTESIAN_POINT('',(2.7015,-2.78,-4.955));
#7101=CARTESIAN_POINT('',(2.7015,-2.78,-4.955));
#7102=VECTOR('',#8997,0.65);
#7103=CARTESIAN_POINT('',(2.7015,-2.78,-4.285));
#7104=CARTESIAN_POINT('',(2.7015,-2.78,-4.955));
#7105=VECTOR('',#8998,0.67);
#7106=CARTESIAN_POINT('',(2.7015,-2.78,-4.285));
#7107=VECTOR('',#8999,0.99);
#7108=CARTESIAN_POINT('',(2.7015,-0.29,-4.285));
#7109=CARTESIAN_POINT('',(2.7015,-0.29,-4.285));
#7110=VECTOR('',#9000,0.33);
#7111=CARTESIAN_POINT('',(2.7015,-1.15,-4.285));
#7112=CARTESIAN_POINT('',(2.7015,-1.15,-4.285));
#7113=VECTOR('',#9001,0.33);
#7114=CARTESIAN_POINT('',(2.7015,-1.15,-4.285));
#7115=VECTOR('',#9002,0.86);
#7116=CARTESIAN_POINT('',(4.805,3.175,-3.105));
#7117=CARTESIAN_POINT('',(-4.805,3.175,-3.105));
#7118=VECTOR('',#9003,9.61);
#7119=CARTESIAN_POINT('',(4.805,3.175,-3.105));
#7120=VECTOR('',#9004,1.85);
#7121=CARTESIAN_POINT('',(0.2985,3.175,-3.955));
#7122=CARTESIAN_POINT('',(0.2985,3.175,-4.955));
#7123=VECTOR('',#9005,1.0);
#7124=CARTESIAN_POINT('',(-0.2985,3.175,-3.955));
#7125=CARTESIAN_POINT('',(-0.2985,3.175,-3.955));
#7126=VECTOR('',#9006,0.597);
#7127=CARTESIAN_POINT('',(-0.2985,3.175,-4.955));
#7128=VECTOR('',#9007,1.0);
#7129=CARTESIAN_POINT('',(-2.7015,3.175,-3.955));
#7130=CARTESIAN_POINT('',(-2.7015,3.175,-4.955));
#7131=VECTOR('',#9008,1.0);
#7132=CARTESIAN_POINT('',(-3.2985,3.175,-3.955));
#7133=CARTESIAN_POINT('',(-3.2985,3.175,-3.955));
#7134=VECTOR('',#9009,0.597);
#7135=CARTESIAN_POINT('',(-3.2985,3.175,-4.955));
#7136=VECTOR('',#9010,1.0);
#7137=CARTESIAN_POINT('',(-3.2985,-1.79,-4.285));
#7138=CARTESIAN_POINT('',(-3.2985,-1.79,-3.955));
#7139=CARTESIAN_POINT('',(-3.2985,-1.79,-4.285));
#7140=VECTOR('',#9011,0.33);
#7141=CARTESIAN_POINT('',(-3.2985,-3.43,-3.955));
#7142=CARTESIAN_POINT('',(-3.2985,-1.79,-3.955));
#7143=VECTOR('',#9012,1.64);
#7144=CARTESIAN_POINT('',(-3.2985,-3.43,-4.955));
#7145=CARTESIAN_POINT('',(-3.2985,-3.43,-4.955));
#7146=VECTOR('',#9013,1.0);
#7147=CARTESIAN_POINT('',(-3.2985,-2.78,-4.955));
#7148=CARTESIAN_POINT('',(-3.2985,-2.78,-4.955));
#7149=VECTOR('',#9014,0.65);
#7150=CARTESIAN_POINT('',(-3.2985,-2.78,-4.285));
#7151=CARTESIAN_POINT('',(-3.2985,-2.78,-4.955));
#7152=VECTOR('',#9015,0.67);
#7153=CARTESIAN_POINT('',(-3.2985,-2.78,-4.285));
#7154=VECTOR('',#9016,0.99);
#7155=CARTESIAN_POINT('',(-3.2985,1.85,-3.955));
#7156=CARTESIAN_POINT('',(-3.2985,3.175,-3.955));
#7157=VECTOR('',#9017,1.325);
#7158=CARTESIAN_POINT('',(-3.2985,1.85,-4.955));
#7159=VECTOR('',#9018,1.0);
#7160=CARTESIAN_POINT('',(-3.2985,0.35,-4.285));
#7161=CARTESIAN_POINT('',(-3.2985,0.35,-3.955));
#7162=CARTESIAN_POINT('',(-3.2985,0.35,-4.285));
#7163=VECTOR('',#9019,0.33);
#7164=CARTESIAN_POINT('',(-3.2985,1.21,-4.285));
#7165=CARTESIAN_POINT('',(-3.2985,0.35,-4.285));
#7166=VECTOR('',#9020,0.86);
#7167=CARTESIAN_POINT('',(-3.2985,1.21,-3.955));
#7168=CARTESIAN_POINT('',(-3.2985,1.21,-4.285));
#7169=VECTOR('',#9021,0.33);
#7170=CARTESIAN_POINT('',(-3.2985,1.21,-3.955));
#7171=VECTOR('',#9022,0.86);
#7172=CARTESIAN_POINT('',(-3.2985,-0.29,-4.285));
#7173=CARTESIAN_POINT('',(-3.2985,-0.29,-3.955));
#7174=CARTESIAN_POINT('',(-3.2985,-0.29,-4.285));
#7175=VECTOR('',#9023,0.33);
#7176=CARTESIAN_POINT('',(-3.2985,-1.15,-3.955));
#7177=CARTESIAN_POINT('',(-3.2985,-0.29,-3.955));
#7178=VECTOR('',#9024,0.86);
#7179=CARTESIAN_POINT('',(-3.2985,-1.15,-4.285));
#7180=CARTESIAN_POINT('',(-3.2985,-1.15,-4.285));
#7181=VECTOR('',#9025,0.33);
#7182=CARTESIAN_POINT('',(-3.2985,-1.15,-4.285));
#7183=VECTOR('',#9026,0.86);
#7184=CARTESIAN_POINT('',(3.32,-1.79,-4.285));
#7185=CARTESIAN_POINT('',(3.2985,-1.79,-4.285));
#7186=VECTOR('',#9027,0.0215);
#7187=CARTESIAN_POINT('',(3.32,-1.15,-4.285));
#7188=CARTESIAN_POINT('',(3.32,-1.15,-4.285));
#7189=VECTOR('',#9028,0.64);
#7190=CARTESIAN_POINT('',(3.2985,-1.15,-4.285));
#7191=VECTOR('',#9029,0.0215);
#7192=CARTESIAN_POINT('',(3.32,-0.29,-4.285));
#7193=CARTESIAN_POINT('',(3.2985,-0.29,-4.285));
#7194=VECTOR('',#9030,0.0215);
#7195=CARTESIAN_POINT('',(3.32,0.35,-4.285));
#7196=CARTESIAN_POINT('',(3.32,0.35,-4.285));
#7197=VECTOR('',#9031,0.64);
#7198=CARTESIAN_POINT('',(3.2985,0.35,-4.285));
#7199=VECTOR('',#9032,0.0215);
#7200=CARTESIAN_POINT('',(3.32,1.21,-4.285));
#7201=CARTESIAN_POINT('',(3.2985,1.21,-4.285));
#7202=VECTOR('',#9033,0.0215);
#7203=CARTESIAN_POINT('',(3.32,1.6,-4.285));
#7204=CARTESIAN_POINT('',(3.32,1.6,-4.285));
#7205=VECTOR('',#9034,0.39);
#7206=CARTESIAN_POINT('',(6.575,1.6,-4.285));
#7207=CARTESIAN_POINT('',(6.575,1.6,-4.285));
#7208=VECTOR('',#9035,3.255);
#7209=CARTESIAN_POINT('',(6.575,0.95,-4.285));
#7210=CARTESIAN_POINT('',(6.575,0.95,-4.285));
#7211=VECTOR('',#9036,0.65);
#7212=CARTESIAN_POINT('',(5.575,0.95,-4.285));
#7213=CARTESIAN_POINT('',(6.575,0.95,-4.285));
#7214=VECTOR('',#9037,1.0);
#7215=CARTESIAN_POINT('',(5.575,-0.95,-4.285));
#7216=CARTESIAN_POINT('',(5.575,-0.95,-4.285));
#7217=VECTOR('',#9038,1.9);
#7218=CARTESIAN_POINT('',(6.575,-0.95,-4.285));
#7219=CARTESIAN_POINT('',(6.575,-0.95,-4.285));
#7220=VECTOR('',#9039,1.0);
#7221=CARTESIAN_POINT('',(6.575,-2.78,-4.285));
#7222=CARTESIAN_POINT('',(6.575,-2.78,-4.285));
#7223=VECTOR('',#9040,1.83);
#7224=CARTESIAN_POINT('',(6.575,-2.78,-4.285));
#7225=VECTOR('',#9041,3.2765);
#7226=CARTESIAN_POINT('',(0.2985,-1.79,-4.285));
#7227=CARTESIAN_POINT('',(0.32,-1.79,-4.285));
#7228=CARTESIAN_POINT('',(0.2985,-1.79,-4.285));
#7229=VECTOR('',#9042,0.0215);
#7230=CARTESIAN_POINT('',(0.32,-1.15,-4.285));
#7231=CARTESIAN_POINT('',(0.32,-1.15,-4.285));
#7232=VECTOR('',#9043,0.64);
#7233=CARTESIAN_POINT('',(0.2985,-1.15,-4.285));
#7234=CARTESIAN_POINT('',(0.2985,-1.15,-4.285));
#7235=VECTOR('',#9044,0.0215);
#7236=CARTESIAN_POINT('',(0.2985,-0.29,-4.285));
#7237=CARTESIAN_POINT('',(0.2985,-1.15,-4.285));
#7238=VECTOR('',#9045,0.86);
#7239=CARTESIAN_POINT('',(0.32,-0.29,-4.285));
#7240=CARTESIAN_POINT('',(0.2985,-0.29,-4.285));
#7241=VECTOR('',#9046,0.0215);
#7242=CARTESIAN_POINT('',(0.32,0.35,-4.285));
#7243=CARTESIAN_POINT('',(0.32,0.35,-4.285));
#7244=VECTOR('',#9047,0.64);
#7245=CARTESIAN_POINT('',(0.2985,0.35,-4.285));
#7246=CARTESIAN_POINT('',(0.2985,0.35,-4.285));
#7247=VECTOR('',#9048,0.0215);
#7248=CARTESIAN_POINT('',(0.2985,1.21,-4.285));
#7249=CARTESIAN_POINT('',(0.2985,0.35,-4.285));
#7250=VECTOR('',#9049,0.86);
#7251=CARTESIAN_POINT('',(0.32,1.21,-4.285));
#7252=CARTESIAN_POINT('',(0.2985,1.21,-4.285));
#7253=VECTOR('',#9050,0.0215);
#7254=CARTESIAN_POINT('',(0.32,1.6,-4.285));
#7255=CARTESIAN_POINT('',(0.32,1.6,-4.285));
#7256=VECTOR('',#9051,0.39);
#7257=CARTESIAN_POINT('',(2.68,1.6,-4.285));
#7258=CARTESIAN_POINT('',(2.68,1.6,-4.285));
#7259=VECTOR('',#9052,2.36);
#7260=CARTESIAN_POINT('',(2.68,1.21,-4.285));
#7261=CARTESIAN_POINT('',(2.68,1.21,-4.285));
#7262=VECTOR('',#9053,0.39);
#7263=CARTESIAN_POINT('',(2.68,1.21,-4.285));
#7264=VECTOR('',#9054,0.0215);
#7265=CARTESIAN_POINT('',(2.68,0.35,-4.285));
#7266=CARTESIAN_POINT('',(2.68,0.35,-4.285));
#7267=VECTOR('',#9055,0.0215);
#7268=CARTESIAN_POINT('',(2.68,-0.29,-4.285));
#7269=CARTESIAN_POINT('',(2.68,0.35,-4.285));
#7270=VECTOR('',#9056,0.64);
#7271=CARTESIAN_POINT('',(2.68,-0.29,-4.285));
#7272=VECTOR('',#9057,0.0215);
#7273=CARTESIAN_POINT('',(2.68,-1.15,-4.285));
#7274=CARTESIAN_POINT('',(2.68,-1.15,-4.285));
#7275=VECTOR('',#9058,0.0215);
#7276=CARTESIAN_POINT('',(2.68,-1.79,-4.285));
#7277=CARTESIAN_POINT('',(2.68,-1.15,-4.285));
#7278=VECTOR('',#9059,0.64);
#7279=CARTESIAN_POINT('',(2.68,-1.79,-4.285));
#7280=VECTOR('',#9060,0.0215);
#7281=CARTESIAN_POINT('',(0.2985,-2.78,-4.285));
#7282=CARTESIAN_POINT('',(2.7015,-2.78,-4.285));
#7283=VECTOR('',#9061,2.403);
#7284=CARTESIAN_POINT('',(0.2985,-2.78,-4.285));
#7285=VECTOR('',#9062,0.99);
#7286=CARTESIAN_POINT('',(-6.575,-2.78,-4.285));
#7287=CARTESIAN_POINT('',(-3.2985,-2.78,-4.285));
#7288=VECTOR('',#9063,3.2765);
#7289=CARTESIAN_POINT('',(-6.575,-0.95,-4.285));
#7290=CARTESIAN_POINT('',(-6.575,-0.95,-4.285));
#7291=VECTOR('',#9064,1.83);
#7292=CARTESIAN_POINT('',(-5.575,-0.95,-4.285));
#7293=CARTESIAN_POINT('',(-6.575,-0.95,-4.285));
#7294=VECTOR('',#9065,1.0);
#7295=CARTESIAN_POINT('',(-5.575,0.95,-4.285));
#7296=CARTESIAN_POINT('',(-5.575,-0.95,-4.285));
#7297=VECTOR('',#9066,1.9);
#7298=CARTESIAN_POINT('',(-6.575,0.95,-4.285));
#7299=CARTESIAN_POINT('',(-6.575,0.95,-4.285));
#7300=VECTOR('',#9067,1.0);
#7301=CARTESIAN_POINT('',(-6.575,1.6,-4.285));
#7302=CARTESIAN_POINT('',(-6.575,1.6,-4.285));
#7303=VECTOR('',#9068,0.65);
#7304=CARTESIAN_POINT('',(-3.32,1.6,-4.285));
#7305=CARTESIAN_POINT('',(-3.32,1.6,-4.285));
#7306=VECTOR('',#9069,3.255);
#7307=CARTESIAN_POINT('',(-3.32,1.21,-4.285));
#7308=CARTESIAN_POINT('',(-3.32,1.6,-4.285));
#7309=VECTOR('',#9070,0.39);
#7310=CARTESIAN_POINT('',(-3.32,1.21,-4.285));
#7311=VECTOR('',#9071,0.0215);
#7312=CARTESIAN_POINT('',(-3.32,0.35,-4.285));
#7313=CARTESIAN_POINT('',(-3.32,0.35,-4.285));
#7314=VECTOR('',#9072,0.0215);
#7315=CARTESIAN_POINT('',(-3.32,-0.29,-4.285));
#7316=CARTESIAN_POINT('',(-3.32,0.35,-4.285));
#7317=VECTOR('',#9073,0.64);
#7318=CARTESIAN_POINT('',(-3.32,-0.29,-4.285));
#7319=VECTOR('',#9074,0.0215);
#7320=CARTESIAN_POINT('',(-3.32,-1.15,-4.285));
#7321=CARTESIAN_POINT('',(-3.32,-1.15,-4.285));
#7322=VECTOR('',#9075,0.0215);
#7323=CARTESIAN_POINT('',(-3.32,-1.79,-4.285));
#7324=CARTESIAN_POINT('',(-3.32,-1.15,-4.285));
#7325=VECTOR('',#9076,0.64);
#7326=CARTESIAN_POINT('',(-3.32,-1.79,-4.285));
#7327=VECTOR('',#9077,0.0215);
#7328=CARTESIAN_POINT('',(-2.7015,-1.79,-4.285));
#7329=CARTESIAN_POINT('',(-2.68,-1.79,-4.285));
#7330=CARTESIAN_POINT('',(-2.7015,-1.79,-4.285));
#7331=VECTOR('',#9078,0.0215);
#7332=CARTESIAN_POINT('',(-2.68,-1.15,-4.285));
#7333=CARTESIAN_POINT('',(-2.68,-1.15,-4.285));
#7334=VECTOR('',#9079,0.64);
#7335=CARTESIAN_POINT('',(-2.7015,-1.15,-4.285));
#7336=CARTESIAN_POINT('',(-2.7015,-1.15,-4.285));
#7337=VECTOR('',#9080,0.0215);
#7338=CARTESIAN_POINT('',(-2.7015,-0.29,-4.285));
#7339=CARTESIAN_POINT('',(-2.7015,-1.15,-4.285));
#7340=VECTOR('',#9081,0.86);
#7341=CARTESIAN_POINT('',(-2.68,-0.29,-4.285));
#7342=CARTESIAN_POINT('',(-2.7015,-0.29,-4.285));
#7343=VECTOR('',#9082,0.0215);
#7344=CARTESIAN_POINT('',(-2.68,0.35,-4.285));
#7345=CARTESIAN_POINT('',(-2.68,0.35,-4.285));
#7346=VECTOR('',#9083,0.64);
#7347=CARTESIAN_POINT('',(-2.7015,0.35,-4.285));
#7348=CARTESIAN_POINT('',(-2.7015,0.35,-4.285));
#7349=VECTOR('',#9084,0.0215);
#7350=CARTESIAN_POINT('',(-2.7015,1.21,-4.285));
#7351=CARTESIAN_POINT('',(-2.7015,0.35,-4.285));
#7352=VECTOR('',#9085,0.86);
#7353=CARTESIAN_POINT('',(-2.68,1.21,-4.285));
#7354=CARTESIAN_POINT('',(-2.7015,1.21,-4.285));
#7355=VECTOR('',#9086,0.0215);
#7356=CARTESIAN_POINT('',(-2.68,1.6,-4.285));
#7357=CARTESIAN_POINT('',(-2.68,1.6,-4.285));
#7358=VECTOR('',#9087,0.39);
#7359=CARTESIAN_POINT('',(-0.32,1.6,-4.285));
#7360=CARTESIAN_POINT('',(-0.32,1.6,-4.285));
#7361=VECTOR('',#9088,2.36);
#7362=CARTESIAN_POINT('',(-0.32,1.21,-4.285));
#7363=CARTESIAN_POINT('',(-0.32,1.6,-4.285));
#7364=VECTOR('',#9089,0.39);
#7365=CARTESIAN_POINT('',(-0.2985,1.21,-4.285));
#7366=CARTESIAN_POINT('',(-0.32,1.21,-4.285));
#7367=VECTOR('',#9090,0.0215);
#7368=CARTESIAN_POINT('',(-0.2985,0.35,-4.285));
#7369=CARTESIAN_POINT('',(-0.2985,0.35,-4.285));
#7370=VECTOR('',#9091,0.86);
#7371=CARTESIAN_POINT('',(-0.32,0.35,-4.285));
#7372=CARTESIAN_POINT('',(-0.32,0.35,-4.285));
#7373=VECTOR('',#9092,0.0215);
#7374=CARTESIAN_POINT('',(-0.32,-0.29,-4.285));
#7375=CARTESIAN_POINT('',(-0.32,0.35,-4.285));
#7376=VECTOR('',#9093,0.64);
#7377=CARTESIAN_POINT('',(-0.2985,-0.29,-4.285));
#7378=CARTESIAN_POINT('',(-0.32,-0.29,-4.285));
#7379=VECTOR('',#9094,0.0215);
#7380=CARTESIAN_POINT('',(-0.2985,-1.15,-4.285));
#7381=CARTESIAN_POINT('',(-0.2985,-1.15,-4.285));
#7382=VECTOR('',#9095,0.86);
#7383=CARTESIAN_POINT('',(-0.32,-1.15,-4.285));
#7384=CARTESIAN_POINT('',(-0.32,-1.15,-4.285));
#7385=VECTOR('',#9096,0.0215);
#7386=CARTESIAN_POINT('',(-0.32,-1.79,-4.285));
#7387=CARTESIAN_POINT('',(-0.32,-1.15,-4.285));
#7388=VECTOR('',#9097,0.64);
#7389=CARTESIAN_POINT('',(-0.2985,-1.79,-4.285));
#7390=CARTESIAN_POINT('',(-0.32,-1.79,-4.285));
#7391=VECTOR('',#9098,0.0215);
#7392=CARTESIAN_POINT('',(-0.2985,-2.78,-4.285));
#7393=CARTESIAN_POINT('',(-0.2985,-2.78,-4.285));
#7394=VECTOR('',#9099,0.99);
#7395=CARTESIAN_POINT('',(-2.7015,-2.78,-4.285));
#7396=CARTESIAN_POINT('',(-0.2985,-2.78,-4.285));
#7397=VECTOR('',#9100,2.403);
#7398=CARTESIAN_POINT('',(-2.7015,-2.78,-4.285));
#7399=VECTOR('',#9101,0.99);
#7400=CARTESIAN_POINT('',(6.575,-2.78,-4.955));
#7401=CARTESIAN_POINT('',(6.575,-2.78,-4.955));
#7402=VECTOR('',#9102,0.67);
#7403=CARTESIAN_POINT('',(6.575,-2.78,-4.955));
#7404=VECTOR('',#9103,3.2765);
#7405=CARTESIAN_POINT('',(0.2985,-2.78,-4.955));
#7406=CARTESIAN_POINT('',(2.7015,-2.78,-4.955));
#7407=VECTOR('',#9104,2.403);
#7408=CARTESIAN_POINT('',(0.2985,-2.78,-4.955));
#7409=VECTOR('',#9105,0.67);
#7410=CARTESIAN_POINT('',(-6.575,-2.78,-4.955));
#7411=CARTESIAN_POINT('',(-3.2985,-2.78,-4.955));
#7412=VECTOR('',#9106,3.2765);
#7413=CARTESIAN_POINT('',(-6.575,-2.78,-4.285));
#7414=VECTOR('',#9107,0.67);
#7415=CARTESIAN_POINT('',(-0.2985,-2.78,-4.955));
#7416=CARTESIAN_POINT('',(-0.2985,-2.78,-4.955));
#7417=VECTOR('',#9108,0.67);
#7418=CARTESIAN_POINT('',(-2.7015,-2.78,-4.955));
#7419=CARTESIAN_POINT('',(-0.2985,-2.78,-4.955));
#7420=VECTOR('',#9109,2.403);
#7421=CARTESIAN_POINT('',(-2.7015,-2.78,-4.955));
#7422=VECTOR('',#9110,0.67);
#7423=CARTESIAN_POINT('',(6.575,-3.94,-4.955));
#7424=CARTESIAN_POINT('',(6.575,-3.94,-4.955));
#7425=VECTOR('',#9111,1.16);
#7426=CARTESIAN_POINT('',(5.375,-3.94,-4.955));
#7427=CARTESIAN_POINT('',(6.575,-3.94,-4.955));
#7428=VECTOR('',#9112,1.2);
#7429=CARTESIAN_POINT('',(5.375,-3.43,-4.955));
#7430=CARTESIAN_POINT('',(5.375,-3.94,-4.955));
#7431=VECTOR('',#9113,0.51);
#7432=CARTESIAN_POINT('',(5.375,-3.43,-4.955));
#7433=VECTOR('',#9114,2.0765);
#7434=CARTESIAN_POINT('',(0.2985,-3.43,-4.955));
#7435=CARTESIAN_POINT('',(2.7015,-3.43,-4.955));
#7436=VECTOR('',#9115,2.403);
#7437=CARTESIAN_POINT('',(0.2985,-2.78,-4.955));
#7438=VECTOR('',#9116,0.65);
#7439=CARTESIAN_POINT('',(-5.375,-3.43,-4.955));
#7440=CARTESIAN_POINT('',(-3.2985,-3.43,-4.955));
#7441=VECTOR('',#9117,2.0765);
#7442=CARTESIAN_POINT('',(-5.375,-3.94,-4.955));
#7443=CARTESIAN_POINT('',(-5.375,-3.94,-4.955));
#7444=VECTOR('',#9118,0.51);
#7445=CARTESIAN_POINT('',(-6.575,-3.94,-4.955));
#7446=CARTESIAN_POINT('',(-5.375,-3.94,-4.955));
#7447=VECTOR('',#9119,1.2);
#7448=CARTESIAN_POINT('',(-6.575,-2.78,-4.955));
#7449=VECTOR('',#9120,1.16);
#7450=CARTESIAN_POINT('',(-0.2985,-3.43,-4.955));
#7451=CARTESIAN_POINT('',(-0.2985,-2.78,-4.955));
#7452=VECTOR('',#9121,0.65);
#7453=CARTESIAN_POINT('',(-2.7015,-3.43,-4.955));
#7454=CARTESIAN_POINT('',(-0.2985,-3.43,-4.955));
#7455=VECTOR('',#9122,2.403);
#7456=CARTESIAN_POINT('',(-2.7015,-2.78,-4.955));
#7457=VECTOR('',#9123,0.65);
#7458=CARTESIAN_POINT('',(-2.7015,-3.43,-3.955));
#7459=CARTESIAN_POINT('',(-3.2985,-3.43,-3.955));
#7460=VECTOR('',#9124,0.597);
#7461=CARTESIAN_POINT('',(-2.7015,-3.43,-4.955));
#7462=VECTOR('',#9125,1.0);
#7463=CARTESIAN_POINT('',(-0.2985,-3.43,-3.955));
#7464=CARTESIAN_POINT('',(-0.2985,-3.43,-4.955));
#7465=VECTOR('',#9126,1.0);
#7466=CARTESIAN_POINT('',(0.2985,-3.43,-3.955));
#7467=CARTESIAN_POINT('',(-0.2985,-3.43,-3.955));
#7468=VECTOR('',#9127,0.597);
#7469=CARTESIAN_POINT('',(0.2985,-3.43,-4.955));
#7470=VECTOR('',#9128,1.0);
#7471=CARTESIAN_POINT('',(5.375,-3.43,-3.355));
#7472=CARTESIAN_POINT('',(5.375,-3.43,-3.355));
#7473=VECTOR('',#9129,1.6);
#7474=CARTESIAN_POINT('',(5.384466995702,-3.43,-3.355));
#7475=CARTESIAN_POINT('',(5.375,-3.43,-3.355));
#7476=VECTOR('',#9130,0.009466995701821);
#7477=CARTESIAN_POINT('',(5.384466995702,-3.43,4.413485326494));
#7478=VECTOR('',#9131,7.768485326494);
#7479=CARTESIAN_POINT('',(-4.925,-3.43,4.955));
#7480=CARTESIAN_POINT('',(-4.925,-3.43,4.955));
#7481=VECTOR('',#9132,9.85);
#7482=CARTESIAN_POINT('',(-5.384466995702,-3.43,4.413485326494));
#7483=CARTESIAN_POINT('',(-4.925,-3.43,4.955));
#7484=VECTOR('',#9133,0.7101746698956);
#7485=CARTESIAN_POINT('',(-5.384466995702,-3.43,-3.355));
#7486=CARTESIAN_POINT('',(-5.384466995702,-3.43,4.413485326494));
#7487=VECTOR('',#9134,7.768485326494);
#7488=CARTESIAN_POINT('',(-5.375,-3.43,-3.355));
#7489=CARTESIAN_POINT('',(-5.384466995702,-3.43,-3.355));
#7490=VECTOR('',#9135,0.009466995701821);
#7491=CARTESIAN_POINT('',(-5.375,-3.43,-3.355));
#7492=VECTOR('',#9136,1.6);
#7493=CARTESIAN_POINT('',(1.475,-3.43,-3.355));
#7494=CARTESIAN_POINT('',(1.475,-3.43,3.355));
#7495=CARTESIAN_POINT('',(1.475,-3.43,-3.355));
#7496=VECTOR('',#9137,6.71);
#7497=CARTESIAN_POINT('',(0.475,-3.43,-3.355));
#7498=CARTESIAN_POINT('',(0.475,-3.43,-3.355));
#7499=VECTOR('',#9138,1.0);
#7500=CARTESIAN_POINT('',(0.475,-3.43,3.355));
#7501=CARTESIAN_POINT('',(0.475,-3.43,-3.355));
#7502=VECTOR('',#9139,6.71);
#7503=CARTESIAN_POINT('',(0.475,-3.43,3.355));
#7504=VECTOR('',#9140,1.0);
#7505=CARTESIAN_POINT('',(-0.475,-3.43,-3.355));
#7506=CARTESIAN_POINT('',(-0.475,-3.43,3.355));
#7507=CARTESIAN_POINT('',(-0.475,-3.43,-3.355));
#7508=VECTOR('',#9141,6.71);
#7509=CARTESIAN_POINT('',(-1.475,-3.43,-3.355));
#7510=CARTESIAN_POINT('',(-1.475,-3.43,-3.355));
#7511=VECTOR('',#9142,1.0);
#7512=CARTESIAN_POINT('',(-1.475,-3.43,3.355));
#7513=CARTESIAN_POINT('',(-1.475,-3.43,-3.355));
#7514=VECTOR('',#9143,6.71);
#7515=CARTESIAN_POINT('',(-1.475,-3.43,3.355));
#7516=VECTOR('',#9144,1.0);
#7517=CARTESIAN_POINT('',(-1.475,-3.94,3.355));
#7518=CARTESIAN_POINT('',(-1.475,-3.43,3.355));
#7519=VECTOR('',#9145,0.51);
#7520=CARTESIAN_POINT('',(-0.475,-3.94,3.355));
#7521=CARTESIAN_POINT('',(-1.475,-3.94,3.355));
#7522=VECTOR('',#9146,1.0);
#7523=CARTESIAN_POINT('',(-0.475,-3.94,3.355));
#7524=VECTOR('',#9147,0.51);
#7525=CARTESIAN_POINT('',(0.475,-3.94,3.355));
#7526=CARTESIAN_POINT('',(0.475,-3.43,3.355));
#7527=VECTOR('',#9148,0.51);
#7528=CARTESIAN_POINT('',(1.475,-3.94,3.355));
#7529=CARTESIAN_POINT('',(0.475,-3.94,3.355));
#7530=VECTOR('',#9149,1.0);
#7531=CARTESIAN_POINT('',(1.475,-3.94,3.355));
#7532=VECTOR('',#9150,0.51);
#7533=CARTESIAN_POINT('',(-0.475,-3.94,-3.355));
#7534=CARTESIAN_POINT('',(-0.475,-3.94,3.355));
#7535=VECTOR('',#9151,6.71);
#7536=CARTESIAN_POINT('',(-0.475,-3.94,-3.355));
#7537=VECTOR('',#9152,0.51);
#7538=CARTESIAN_POINT('',(-1.475,-3.94,-3.355));
#7539=CARTESIAN_POINT('',(-1.475,-3.94,-3.355));
#7540=VECTOR('',#9153,1.0);
#7541=CARTESIAN_POINT('',(-1.475,-3.43,-3.355));
#7542=VECTOR('',#9154,0.51);
#7543=CARTESIAN_POINT('',(1.475,-3.94,-3.355));
#7544=CARTESIAN_POINT('',(1.475,-3.94,-3.355));
#7545=VECTOR('',#9155,0.51);
#7546=CARTESIAN_POINT('',(0.475,-3.94,-3.355));
#7547=CARTESIAN_POINT('',(0.475,-3.94,-3.355));
#7548=VECTOR('',#9156,1.0);
#7549=CARTESIAN_POINT('',(0.475,-3.43,-3.355));
#7550=VECTOR('',#9157,0.51);
#7551=CARTESIAN_POINT('',(-1.475,-3.94,3.355));
#7552=VECTOR('',#9158,6.71);
#7553=CARTESIAN_POINT('',(0.475,-3.94,3.355));
#7554=VECTOR('',#9159,6.71);
#7555=CARTESIAN_POINT('',(1.475,-3.94,3.355));
#7556=VECTOR('',#9160,6.71);
#7557=CARTESIAN_POINT('',(-5.375,-3.94,-3.355));
#7558=CARTESIAN_POINT('',(-5.375,-3.94,-3.355));
#7559=VECTOR('',#9161,1.6);
#7560=CARTESIAN_POINT('',(-5.375,-3.94,-3.355));
#7561=VECTOR('',#9162,0.51);
#7562=CARTESIAN_POINT('',(6.575,-3.94,-3.355));
#7563=CARTESIAN_POINT('',(5.375,-3.94,-3.355));
#7564=CARTESIAN_POINT('',(6.575,-3.94,-3.355));
#7565=VECTOR('',#9163,1.2);
#7566=CARTESIAN_POINT('',(6.575,-2.948993443541,-3.355));
#7567=CARTESIAN_POINT('',(6.575,-3.94,-3.355));
#7568=VECTOR('',#9164,0.9910065564588);
#7569=CARTESIAN_POINT('',(6.575,-2.948993443541,-3.355));
#7570=VECTOR('',#9165,1.28403120744);
#7571=CARTESIAN_POINT('',(5.375,-3.94,-3.355));
#7572=VECTOR('',#9166,0.51);
#7573=CARTESIAN_POINT('',(-6.575,-2.948993443541,-3.355));
#7574=CARTESIAN_POINT('',(-5.384466995702,-3.43,-3.355));
#7575=VECTOR('',#9167,1.28403120744);
#7576=CARTESIAN_POINT('',(-6.575,-3.94,-3.355));
#7577=CARTESIAN_POINT('',(-6.575,-3.94,-3.355));
#7578=VECTOR('',#9168,0.9910065564588);
#7579=CARTESIAN_POINT('',(-5.375,-3.94,-3.355));
#7580=VECTOR('',#9169,1.2);
#7581=CARTESIAN_POINT('',(5.375,-3.94,-3.355));
#7582=VECTOR('',#9170,1.6);
#7583=CARTESIAN_POINT('',(6.575,-3.94,-3.355));
#7584=VECTOR('',#9171,1.6);
#7585=CARTESIAN_POINT('',(-6.575,-3.94,-4.955));
#7586=VECTOR('',#9172,1.6);
#7587=CARTESIAN_POINT('',(6.575,-2.948993443541,1.785));
#7588=VECTOR('',#9173,5.14);
#7589=CARTESIAN_POINT('',(6.575,-0.95,-3.685));
#7590=CARTESIAN_POINT('',(6.575,-0.95,-3.685));
#7591=VECTOR('',#9174,0.6);
#7592=CARTESIAN_POINT('',(6.575,0.95,-3.685));
#7593=CARTESIAN_POINT('',(6.575,0.95,-3.685));
#7594=VECTOR('',#9175,1.9);
#7595=CARTESIAN_POINT('',(6.575,0.95,-4.285));
#7596=VECTOR('',#9176,0.6);
#7597=CARTESIAN_POINT('',(6.575,1.6,-4.285));
#7598=VECTOR('',#9177,0.67);
#7599=CARTESIAN_POINT('',(6.575,0.575,-0.345));
#7600=CARTESIAN_POINT('',(6.575,0.575,-0.345));
#7601=VECTOR('',#9178,0.525);
#7602=CARTESIAN_POINT('',(6.575,0.575,-2.845));
#7603=CARTESIAN_POINT('',(6.575,0.575,-2.845));
#7604=VECTOR('',#9179,2.5);
#7605=CARTESIAN_POINT('',(6.575,-0.575,-2.845));
#7606=CARTESIAN_POINT('',(6.575,-0.575,-2.845));
#7607=VECTOR('',#9180,1.15);
#7608=CARTESIAN_POINT('',(6.575,-0.575,-0.345));
#7609=CARTESIAN_POINT('',(6.575,-0.575,-0.345));
#7610=VECTOR('',#9181,2.5);
#7611=CARTESIAN_POINT('',(6.575,-1.1,-0.345));
#7612=VECTOR('',#9182,0.525);
#7613=CARTESIAN_POINT('',(4.925,-0.575,-0.345));
#7614=CARTESIAN_POINT('',(6.575,-0.575,-0.345));
#7615=VECTOR('',#9183,1.65);
#7616=CARTESIAN_POINT('',(4.925,-1.1,-0.345));
#7617=VECTOR('',#9184,0.525);
#7618=CARTESIAN_POINT('',(4.925,-2.45,4.955));
#7619=VECTOR('',#9185,5.1);
#7620=CARTESIAN_POINT('',(4.925,-0.575,-2.845));
#7621=CARTESIAN_POINT('',(4.925,-0.575,-0.345));
#7622=VECTOR('',#9186,2.5);
#7623=CARTESIAN_POINT('',(4.925,0.575,-2.845));
#7624=CARTESIAN_POINT('',(4.925,-0.575,-2.845));
#7625=VECTOR('',#9187,1.15);
#7626=CARTESIAN_POINT('',(4.925,0.575,-0.345));
#7627=CARTESIAN_POINT('',(4.925,0.575,-2.845));
#7628=VECTOR('',#9188,2.5);
#7629=CARTESIAN_POINT('',(4.925,0.575,-0.345));
#7630=VECTOR('',#9189,0.525);
#7631=CARTESIAN_POINT('',(6.575,0.575,-0.345));
#7632=VECTOR('',#9190,1.65);
#7633=CARTESIAN_POINT('',(6.575,0.575,-2.845));
#7634=VECTOR('',#9191,1.65);
#7635=CARTESIAN_POINT('',(6.575,-0.575,-2.845));
#7636=VECTOR('',#9192,1.65);
#7637=CARTESIAN_POINT('',(-4.925,3.43,4.955));
#7638=VECTOR('',#9193,0.78);
#7639=CARTESIAN_POINT('',(-4.925,-2.45,4.955));
#7640=VECTOR('',#9194,0.98);
#7641=CARTESIAN_POINT('',(4.27,2.77,4.955));
#7642=CARTESIAN_POINT('',(1.73,2.77,4.955));
#7643=CARTESIAN_POINT('',(4.27,2.77,4.955));
#7644=VECTOR('',#9195,2.54);
#7645=CARTESIAN_POINT('',(4.27,0.93,4.955));
#7646=CARTESIAN_POINT('',(4.27,0.93,4.955));
#7647=VECTOR('',#9196,1.84);
#7648=CARTESIAN_POINT('',(3.57,0.23,4.955));
#7649=CARTESIAN_POINT('',(3.57,0.23,4.955));
#7650=VECTOR('',#9197,0.9899494936612);
#7651=CARTESIAN_POINT('',(1.73,0.23,4.955));
#7652=CARTESIAN_POINT('',(1.73,0.23,4.955));
#7653=VECTOR('',#9198,1.84);
#7654=CARTESIAN_POINT('',(1.73,2.77,4.955));
#7655=VECTOR('',#9199,2.54);
#7656=CARTESIAN_POINT('',(4.27,-2.77,4.955));
#7657=CARTESIAN_POINT('',(4.27,-0.23,4.955));
#7658=CARTESIAN_POINT('',(4.27,-2.77,4.955));
#7659=VECTOR('',#9200,2.54);
#7660=CARTESIAN_POINT('',(2.43,-2.77,4.955));
#7661=CARTESIAN_POINT('',(2.43,-2.77,4.955));
#7662=VECTOR('',#9201,1.84);
#7663=CARTESIAN_POINT('',(1.73,-2.07,4.955));
#7664=CARTESIAN_POINT('',(1.73,-2.07,4.955));
#7665=VECTOR('',#9202,0.9899494936612);
#7666=CARTESIAN_POINT('',(1.73,-0.23,4.955));
#7667=CARTESIAN_POINT('',(1.73,-0.23,4.955));
#7668=VECTOR('',#9203,1.84);
#7669=CARTESIAN_POINT('',(4.27,-0.23,4.955));
#7670=VECTOR('',#9204,2.54);
#7671=CARTESIAN_POINT('',(1.27,-0.23,4.955));
#7672=CARTESIAN_POINT('',(-1.27,-0.23,4.955));
#7673=CARTESIAN_POINT('',(1.27,-0.23,4.955));
#7674=VECTOR('',#9205,2.54);
#7675=CARTESIAN_POINT('',(1.27,-2.77,4.955));
#7676=CARTESIAN_POINT('',(1.27,-2.77,4.955));
#7677=VECTOR('',#9206,2.54);
#7678=CARTESIAN_POINT('',(-0.57,-2.77,4.955));
#7679=CARTESIAN_POINT('',(-0.57,-2.77,4.955));
#7680=VECTOR('',#9207,1.84);
#7681=CARTESIAN_POINT('',(-1.27,-2.07,4.955));
#7682=CARTESIAN_POINT('',(-1.27,-2.07,4.955));
#7683=VECTOR('',#9208,0.9899494936612);
#7684=CARTESIAN_POINT('',(-1.27,-0.23,4.955));
#7685=VECTOR('',#9209,1.84);
#7686=CARTESIAN_POINT('',(-1.27,0.93,4.955));
#7687=CARTESIAN_POINT('',(-0.57,0.23,4.955));
#7688=CARTESIAN_POINT('',(-1.27,0.93,4.955));
#7689=VECTOR('',#9210,0.9899494936612);
#7690=CARTESIAN_POINT('',(-1.27,2.77,4.955));
#7691=CARTESIAN_POINT('',(-1.27,2.77,4.955));
#7692=VECTOR('',#9211,1.84);
#7693=CARTESIAN_POINT('',(1.27,2.77,4.955));
#7694=CARTESIAN_POINT('',(1.27,2.77,4.955));
#7695=VECTOR('',#9212,2.54);
#7696=CARTESIAN_POINT('',(1.27,0.23,4.955));
#7697=CARTESIAN_POINT('',(1.27,0.23,4.955));
#7698=VECTOR('',#9213,2.54);
#7699=CARTESIAN_POINT('',(-0.57,0.23,4.955));
#7700=VECTOR('',#9214,1.84);
#7701=CARTESIAN_POINT('',(-4.27,0.93,4.955));
#7702=CARTESIAN_POINT('',(-3.57,0.23,4.955));
#7703=CARTESIAN_POINT('',(-4.27,0.93,4.955));
#7704=VECTOR('',#9215,0.9899494936612);
#7705=CARTESIAN_POINT('',(-4.27,2.77,4.955));
#7706=CARTESIAN_POINT('',(-4.27,2.77,4.955));
#7707=VECTOR('',#9216,1.84);
#7708=CARTESIAN_POINT('',(-1.73,2.77,4.955));
#7709=CARTESIAN_POINT('',(-1.73,2.77,4.955));
#7710=VECTOR('',#9217,2.54);
#7711=CARTESIAN_POINT('',(-1.73,0.23,4.955));
#7712=CARTESIAN_POINT('',(-1.73,0.23,4.955));
#7713=VECTOR('',#9218,2.54);
#7714=CARTESIAN_POINT('',(-3.57,0.23,4.955));
#7715=VECTOR('',#9219,1.84);
#7716=CARTESIAN_POINT('',(-1.73,-2.77,4.955));
#7717=CARTESIAN_POINT('',(-1.73,-0.23,4.955));
#7718=CARTESIAN_POINT('',(-1.73,-2.77,4.955));
#7719=VECTOR('',#9220,2.54);
#7720=CARTESIAN_POINT('',(-3.57,-2.77,4.955));
#7721=CARTESIAN_POINT('',(-3.57,-2.77,4.955));
#7722=VECTOR('',#9221,1.84);
#7723=CARTESIAN_POINT('',(-4.27,-2.07,4.955));
#7724=CARTESIAN_POINT('',(-4.27,-2.07,4.955));
#7725=VECTOR('',#9222,0.9899494936612);
#7726=CARTESIAN_POINT('',(-4.27,-0.23,4.955));
#7727=CARTESIAN_POINT('',(-4.27,-0.23,4.955));
#7728=VECTOR('',#9223,1.84);
#7729=CARTESIAN_POINT('',(-1.73,-0.23,4.955));
#7730=VECTOR('',#9224,2.54);
#7731=CARTESIAN_POINT('',(-6.325,-3.05,3.305));
#7732=VECTOR('',#9225,1.502578467577);
#7733=CARTESIAN_POINT('',(-6.575,-2.948993443541,1.785));
#7734=CARTESIAN_POINT('',(-6.575,-2.948993443541,1.785));
#7735=VECTOR('',#9226,5.14);
#7736=CARTESIAN_POINT('',(-6.575,-2.948993443541,1.785));
#7737=VECTOR('',#9227,0.2696336856694);
#7738=CARTESIAN_POINT('',(-6.575,-2.948993443541,1.785));
#7739=VECTOR('',#9228,1.848993443541);
#7740=CARTESIAN_POINT('',(-6.575,1.1,1.785));
#7741=CARTESIAN_POINT('',(-6.575,1.1,1.785));
#7742=VECTOR('',#9229,2.33);
#7743=CARTESIAN_POINT('',(-6.325,1.1,1.785));
#7744=VECTOR('',#9230,0.25);
#7745=CARTESIAN_POINT('',(-6.575,-0.575,-0.345));
#7746=CARTESIAN_POINT('',(-6.575,-1.1,-0.345));
#7747=VECTOR('',#9231,0.525);
#7748=CARTESIAN_POINT('',(-6.575,-0.575,-2.845));
#7749=CARTESIAN_POINT('',(-6.575,-0.575,-0.345));
#7750=VECTOR('',#9232,2.5);
#7751=CARTESIAN_POINT('',(-6.575,0.575,-2.845));
#7752=CARTESIAN_POINT('',(-6.575,-0.575,-2.845));
#7753=VECTOR('',#9233,1.15);
#7754=CARTESIAN_POINT('',(-6.575,0.575,-0.345));
#7755=CARTESIAN_POINT('',(-6.575,0.575,-2.845));
#7756=VECTOR('',#9234,2.5);
#7757=CARTESIAN_POINT('',(-6.575,1.1,-0.345));
#7758=CARTESIAN_POINT('',(-6.575,0.575,-0.345));
#7759=VECTOR('',#9235,0.525);
#7760=CARTESIAN_POINT('',(-6.575,1.1,1.785));
#7761=VECTOR('',#9236,2.13);
#7762=CARTESIAN_POINT('',(-6.575,1.6,-4.955));
#7763=VECTOR('',#9237,0.67);
#7764=CARTESIAN_POINT('',(-6.575,0.95,-3.685));
#7765=CARTESIAN_POINT('',(-6.575,0.95,-4.285));
#7766=VECTOR('',#9238,0.6);
#7767=CARTESIAN_POINT('',(-6.575,-0.95,-3.685));
#7768=CARTESIAN_POINT('',(-6.575,0.95,-3.685));
#7769=VECTOR('',#9239,1.9);
#7770=CARTESIAN_POINT('',(-6.575,-0.95,-3.685));
#7771=VECTOR('',#9240,0.6);
#7772=CARTESIAN_POINT('',(-5.575,-0.95,-3.685));
#7773=CARTESIAN_POINT('',(-6.575,-0.95,-3.685));
#7774=VECTOR('',#9241,1.0);
#7775=CARTESIAN_POINT('',(-5.575,-0.95,-3.685));
#7776=VECTOR('',#9242,0.6);
#7777=CARTESIAN_POINT('',(-5.575,0.95,-3.685));
#7778=CARTESIAN_POINT('',(-5.575,0.95,-3.685));
#7779=VECTOR('',#9243,1.9);
#7780=CARTESIAN_POINT('',(-5.575,0.95,-4.285));
#7781=VECTOR('',#9244,0.6);
#7782=CARTESIAN_POINT('',(-6.575,0.95,-3.685));
#7783=VECTOR('',#9245,1.0);
#7784=CARTESIAN_POINT('',(3.32,1.6,-4.285));
#7785=VECTOR('',#9246,0.67);
#7786=CARTESIAN_POINT('',(2.68,1.6,-4.285));
#7787=VECTOR('',#9247,0.67);
#7788=CARTESIAN_POINT('',(0.32,1.6,-4.285));
#7789=VECTOR('',#9248,0.67);
#7790=CARTESIAN_POINT('',(-0.32,1.6,-4.285));
#7791=VECTOR('',#9249,0.67);
#7792=CARTESIAN_POINT('',(-2.68,1.6,-4.285));
#7793=VECTOR('',#9250,0.67);
#7794=CARTESIAN_POINT('',(-3.32,1.6,-4.285));
#7795=VECTOR('',#9251,0.67);
#7796=CARTESIAN_POINT('',(3.32,-0.29,-4.955));
#7797=CARTESIAN_POINT('',(3.32,-0.29,-4.285));
#7798=VECTOR('',#9252,0.67);
#7799=CARTESIAN_POINT('',(3.32,0.35,-4.955));
#7800=CARTESIAN_POINT('',(3.32,-0.29,-4.955));
#7801=VECTOR('',#9253,0.64);
#7802=CARTESIAN_POINT('',(3.32,0.35,-4.955));
#7803=VECTOR('',#9254,0.67);
#7804=CARTESIAN_POINT('',(3.32,1.21,-1.645));
#7805=CARTESIAN_POINT('',(3.32,1.85,-1.645));
#7806=CARTESIAN_POINT('',(3.32,1.21,-1.645));
#7807=VECTOR('',#9255,0.64);
#7808=CARTESIAN_POINT('',(3.32,1.85,2.555));
#7809=CARTESIAN_POINT('',(3.32,1.85,-1.645));
#7810=VECTOR('',#9256,4.2);
#7811=CARTESIAN_POINT('',(3.32,1.21,2.555));
#7812=CARTESIAN_POINT('',(3.32,1.85,2.555));
#7813=VECTOR('',#9257,0.64);
#7814=CARTESIAN_POINT('',(3.32,1.21,2.555));
#7815=VECTOR('',#9258,4.2);
#7816=CARTESIAN_POINT('',(3.32,1.21,-5.573266328441));
#7817=CARTESIAN_POINT('',(3.32,1.21,-4.285));
#7818=VECTOR('',#9259,1.288266328441);
#7819=CARTESIAN_POINT('',(3.32,1.21,-7.045));
#7820=AXIS2_PLACEMENT_3D('',#9260,#9261,#9262);
#7821=CARTESIAN_POINT('',(3.32,1.21,-7.295));
#7822=CARTESIAN_POINT('',(3.32,1.21,-7.045));
#7823=VECTOR('',#9263,0.25);
#7824=CARTESIAN_POINT('',(3.32,1.419435522388,-8.135));
#7825=CARTESIAN_POINT('',(3.32,1.21,-7.295));
#7826=VECTOR('',#9264,0.8657154486539);
#7827=CARTESIAN_POINT('',(3.32,1.640564477612,-8.135));
#7828=CARTESIAN_POINT('',(3.32,1.419435522388,-8.135));
#7829=VECTOR('',#9265,0.2211289552235);
#7830=CARTESIAN_POINT('',(3.32,1.85,-7.295));
#7831=CARTESIAN_POINT('',(3.32,1.640564477612,-8.135));
#7832=VECTOR('',#9266,0.8657154486539);
#7833=CARTESIAN_POINT('',(3.32,1.85,-7.045));
#7834=CARTESIAN_POINT('',(3.32,1.85,-7.295));
#7835=VECTOR('',#9267,0.25);
#7836=CARTESIAN_POINT('',(3.32,1.85,-5.573266328441));
#7837=AXIS2_PLACEMENT_3D('',#9268,#9269,#9270);
#7838=CARTESIAN_POINT('',(3.32,1.85,-5.573266328441));
#7839=VECTOR('',#9271,0.6182663284412);
#7840=CARTESIAN_POINT('',(3.32,-1.79,-1.645));
#7841=CARTESIAN_POINT('',(3.32,-1.15,-1.645));
#7842=CARTESIAN_POINT('',(3.32,-1.79,-1.645));
#7843=VECTOR('',#9272,0.64);
#7844=CARTESIAN_POINT('',(3.32,-1.15,2.555));
#7845=CARTESIAN_POINT('',(3.32,-1.15,-1.645));
#7846=VECTOR('',#9273,4.2);
#7847=CARTESIAN_POINT('',(3.32,-1.79,2.555));
#7848=CARTESIAN_POINT('',(3.32,-1.15,2.555));
#7849=VECTOR('',#9274,0.64);
#7850=CARTESIAN_POINT('',(3.32,-1.79,2.555));
#7851=VECTOR('',#9275,4.2);
#7852=CARTESIAN_POINT('',(3.32,-1.79,-5.573266328441));
#7853=CARTESIAN_POINT('',(3.32,-1.79,-4.285));
#7854=VECTOR('',#9276,1.288266328441);
#7855=CARTESIAN_POINT('',(3.32,-1.79,-7.045));
#7856=AXIS2_PLACEMENT_3D('',#9277,#9278,#9279);
#7857=CARTESIAN_POINT('',(3.32,-1.79,-7.295));
#7858=CARTESIAN_POINT('',(3.32,-1.79,-7.045));
#7859=VECTOR('',#9280,0.25);
#7860=CARTESIAN_POINT('',(3.32,-1.580564477612,-8.135));
#7861=CARTESIAN_POINT('',(3.32,-1.79,-7.295));
#7862=VECTOR('',#9281,0.8657154486539);
#7863=CARTESIAN_POINT('',(3.32,-1.359435522388,-8.135));
#7864=CARTESIAN_POINT('',(3.32,-1.580564477612,-8.135));
#7865=VECTOR('',#9282,0.2211289552235);
#7866=CARTESIAN_POINT('',(3.32,-1.15,-7.295));
#7867=CARTESIAN_POINT('',(3.32,-1.359435522388,-8.135));
#7868=VECTOR('',#9283,0.8657154486539);
#7869=CARTESIAN_POINT('',(3.32,-1.15,-7.045));
#7870=CARTESIAN_POINT('',(3.32,-1.15,-7.295));
#7871=VECTOR('',#9284,0.25);
#7872=CARTESIAN_POINT('',(3.32,-1.15,-5.573266328441));
#7873=AXIS2_PLACEMENT_3D('',#9285,#9286,#9287);
#7874=CARTESIAN_POINT('',(3.32,-1.15,-5.573266328441));
#7875=VECTOR('',#9288,1.288266328441);
#7876=CARTESIAN_POINT('',(2.68,0.35,-4.955));
#7877=CARTESIAN_POINT('',(3.32,0.35,-4.955));
#7878=VECTOR('',#9289,0.64);
#7879=CARTESIAN_POINT('',(2.68,0.35,-4.955));
#7880=VECTOR('',#9290,0.67);
#7881=CARTESIAN_POINT('',(2.68,1.85,-5.573266328441));
#7882=CARTESIAN_POINT('',(2.68,1.85,-5.573266328441));
#7883=VECTOR('',#9291,0.6182663284412);
#7884=CARTESIAN_POINT('',(2.68,1.85,-7.045));
#7885=AXIS2_PLACEMENT_3D('',#9292,#9293,#9294);
#7886=CARTESIAN_POINT('',(2.68,1.85,-7.295));
#7887=CARTESIAN_POINT('',(2.68,1.85,-7.295));
#7888=VECTOR('',#9295,0.25);
#7889=CARTESIAN_POINT('',(2.68,1.640564477612,-8.135));
#7890=CARTESIAN_POINT('',(2.68,1.640564477612,-8.135));
#7891=VECTOR('',#9296,0.8657154486539);
#7892=CARTESIAN_POINT('',(2.68,1.419435522388,-8.135));
#7893=CARTESIAN_POINT('',(2.68,1.419435522388,-8.135));
#7894=VECTOR('',#9297,0.2211289552235);
#7895=CARTESIAN_POINT('',(2.68,1.21,-7.295));
#7896=CARTESIAN_POINT('',(2.68,1.21,-7.295));
#7897=VECTOR('',#9298,0.8657154486539);
#7898=CARTESIAN_POINT('',(2.68,1.21,-7.045));
#7899=CARTESIAN_POINT('',(2.68,1.21,-7.045));
#7900=VECTOR('',#9299,0.25);
#7901=CARTESIAN_POINT('',(2.68,1.21,-5.573266328441));
#7902=AXIS2_PLACEMENT_3D('',#9300,#9301,#9302);
#7903=CARTESIAN_POINT('',(2.68,1.21,-4.285));
#7904=VECTOR('',#9303,1.288266328441);
#7905=CARTESIAN_POINT('',(2.68,-0.29,-4.955));
#7906=CARTESIAN_POINT('',(2.68,-0.29,-4.955));
#7907=VECTOR('',#9304,0.64);
#7908=CARTESIAN_POINT('',(2.68,-0.29,-4.285));
#7909=VECTOR('',#9305,0.67);
#7910=CARTESIAN_POINT('',(2.68,1.85,2.555));
#7911=CARTESIAN_POINT('',(2.68,1.21,2.555));
#7912=CARTESIAN_POINT('',(2.68,1.85,2.555));
#7913=VECTOR('',#9306,0.64);
#7914=CARTESIAN_POINT('',(2.68,1.85,-1.645));
#7915=CARTESIAN_POINT('',(2.68,1.85,-1.645));
#7916=VECTOR('',#9307,4.2);
#7917=CARTESIAN_POINT('',(2.68,1.21,-1.645));
#7918=CARTESIAN_POINT('',(2.68,1.21,-1.645));
#7919=VECTOR('',#9308,0.64);
#7920=CARTESIAN_POINT('',(2.68,1.21,2.555));
#7921=VECTOR('',#9309,4.2);
#7922=CARTESIAN_POINT('',(2.68,-1.15,2.555));
#7923=CARTESIAN_POINT('',(2.68,-1.79,2.555));
#7924=CARTESIAN_POINT('',(2.68,-1.15,2.555));
#7925=VECTOR('',#9310,0.64);
#7926=CARTESIAN_POINT('',(2.68,-1.15,-1.645));
#7927=CARTESIAN_POINT('',(2.68,-1.15,-1.645));
#7928=VECTOR('',#9311,4.2);
#7929=CARTESIAN_POINT('',(2.68,-1.79,-1.645));
#7930=CARTESIAN_POINT('',(2.68,-1.79,-1.645));
#7931=VECTOR('',#9312,0.64);
#7932=CARTESIAN_POINT('',(2.68,-1.79,2.555));
#7933=VECTOR('',#9313,4.2);
#7934=CARTESIAN_POINT('',(2.68,-1.15,-7.045));
#7935=CARTESIAN_POINT('',(2.68,-1.15,-5.573266328441));
#7936=AXIS2_PLACEMENT_3D('',#9314,#9315,#9316);
#7937=CARTESIAN_POINT('',(2.68,-1.15,-7.295));
#7938=CARTESIAN_POINT('',(2.68,-1.15,-7.295));
#7939=VECTOR('',#9317,0.25);
#7940=CARTESIAN_POINT('',(2.68,-1.359435522388,-8.135));
#7941=CARTESIAN_POINT('',(2.68,-1.359435522388,-8.135));
#7942=VECTOR('',#9318,0.8657154486539);
#7943=CARTESIAN_POINT('',(2.68,-1.580564477612,-8.135));
#7944=CARTESIAN_POINT('',(2.68,-1.580564477612,-8.135));
#7945=VECTOR('',#9319,0.2211289552235);
#7946=CARTESIAN_POINT('',(2.68,-1.79,-7.295));
#7947=CARTESIAN_POINT('',(2.68,-1.79,-7.295));
#7948=VECTOR('',#9320,0.8657154486539);
#7949=CARTESIAN_POINT('',(2.68,-1.79,-7.045));
#7950=CARTESIAN_POINT('',(2.68,-1.79,-7.045));
#7951=VECTOR('',#9321,0.25);
#7952=CARTESIAN_POINT('',(2.68,-1.79,-5.573266328441));
#7953=AXIS2_PLACEMENT_3D('',#9322,#9323,#9324);
#7954=CARTESIAN_POINT('',(2.68,-1.79,-4.285));
#7955=VECTOR('',#9325,1.288266328441);
#7956=CARTESIAN_POINT('',(2.68,-1.15,-5.573266328441));
#7957=VECTOR('',#9326,1.288266328441);
#7958=CARTESIAN_POINT('',(3.32,1.21,2.555));
#7959=VECTOR('',#9327,0.64);
#7960=CARTESIAN_POINT('',(2.68,1.21,-1.645));
#7961=VECTOR('',#9328,0.64);
#7962=CARTESIAN_POINT('',(3.32,1.21,-5.573266328441));
#7963=VECTOR('',#9329,0.64);
#7964=CARTESIAN_POINT('',(1.73,0.23,-1.645));
#7965=CARTESIAN_POINT('',(3.57,0.23,-1.645));
#7966=CARTESIAN_POINT('',(1.73,0.23,-1.645));
#7967=VECTOR('',#9330,1.84);
#7968=CARTESIAN_POINT('',(4.27,0.93,-1.645));
#7969=CARTESIAN_POINT('',(3.57,0.23,-1.645));
#7970=VECTOR('',#9331,0.9899494936612);
#7971=CARTESIAN_POINT('',(4.27,2.77,-1.645));
#7972=CARTESIAN_POINT('',(4.27,0.93,-1.645));
#7973=VECTOR('',#9332,1.84);
#7974=CARTESIAN_POINT('',(1.73,2.77,-1.645));
#7975=CARTESIAN_POINT('',(4.27,2.77,-1.645));
#7976=VECTOR('',#9333,2.54);
#7977=CARTESIAN_POINT('',(1.73,2.77,-1.645));
#7978=VECTOR('',#9334,2.54);
#7979=CARTESIAN_POINT('',(2.68,1.85,-1.645));
#7980=VECTOR('',#9335,0.64);
#7981=CARTESIAN_POINT('',(1.73,-0.23,-1.645));
#7982=CARTESIAN_POINT('',(1.73,-2.07,-1.645));
#7983=CARTESIAN_POINT('',(1.73,-0.23,-1.645));
#7984=VECTOR('',#9336,1.84);
#7985=CARTESIAN_POINT('',(2.43,-2.77,-1.645));
#7986=CARTESIAN_POINT('',(1.73,-2.07,-1.645));
#7987=VECTOR('',#9337,0.9899494936612);
#7988=CARTESIAN_POINT('',(4.27,-2.77,-1.645));
#7989=CARTESIAN_POINT('',(2.43,-2.77,-1.645));
#7990=VECTOR('',#9338,1.84);
#7991=CARTESIAN_POINT('',(4.27,-0.23,-1.645));
#7992=CARTESIAN_POINT('',(4.27,-2.77,-1.645));
#7993=VECTOR('',#9339,2.54);
#7994=CARTESIAN_POINT('',(4.27,-0.23,-1.645));
#7995=VECTOR('',#9340,2.54);
#7996=CARTESIAN_POINT('',(2.68,-1.79,-1.645));
#7997=VECTOR('',#9341,0.64);
#7998=CARTESIAN_POINT('',(2.68,-1.15,-1.645));
#7999=VECTOR('',#9342,0.64);
#8000=CARTESIAN_POINT('',(-1.27,-2.07,-1.645));
#8001=CARTESIAN_POINT('',(-0.57,-2.77,-1.645));
#8002=CARTESIAN_POINT('',(-1.27,-2.07,-1.645));
#8003=VECTOR('',#9343,0.9899494936612);
#8004=CARTESIAN_POINT('',(1.27,-2.77,-1.645));
#8005=CARTESIAN_POINT('',(-0.57,-2.77,-1.645));
#8006=VECTOR('',#9344,1.84);
#8007=CARTESIAN_POINT('',(1.27,-0.23,-1.645));
#8008=CARTESIAN_POINT('',(1.27,-2.77,-1.645));
#8009=VECTOR('',#9345,2.54);
#8010=CARTESIAN_POINT('',(-1.27,-0.23,-1.645));
#8011=CARTESIAN_POINT('',(1.27,-0.23,-1.645));
#8012=VECTOR('',#9346,2.54);
#8013=CARTESIAN_POINT('',(-1.27,-0.23,-1.645));
#8014=VECTOR('',#9347,1.84);
#8015=CARTESIAN_POINT('',(-0.32,-1.79,-1.645));
#8016=CARTESIAN_POINT('',(0.32,-1.79,-1.645));
#8017=CARTESIAN_POINT('',(-0.32,-1.79,-1.645));
#8018=VECTOR('',#9348,0.64);
#8019=CARTESIAN_POINT('',(-0.32,-1.15,-1.645));
#8020=CARTESIAN_POINT('',(-0.32,-1.79,-1.645));
#8021=VECTOR('',#9349,0.64);
#8022=CARTESIAN_POINT('',(0.32,-1.15,-1.645));
#8023=CARTESIAN_POINT('',(-0.32,-1.15,-1.645));
#8024=VECTOR('',#9350,0.64);
#8025=CARTESIAN_POINT('',(0.32,-1.79,-1.645));
#8026=VECTOR('',#9351,0.64);
#8027=CARTESIAN_POINT('',(1.27,0.23,-1.645));
#8028=CARTESIAN_POINT('',(1.27,2.77,-1.645));
#8029=CARTESIAN_POINT('',(1.27,0.23,-1.645));
#8030=VECTOR('',#9352,2.54);
#8031=CARTESIAN_POINT('',(-1.27,2.77,-1.645));
#8032=CARTESIAN_POINT('',(1.27,2.77,-1.645));
#8033=VECTOR('',#9353,2.54);
#8034=CARTESIAN_POINT('',(-1.27,0.93,-1.645));
#8035=CARTESIAN_POINT('',(-1.27,2.77,-1.645));
#8036=VECTOR('',#9354,1.84);
#8037=CARTESIAN_POINT('',(-0.57,0.23,-1.645));
#8038=CARTESIAN_POINT('',(-1.27,0.93,-1.645));
#8039=VECTOR('',#9355,0.9899494936612);
#8040=CARTESIAN_POINT('',(-0.57,0.23,-1.645));
#8041=VECTOR('',#9356,1.84);
#8042=CARTESIAN_POINT('',(-0.32,1.21,-1.645));
#8043=CARTESIAN_POINT('',(0.32,1.21,-1.645));
#8044=CARTESIAN_POINT('',(-0.32,1.21,-1.645));
#8045=VECTOR('',#9357,0.64);
#8046=CARTESIAN_POINT('',(-0.32,1.85,-1.645));
#8047=CARTESIAN_POINT('',(-0.32,1.21,-1.645));
#8048=VECTOR('',#9358,0.64);
#8049=CARTESIAN_POINT('',(0.32,1.85,-1.645));
#8050=CARTESIAN_POINT('',(-0.32,1.85,-1.645));
#8051=VECTOR('',#9359,0.64);
#8052=CARTESIAN_POINT('',(0.32,1.21,-1.645));
#8053=VECTOR('',#9360,0.64);
#8054=CARTESIAN_POINT('',(-1.73,0.23,-1.645));
#8055=CARTESIAN_POINT('',(-1.73,2.77,-1.645));
#8056=CARTESIAN_POINT('',(-1.73,0.23,-1.645));
#8057=VECTOR('',#9361,2.54);
#8058=CARTESIAN_POINT('',(-4.27,2.77,-1.645));
#8059=CARTESIAN_POINT('',(-1.73,2.77,-1.645));
#8060=VECTOR('',#9362,2.54);
#8061=CARTESIAN_POINT('',(-4.27,0.93,-1.645));
#8062=CARTESIAN_POINT('',(-4.27,2.77,-1.645));
#8063=VECTOR('',#9363,1.84);
#8064=CARTESIAN_POINT('',(-3.57,0.23,-1.645));
#8065=CARTESIAN_POINT('',(-4.27,0.93,-1.645));
#8066=VECTOR('',#9364,0.9899494936612);
#8067=CARTESIAN_POINT('',(-3.57,0.23,-1.645));
#8068=VECTOR('',#9365,1.84);
#8069=CARTESIAN_POINT('',(-3.32,1.21,-1.645));
#8070=CARTESIAN_POINT('',(-2.68,1.21,-1.645));
#8071=CARTESIAN_POINT('',(-3.32,1.21,-1.645));
#8072=VECTOR('',#9366,0.64);
#8073=CARTESIAN_POINT('',(-3.32,1.85,-1.645));
#8074=CARTESIAN_POINT('',(-3.32,1.21,-1.645));
#8075=VECTOR('',#9367,0.64);
#8076=CARTESIAN_POINT('',(-2.68,1.85,-1.645));
#8077=CARTESIAN_POINT('',(-3.32,1.85,-1.645));
#8078=VECTOR('',#9368,0.64);
#8079=CARTESIAN_POINT('',(-2.68,1.21,-1.645));
#8080=VECTOR('',#9369,0.64);
#8081=CARTESIAN_POINT('',(-4.27,-0.23,-1.645));
#8082=CARTESIAN_POINT('',(-4.27,-2.07,-1.645));
#8083=CARTESIAN_POINT('',(-4.27,-0.23,-1.645));
#8084=VECTOR('',#9370,1.84);
#8085=CARTESIAN_POINT('',(-3.57,-2.77,-1.645));
#8086=CARTESIAN_POINT('',(-4.27,-2.07,-1.645));
#8087=VECTOR('',#9371,0.9899494936612);
#8088=CARTESIAN_POINT('',(-1.73,-2.77,-1.645));
#8089=CARTESIAN_POINT('',(-3.57,-2.77,-1.645));
#8090=VECTOR('',#9372,1.84);
#8091=CARTESIAN_POINT('',(-1.73,-0.23,-1.645));
#8092=CARTESIAN_POINT('',(-1.73,-2.77,-1.645));
#8093=VECTOR('',#9373,2.54);
#8094=CARTESIAN_POINT('',(-1.73,-0.23,-1.645));
#8095=VECTOR('',#9374,2.54);
#8096=CARTESIAN_POINT('',(-3.32,-1.79,-1.645));
#8097=CARTESIAN_POINT('',(-2.68,-1.79,-1.645));
#8098=CARTESIAN_POINT('',(-3.32,-1.79,-1.645));
#8099=VECTOR('',#9375,0.64);
#8100=CARTESIAN_POINT('',(-3.32,-1.15,-1.645));
#8101=CARTESIAN_POINT('',(-3.32,-1.79,-1.645));
#8102=VECTOR('',#9376,0.64);
#8103=CARTESIAN_POINT('',(-2.68,-1.15,-1.645));
#8104=CARTESIAN_POINT('',(-3.32,-1.15,-1.645));
#8105=VECTOR('',#9377,0.64);
#8106=CARTESIAN_POINT('',(-2.68,-1.79,-1.645));
#8107=VECTOR('',#9378,0.64);
#8108=CARTESIAN_POINT('',(1.73,0.23,4.955));
#8109=VECTOR('',#9379,6.6);
#8110=CARTESIAN_POINT('',(1.73,2.77,4.955));
#8111=VECTOR('',#9380,6.6);
#8112=CARTESIAN_POINT('',(4.27,2.77,4.955));
#8113=VECTOR('',#9381,6.6);
#8114=CARTESIAN_POINT('',(4.27,0.93,4.955));
#8115=VECTOR('',#9382,6.6);
#8116=CARTESIAN_POINT('',(3.57,0.23,4.955));
#8117=VECTOR('',#9383,6.6);
#8118=CARTESIAN_POINT('',(1.73,-0.23,4.955));
#8119=VECTOR('',#9384,6.6);
#8120=CARTESIAN_POINT('',(4.27,-0.23,4.955));
#8121=VECTOR('',#9385,6.6);
#8122=CARTESIAN_POINT('',(4.27,-2.77,4.955));
#8123=VECTOR('',#9386,6.6);
#8124=CARTESIAN_POINT('',(2.43,-2.77,4.955));
#8125=VECTOR('',#9387,6.6);
#8126=CARTESIAN_POINT('',(1.73,-2.07,4.955));
#8127=VECTOR('',#9388,6.6);
#8128=CARTESIAN_POINT('',(-1.27,-2.07,4.955));
#8129=VECTOR('',#9389,6.6);
#8130=CARTESIAN_POINT('',(-1.27,-0.23,4.955));
#8131=VECTOR('',#9390,6.6);
#8132=CARTESIAN_POINT('',(1.27,-0.23,4.955));
#8133=VECTOR('',#9391,6.6);
#8134=CARTESIAN_POINT('',(1.27,-2.77,4.955));
#8135=VECTOR('',#9392,6.6);
#8136=CARTESIAN_POINT('',(-0.57,-2.77,4.955));
#8137=VECTOR('',#9393,6.6);
#8138=CARTESIAN_POINT('',(1.27,0.23,4.955));
#8139=VECTOR('',#9394,6.6);
#8140=CARTESIAN_POINT('',(-0.57,0.23,4.955));
#8141=VECTOR('',#9395,6.6);
#8142=CARTESIAN_POINT('',(-1.27,0.93,4.955));
#8143=VECTOR('',#9396,6.6);
#8144=CARTESIAN_POINT('',(-1.27,2.77,4.955));
#8145=VECTOR('',#9397,6.6);
#8146=CARTESIAN_POINT('',(1.27,2.77,4.955));
#8147=VECTOR('',#9398,6.6);
#8148=CARTESIAN_POINT('',(-1.73,0.23,4.955));
#8149=VECTOR('',#9399,6.6);
#8150=CARTESIAN_POINT('',(-3.57,0.23,4.955));
#8151=VECTOR('',#9400,6.6);
#8152=CARTESIAN_POINT('',(-4.27,0.93,4.955));
#8153=VECTOR('',#9401,6.6);
#8154=CARTESIAN_POINT('',(-4.27,2.77,4.955));
#8155=VECTOR('',#9402,6.6);
#8156=CARTESIAN_POINT('',(-1.73,2.77,4.955));
#8157=VECTOR('',#9403,6.6);
#8158=CARTESIAN_POINT('',(-4.27,-0.23,4.955));
#8159=VECTOR('',#9404,6.6);
#8160=CARTESIAN_POINT('',(-1.73,-0.23,4.955));
#8161=VECTOR('',#9405,6.6);
#8162=CARTESIAN_POINT('',(-1.73,-2.77,4.955));
#8163=VECTOR('',#9406,6.6);
#8164=CARTESIAN_POINT('',(-3.57,-2.77,4.955));
#8165=VECTOR('',#9407,6.6);
#8166=CARTESIAN_POINT('',(-4.27,-2.07,4.955));
#8167=VECTOR('',#9408,6.6);
#8168=CARTESIAN_POINT('',(3.32,-1.15,-5.573266328441));
#8169=VECTOR('',#9409,0.64);
#8170=CARTESIAN_POINT('',(3.32,-1.15,2.555));
#8171=VECTOR('',#9410,0.64);
#8172=CARTESIAN_POINT('',(3.32,-1.15,-7.045));
#8173=VECTOR('',#9411,0.64);
#8174=CARTESIAN_POINT('',(3.32,-1.15,-7.295));
#8175=VECTOR('',#9412,0.64);
#8176=CARTESIAN_POINT('',(3.32,-1.359435522388,-8.135));
#8177=VECTOR('',#9413,0.64);
#8178=CARTESIAN_POINT('',(3.32,-1.580564477612,-8.135));
#8179=VECTOR('',#9414,0.64);
#8180=CARTESIAN_POINT('',(3.32,-1.79,-7.295));
#8181=VECTOR('',#9415,0.64);
#8182=CARTESIAN_POINT('',(3.32,-1.79,-7.045));
#8183=VECTOR('',#9416,0.64);
#8184=CARTESIAN_POINT('',(3.32,-1.79,-5.573266328441));
#8185=VECTOR('',#9417,0.64);
#8186=CARTESIAN_POINT('',(3.32,-1.79,2.555));
#8187=VECTOR('',#9418,0.64);
#8188=CARTESIAN_POINT('',(3.32,1.85,-5.573266328441));
#8189=VECTOR('',#9419,0.64);
#8190=CARTESIAN_POINT('',(3.32,1.85,2.555));
#8191=VECTOR('',#9420,0.64);
#8192=CARTESIAN_POINT('',(3.32,1.85,-7.045));
#8193=VECTOR('',#9421,0.64);
#8194=CARTESIAN_POINT('',(3.32,1.85,-7.295));
#8195=VECTOR('',#9422,0.64);
#8196=CARTESIAN_POINT('',(3.32,1.640564477612,-8.135));
#8197=VECTOR('',#9423,0.64);
#8198=CARTESIAN_POINT('',(3.32,1.419435522388,-8.135));
#8199=VECTOR('',#9424,0.64);
#8200=CARTESIAN_POINT('',(3.32,1.21,-7.295));
#8201=VECTOR('',#9425,0.64);
#8202=CARTESIAN_POINT('',(3.32,1.21,-7.045));
#8203=VECTOR('',#9426,0.64);
#8204=CARTESIAN_POINT('',(0.32,-0.29,-4.955));
#8205=CARTESIAN_POINT('',(0.32,-0.29,-4.285));
#8206=VECTOR('',#9427,0.67);
#8207=CARTESIAN_POINT('',(0.32,0.35,-4.955));
#8208=CARTESIAN_POINT('',(0.32,-0.29,-4.955));
#8209=VECTOR('',#9428,0.64);
#8210=CARTESIAN_POINT('',(0.32,0.35,-4.955));
#8211=VECTOR('',#9429,0.67);
#8212=CARTESIAN_POINT('',(0.32,1.21,-5.573266328441));
#8213=CARTESIAN_POINT('',(0.32,1.21,-4.285));
#8214=VECTOR('',#9430,1.288266328441);
#8215=CARTESIAN_POINT('',(0.32,1.21,-7.045));
#8216=AXIS2_PLACEMENT_3D('',#9431,#9432,#9433);
#8217=CARTESIAN_POINT('',(0.32,1.21,-7.295));
#8218=CARTESIAN_POINT('',(0.32,1.21,-7.045));
#8219=VECTOR('',#9434,0.25);
#8220=CARTESIAN_POINT('',(0.32,1.419435522388,-8.135));
#8221=CARTESIAN_POINT('',(0.32,1.21,-7.295));
#8222=VECTOR('',#9435,0.8657154486539);
#8223=CARTESIAN_POINT('',(0.32,1.640564477612,-8.135));
#8224=CARTESIAN_POINT('',(0.32,1.419435522388,-8.135));
#8225=VECTOR('',#9436,0.2211289552235);
#8226=CARTESIAN_POINT('',(0.32,1.85,-7.295));
#8227=CARTESIAN_POINT('',(0.32,1.640564477612,-8.135));
#8228=VECTOR('',#9437,0.8657154486539);
#8229=CARTESIAN_POINT('',(0.32,1.85,-7.045));
#8230=CARTESIAN_POINT('',(0.32,1.85,-7.295));
#8231=VECTOR('',#9438,0.25);
#8232=CARTESIAN_POINT('',(0.32,1.85,-5.573266328441));
#8233=AXIS2_PLACEMENT_3D('',#9439,#9440,#9441);
#8234=CARTESIAN_POINT('',(0.32,1.85,-5.573266328441));
#8235=VECTOR('',#9442,0.6182663284412);
#8236=CARTESIAN_POINT('',(0.32,1.85,2.555));
#8237=CARTESIAN_POINT('',(0.32,1.85,-1.645));
#8238=VECTOR('',#9443,4.2);
#8239=CARTESIAN_POINT('',(0.32,1.21,2.555));
#8240=CARTESIAN_POINT('',(0.32,1.85,2.555));
#8241=VECTOR('',#9444,0.64);
#8242=CARTESIAN_POINT('',(0.32,1.21,2.555));
#8243=VECTOR('',#9445,4.2);
#8244=CARTESIAN_POINT('',(0.32,-1.15,2.555));
#8245=CARTESIAN_POINT('',(0.32,-1.15,-1.645));
#8246=VECTOR('',#9446,4.2);
#8247=CARTESIAN_POINT('',(0.32,-1.79,2.555));
#8248=CARTESIAN_POINT('',(0.32,-1.15,2.555));
#8249=VECTOR('',#9447,0.64);
#8250=CARTESIAN_POINT('',(0.32,-1.79,2.555));
#8251=VECTOR('',#9448,4.2);
#8252=CARTESIAN_POINT('',(0.32,-1.79,-5.573266328441));
#8253=CARTESIAN_POINT('',(0.32,-1.79,-4.285));
#8254=VECTOR('',#9449,1.288266328441);
#8255=CARTESIAN_POINT('',(0.32,-1.79,-7.045));
#8256=AXIS2_PLACEMENT_3D('',#9450,#9451,#9452);
#8257=CARTESIAN_POINT('',(0.32,-1.79,-7.295));
#8258=CARTESIAN_POINT('',(0.32,-1.79,-7.045));
#8259=VECTOR('',#9453,0.25);
#8260=CARTESIAN_POINT('',(0.32,-1.580564477612,-8.135));
#8261=CARTESIAN_POINT('',(0.32,-1.79,-7.295));
#8262=VECTOR('',#9454,0.8657154486539);
#8263=CARTESIAN_POINT('',(0.32,-1.359435522388,-8.135));
#8264=CARTESIAN_POINT('',(0.32,-1.580564477612,-8.135));
#8265=VECTOR('',#9455,0.2211289552235);
#8266=CARTESIAN_POINT('',(0.32,-1.15,-7.295));
#8267=CARTESIAN_POINT('',(0.32,-1.359435522388,-8.135));
#8268=VECTOR('',#9456,0.8657154486539);
#8269=CARTESIAN_POINT('',(0.32,-1.15,-7.045));
#8270=CARTESIAN_POINT('',(0.32,-1.15,-7.295));
#8271=VECTOR('',#9457,0.25);
#8272=CARTESIAN_POINT('',(0.32,-1.15,-5.573266328441));
#8273=AXIS2_PLACEMENT_3D('',#9458,#9459,#9460);
#8274=CARTESIAN_POINT('',(0.32,-1.15,-5.573266328441));
#8275=VECTOR('',#9461,1.288266328441);
#8276=CARTESIAN_POINT('',(-0.32,0.35,-4.955));
#8277=CARTESIAN_POINT('',(0.32,0.35,-4.955));
#8278=VECTOR('',#9462,0.64);
#8279=CARTESIAN_POINT('',(-0.32,0.35,-4.955));
#8280=VECTOR('',#9463,0.67);
#8281=CARTESIAN_POINT('',(-0.2985,0.35,-3.955));
#8282=CARTESIAN_POINT('',(-0.2985,0.35,-4.285));
#8283=VECTOR('',#9464,0.33);
#8284=CARTESIAN_POINT('',(0.2985,0.35,-3.955));
#8285=CARTESIAN_POINT('',(-0.2985,0.35,-3.955));
#8286=VECTOR('',#9465,0.597);
#8287=CARTESIAN_POINT('',(0.2985,0.35,-3.955));
#8288=VECTOR('',#9466,0.33);
#8289=CARTESIAN_POINT('',(0.2985,-1.79,-3.955));
#8290=CARTESIAN_POINT('',(0.2985,-1.79,-3.955));
#8291=VECTOR('',#9467,1.64);
#8292=CARTESIAN_POINT('',(0.2985,-1.79,-3.955));
#8293=VECTOR('',#9468,0.33);
#8294=CARTESIAN_POINT('',(0.2985,1.85,-3.955));
#8295=CARTESIAN_POINT('',(0.2985,1.85,-3.955));
#8296=VECTOR('',#9469,1.0);
#8297=CARTESIAN_POINT('',(0.2985,3.175,-3.955));
#8298=VECTOR('',#9470,1.325);
#8299=CARTESIAN_POINT('',(0.2985,1.21,-3.955));
#8300=CARTESIAN_POINT('',(0.2985,1.21,-3.955));
#8301=VECTOR('',#9471,0.33);
#8302=CARTESIAN_POINT('',(0.2985,1.21,-3.955));
#8303=VECTOR('',#9472,0.86);
#8304=CARTESIAN_POINT('',(0.2985,-1.15,-3.955));
#8305=CARTESIAN_POINT('',(0.2985,-1.15,-3.955));
#8306=VECTOR('',#9473,0.33);
#8307=CARTESIAN_POINT('',(0.2985,-0.29,-3.955));
#8308=CARTESIAN_POINT('',(0.2985,-0.29,-3.955));
#8309=VECTOR('',#9474,0.86);
#8310=CARTESIAN_POINT('',(0.2985,-0.29,-3.955));
#8311=VECTOR('',#9475,0.33);
#8312=CARTESIAN_POINT('',(-0.32,-1.79,2.555));
#8313=CARTESIAN_POINT('',(0.32,-1.79,2.555));
#8314=VECTOR('',#9476,0.64);
#8315=CARTESIAN_POINT('',(-0.32,-1.79,2.555));
#8316=VECTOR('',#9477,4.2);
#8317=CARTESIAN_POINT('',(-0.32,-1.79,-5.573266328441));
#8318=CARTESIAN_POINT('',(-0.32,-1.79,-4.285));
#8319=VECTOR('',#9478,1.288266328441);
#8320=CARTESIAN_POINT('',(0.32,-1.79,-5.573266328441));
#8321=VECTOR('',#9479,0.64);
#8322=CARTESIAN_POINT('',(-0.2985,-1.79,-3.955));
#8323=CARTESIAN_POINT('',(-0.2985,-1.79,-3.955));
#8324=VECTOR('',#9480,0.597);
#8325=CARTESIAN_POINT('',(-0.2985,-1.79,-4.285));
#8326=VECTOR('',#9481,0.33);
#8327=CARTESIAN_POINT('',(-0.32,-0.29,-4.955));
#8328=CARTESIAN_POINT('',(-0.32,-0.29,-4.955));
#8329=VECTOR('',#9482,0.64);
#8330=CARTESIAN_POINT('',(-0.32,-0.29,-4.285));
#8331=VECTOR('',#9483,0.67);
#8332=CARTESIAN_POINT('',(-0.32,1.85,-5.573266328441));
#8333=CARTESIAN_POINT('',(-0.32,1.85,-5.573266328441));
#8334=VECTOR('',#9484,0.6182663284412);
#8335=CARTESIAN_POINT('',(-0.32,1.85,-7.045));
#8336=AXIS2_PLACEMENT_3D('',#9485,#9486,#9487);
#8337=CARTESIAN_POINT('',(-0.32,1.85,-7.295));
#8338=CARTESIAN_POINT('',(-0.32,1.85,-7.295));
#8339=VECTOR('',#9488,0.25);
#8340=CARTESIAN_POINT('',(-0.32,1.640564477612,-8.135));
#8341=CARTESIAN_POINT('',(-0.32,1.640564477612,-8.135));
#8342=VECTOR('',#9489,0.8657154486539);
#8343=CARTESIAN_POINT('',(-0.32,1.419435522388,-8.135));
#8344=CARTESIAN_POINT('',(-0.32,1.419435522388,-8.135));
#8345=VECTOR('',#9490,0.2211289552235);
#8346=CARTESIAN_POINT('',(-0.32,1.21,-7.295));
#8347=CARTESIAN_POINT('',(-0.32,1.21,-7.295));
#8348=VECTOR('',#9491,0.8657154486539);
#8349=CARTESIAN_POINT('',(-0.32,1.21,-7.045));
#8350=CARTESIAN_POINT('',(-0.32,1.21,-7.045));
#8351=VECTOR('',#9492,0.25);
#8352=CARTESIAN_POINT('',(-0.32,1.21,-5.573266328441));
#8353=AXIS2_PLACEMENT_3D('',#9493,#9494,#9495);
#8354=CARTESIAN_POINT('',(-0.32,1.21,-4.285));
#8355=VECTOR('',#9496,1.288266328441);
#8356=CARTESIAN_POINT('',(-0.32,1.85,2.555));
#8357=CARTESIAN_POINT('',(-0.32,1.21,2.555));
#8358=CARTESIAN_POINT('',(-0.32,1.85,2.555));
#8359=VECTOR('',#9497,0.64);
#8360=CARTESIAN_POINT('',(-0.32,1.85,-1.645));
#8361=VECTOR('',#9498,4.2);
#8362=CARTESIAN_POINT('',(-0.32,1.21,2.555));
#8363=VECTOR('',#9499,4.2);
#8364=CARTESIAN_POINT('',(-0.32,-1.15,2.555));
#8365=CARTESIAN_POINT('',(-0.32,-1.15,2.555));
#8366=VECTOR('',#9500,0.64);
#8367=CARTESIAN_POINT('',(-0.32,-1.15,-1.645));
#8368=VECTOR('',#9501,4.2);
#8369=CARTESIAN_POINT('',(-0.32,-1.15,-7.045));
#8370=CARTESIAN_POINT('',(-0.32,-1.15,-5.573266328441));
#8371=AXIS2_PLACEMENT_3D('',#9502,#9503,#9504);
#8372=CARTESIAN_POINT('',(-0.32,-1.15,-7.295));
#8373=CARTESIAN_POINT('',(-0.32,-1.15,-7.295));
#8374=VECTOR('',#9505,0.25);
#8375=CARTESIAN_POINT('',(-0.32,-1.359435522388,-8.135));
#8376=CARTESIAN_POINT('',(-0.32,-1.359435522388,-8.135));
#8377=VECTOR('',#9506,0.8657154486539);
#8378=CARTESIAN_POINT('',(-0.32,-1.580564477612,-8.135));
#8379=CARTESIAN_POINT('',(-0.32,-1.580564477612,-8.135));
#8380=VECTOR('',#9507,0.2211289552235);
#8381=CARTESIAN_POINT('',(-0.32,-1.79,-7.295));
#8382=CARTESIAN_POINT('',(-0.32,-1.79,-7.295));
#8383=VECTOR('',#9508,0.8657154486539);
#8384=CARTESIAN_POINT('',(-0.32,-1.79,-7.045));
#8385=CARTESIAN_POINT('',(-0.32,-1.79,-7.045));
#8386=VECTOR('',#9509,0.25);
#8387=AXIS2_PLACEMENT_3D('',#9510,#9511,#9512);
#8388=CARTESIAN_POINT('',(-0.32,-1.15,-5.573266328441));
#8389=VECTOR('',#9513,1.288266328441);
#8390=CARTESIAN_POINT('',(-0.2985,-0.29,-3.955));
#8391=CARTESIAN_POINT('',(-0.2985,-0.29,-3.955));
#8392=VECTOR('',#9514,0.597);
#8393=CARTESIAN_POINT('',(-0.2985,-0.29,-4.285));
#8394=VECTOR('',#9515,0.33);
#8395=CARTESIAN_POINT('',(0.32,-0.29,-4.955));
#8396=VECTOR('',#9516,0.64);
#8397=CARTESIAN_POINT('',(-0.2985,-1.79,-3.955));
#8398=VECTOR('',#9517,1.64);
#8399=CARTESIAN_POINT('',(-0.2985,1.85,-3.955));
#8400=CARTESIAN_POINT('',(-0.2985,3.175,-3.955));
#8401=VECTOR('',#9518,1.325);
#8402=CARTESIAN_POINT('',(-0.2985,1.85,-4.955));
#8403=VECTOR('',#9519,1.0);
#8404=CARTESIAN_POINT('',(-0.2985,1.21,-3.955));
#8405=CARTESIAN_POINT('',(-0.2985,1.21,-4.285));
#8406=VECTOR('',#9520,0.33);
#8407=CARTESIAN_POINT('',(-0.2985,1.21,-3.955));
#8408=VECTOR('',#9521,0.86);
#8409=CARTESIAN_POINT('',(-0.2985,-1.15,-3.955));
#8410=CARTESIAN_POINT('',(-0.2985,-0.29,-3.955));
#8411=VECTOR('',#9522,0.86);
#8412=CARTESIAN_POINT('',(-0.2985,-1.15,-4.285));
#8413=VECTOR('',#9523,0.33);
#8414=CARTESIAN_POINT('',(-0.2985,1.85,-3.955));
#8415=VECTOR('',#9524,0.597);
#8416=CARTESIAN_POINT('',(-0.2985,1.21,-3.955));
#8417=VECTOR('',#9525,0.597);
#8418=CARTESIAN_POINT('',(-0.2985,-1.15,-3.955));
#8419=VECTOR('',#9526,0.597);
#8420=CARTESIAN_POINT('',(0.32,1.85,-5.573266328441));
#8421=VECTOR('',#9527,0.64);
#8422=CARTESIAN_POINT('',(0.32,1.85,2.555));
#8423=VECTOR('',#9528,0.64);
#8424=CARTESIAN_POINT('',(0.32,1.85,-7.045));
#8425=VECTOR('',#9529,0.64);
#8426=CARTESIAN_POINT('',(0.32,1.85,-7.295));
#8427=VECTOR('',#9530,0.64);
#8428=CARTESIAN_POINT('',(0.32,1.640564477612,-8.135));
#8429=VECTOR('',#9531,0.64);
#8430=CARTESIAN_POINT('',(0.32,1.419435522388,-8.135));
#8431=VECTOR('',#9532,0.64);
#8432=CARTESIAN_POINT('',(0.32,1.21,-7.295));
#8433=VECTOR('',#9533,0.64);
#8434=CARTESIAN_POINT('',(0.32,1.21,-7.045));
#8435=VECTOR('',#9534,0.64);
#8436=CARTESIAN_POINT('',(0.32,1.21,-5.573266328441));
#8437=VECTOR('',#9535,0.64);
#8438=CARTESIAN_POINT('',(0.32,1.21,2.555));
#8439=VECTOR('',#9536,0.64);
#8440=CARTESIAN_POINT('',(0.32,-1.15,-5.573266328441));
#8441=VECTOR('',#9537,0.64);
#8442=CARTESIAN_POINT('',(0.32,-1.15,2.555));
#8443=VECTOR('',#9538,0.64);
#8444=CARTESIAN_POINT('',(0.32,-1.15,-7.045));
#8445=VECTOR('',#9539,0.64);
#8446=CARTESIAN_POINT('',(0.32,-1.15,-7.295));
#8447=VECTOR('',#9540,0.64);
#8448=CARTESIAN_POINT('',(0.32,-1.359435522388,-8.135));
#8449=VECTOR('',#9541,0.64);
#8450=CARTESIAN_POINT('',(0.32,-1.580564477612,-8.135));
#8451=VECTOR('',#9542,0.64);
#8452=CARTESIAN_POINT('',(0.32,-1.79,-7.295));
#8453=VECTOR('',#9543,0.64);
#8454=CARTESIAN_POINT('',(0.32,-1.79,-7.045));
#8455=VECTOR('',#9544,0.64);
#8456=CARTESIAN_POINT('',(-2.68,-0.29,-4.955));
#8457=CARTESIAN_POINT('',(-2.68,-0.29,-4.285));
#8458=VECTOR('',#9545,0.67);
#8459=CARTESIAN_POINT('',(-2.68,0.35,-4.955));
#8460=CARTESIAN_POINT('',(-2.68,-0.29,-4.955));
#8461=VECTOR('',#9546,0.64);
#8462=CARTESIAN_POINT('',(-2.68,0.35,-4.955));
#8463=VECTOR('',#9547,0.67);
#8464=CARTESIAN_POINT('',(-2.68,1.85,2.555));
#8465=CARTESIAN_POINT('',(-2.68,1.85,-1.645));
#8466=VECTOR('',#9548,4.2);
#8467=CARTESIAN_POINT('',(-2.68,1.21,2.555));
#8468=CARTESIAN_POINT('',(-2.68,1.85,2.555));
#8469=VECTOR('',#9549,0.64);
#8470=CARTESIAN_POINT('',(-2.68,1.21,2.555));
#8471=VECTOR('',#9550,4.2);
#8472=CARTESIAN_POINT('',(-2.68,1.21,-5.573266328441));
#8473=CARTESIAN_POINT('',(-2.68,1.21,-4.285));
#8474=VECTOR('',#9551,1.288266328441);
#8475=CARTESIAN_POINT('',(-2.68,1.21,-7.045));
#8476=AXIS2_PLACEMENT_3D('',#9552,#9553,#9554);
#8477=CARTESIAN_POINT('',(-2.68,1.21,-7.295));
#8478=CARTESIAN_POINT('',(-2.68,1.21,-7.045));
#8479=VECTOR('',#9555,0.25);
#8480=CARTESIAN_POINT('',(-2.68,1.419435522388,-8.135));
#8481=CARTESIAN_POINT('',(-2.68,1.21,-7.295));
#8482=VECTOR('',#9556,0.8657154486539);
#8483=CARTESIAN_POINT('',(-2.68,1.640564477612,-8.135));
#8484=CARTESIAN_POINT('',(-2.68,1.419435522388,-8.135));
#8485=VECTOR('',#9557,0.2211289552235);
#8486=CARTESIAN_POINT('',(-2.68,1.85,-7.295));
#8487=CARTESIAN_POINT('',(-2.68,1.640564477612,-8.135));
#8488=VECTOR('',#9558,0.8657154486539);
#8489=CARTESIAN_POINT('',(-2.68,1.85,-7.045));
#8490=CARTESIAN_POINT('',(-2.68,1.85,-7.295));
#8491=VECTOR('',#9559,0.25);
#8492=CARTESIAN_POINT('',(-2.68,1.85,-5.573266328441));
#8493=AXIS2_PLACEMENT_3D('',#9560,#9561,#9562);
#8494=CARTESIAN_POINT('',(-2.68,1.85,-5.573266328441));
#8495=VECTOR('',#9563,0.6182663284412);
#8496=CARTESIAN_POINT('',(-2.68,-1.15,2.555));
#8497=CARTESIAN_POINT('',(-2.68,-1.15,-1.645));
#8498=VECTOR('',#9564,4.2);
#8499=CARTESIAN_POINT('',(-2.68,-1.79,2.555));
#8500=CARTESIAN_POINT('',(-2.68,-1.15,2.555));
#8501=VECTOR('',#9565,0.64);
#8502=CARTESIAN_POINT('',(-2.68,-1.79,2.555));
#8503=VECTOR('',#9566,4.2);
#8504=CARTESIAN_POINT('',(-2.68,-1.79,-5.573266328441));
#8505=CARTESIAN_POINT('',(-2.68,-1.79,-4.285));
#8506=VECTOR('',#9567,1.288266328441);
#8507=CARTESIAN_POINT('',(-2.68,-1.79,-7.045));
#8508=AXIS2_PLACEMENT_3D('',#9568,#9569,#9570);
#8509=CARTESIAN_POINT('',(-2.68,-1.79,-7.295));
#8510=CARTESIAN_POINT('',(-2.68,-1.79,-7.045));
#8511=VECTOR('',#9571,0.25);
#8512=CARTESIAN_POINT('',(-2.68,-1.580564477612,-8.135));
#8513=CARTESIAN_POINT('',(-2.68,-1.79,-7.295));
#8514=VECTOR('',#9572,0.8657154486539);
#8515=CARTESIAN_POINT('',(-2.68,-1.359435522388,-8.135));
#8516=CARTESIAN_POINT('',(-2.68,-1.580564477612,-8.135));
#8517=VECTOR('',#9573,0.2211289552235);
#8518=CARTESIAN_POINT('',(-2.68,-1.15,-7.295));
#8519=CARTESIAN_POINT('',(-2.68,-1.359435522388,-8.135));
#8520=VECTOR('',#9574,0.8657154486539);
#8521=CARTESIAN_POINT('',(-2.68,-1.15,-7.045));
#8522=CARTESIAN_POINT('',(-2.68,-1.15,-7.295));
#8523=VECTOR('',#9575,0.25);
#8524=CARTESIAN_POINT('',(-2.68,-1.15,-5.573266328441));
#8525=AXIS2_PLACEMENT_3D('',#9576,#9577,#9578);
#8526=CARTESIAN_POINT('',(-2.68,-1.15,-5.573266328441));
#8527=VECTOR('',#9579,1.288266328441);
#8528=CARTESIAN_POINT('',(-3.32,0.35,-4.955));
#8529=CARTESIAN_POINT('',(-2.68,0.35,-4.955));
#8530=VECTOR('',#9580,0.64);
#8531=CARTESIAN_POINT('',(-3.32,0.35,-4.955));
#8532=VECTOR('',#9581,0.67);
#8533=CARTESIAN_POINT('',(-2.7015,0.35,-3.955));
#8534=CARTESIAN_POINT('',(-3.2985,0.35,-3.955));
#8535=VECTOR('',#9582,0.597);
#8536=CARTESIAN_POINT('',(-2.7015,0.35,-3.955));
#8537=VECTOR('',#9583,0.33);
#8538=CARTESIAN_POINT('',(-2.7015,-1.79,-3.955));
#8539=CARTESIAN_POINT('',(-2.7015,-1.79,-3.955));
#8540=VECTOR('',#9584,1.64);
#8541=CARTESIAN_POINT('',(-2.7015,-1.79,-3.955));
#8542=VECTOR('',#9585,0.33);
#8543=CARTESIAN_POINT('',(-2.7015,1.85,-3.955));
#8544=CARTESIAN_POINT('',(-2.7015,1.85,-3.955));
#8545=VECTOR('',#9586,1.0);
#8546=CARTESIAN_POINT('',(-2.7015,3.175,-3.955));
#8547=VECTOR('',#9587,1.325);
#8548=CARTESIAN_POINT('',(-2.7015,1.21,-3.955));
#8549=CARTESIAN_POINT('',(-2.7015,1.21,-3.955));
#8550=VECTOR('',#9588,0.33);
#8551=CARTESIAN_POINT('',(-2.7015,1.21,-3.955));
#8552=VECTOR('',#9589,0.86);
#8553=CARTESIAN_POINT('',(-2.7015,-1.15,-3.955));
#8554=CARTESIAN_POINT('',(-2.7015,-1.15,-3.955));
#8555=VECTOR('',#9590,0.33);
#8556=CARTESIAN_POINT('',(-2.7015,-0.29,-3.955));
#8557=CARTESIAN_POINT('',(-2.7015,-0.29,-3.955));
#8558=VECTOR('',#9591,0.86);
#8559=CARTESIAN_POINT('',(-2.7015,-0.29,-3.955));
#8560=VECTOR('',#9592,0.33);
#8561=CARTESIAN_POINT('',(-3.32,-1.79,2.555));
#8562=CARTESIAN_POINT('',(-2.68,-1.79,2.555));
#8563=VECTOR('',#9593,0.64);
#8564=CARTESIAN_POINT('',(-3.32,-1.79,2.555));
#8565=VECTOR('',#9594,4.2);
#8566=CARTESIAN_POINT('',(-3.32,-1.79,-5.573266328441));
#8567=CARTESIAN_POINT('',(-3.32,-1.79,-4.285));
#8568=VECTOR('',#9595,1.288266328441);
#8569=CARTESIAN_POINT('',(-2.68,-1.79,-5.573266328441));
#8570=VECTOR('',#9596,0.64);
#8571=CARTESIAN_POINT('',(-3.2985,-1.79,-3.955));
#8572=VECTOR('',#9597,0.597);
#8573=CARTESIAN_POINT('',(-3.32,-0.29,-4.955));
#8574=CARTESIAN_POINT('',(-3.32,-0.29,-4.955));
#8575=VECTOR('',#9598,0.64);
#8576=CARTESIAN_POINT('',(-3.32,-0.29,-4.285));
#8577=VECTOR('',#9599,0.67);
#8578=CARTESIAN_POINT('',(-3.32,1.85,2.555));
#8579=CARTESIAN_POINT('',(-3.32,1.21,2.555));
#8580=CARTESIAN_POINT('',(-3.32,1.85,2.555));
#8581=VECTOR('',#9600,0.64);
#8582=CARTESIAN_POINT('',(-3.32,1.85,-1.645));
#8583=VECTOR('',#9601,4.2);
#8584=CARTESIAN_POINT('',(-3.32,1.21,2.555));
#8585=VECTOR('',#9602,4.2);
#8586=CARTESIAN_POINT('',(-3.32,1.85,-7.045));
#8587=CARTESIAN_POINT('',(-3.32,1.85,-5.573266328441));
#8588=AXIS2_PLACEMENT_3D('',#9603,#9604,#9605);
#8589=CARTESIAN_POINT('',(-3.32,1.85,-7.295));
#8590=CARTESIAN_POINT('',(-3.32,1.85,-7.295));
#8591=VECTOR('',#9606,0.25);
#8592=CARTESIAN_POINT('',(-3.32,1.640564477612,-8.135));
#8593=CARTESIAN_POINT('',(-3.32,1.640564477612,-8.135));
#8594=VECTOR('',#9607,0.8657154486539);
#8595=CARTESIAN_POINT('',(-3.32,1.419435522388,-8.135));
#8596=CARTESIAN_POINT('',(-3.32,1.419435522388,-8.135));
#8597=VECTOR('',#9608,0.2211289552235);
#8598=CARTESIAN_POINT('',(-3.32,1.21,-7.295));
#8599=CARTESIAN_POINT('',(-3.32,1.21,-7.295));
#8600=VECTOR('',#9609,0.8657154486539);
#8601=CARTESIAN_POINT('',(-3.32,1.21,-7.045));
#8602=CARTESIAN_POINT('',(-3.32,1.21,-7.045));
#8603=VECTOR('',#9610,0.25);
#8604=CARTESIAN_POINT('',(-3.32,1.21,-5.573266328441));
#8605=AXIS2_PLACEMENT_3D('',#9611,#9612,#9613);
#8606=CARTESIAN_POINT('',(-3.32,1.21,-4.285));
#8607=VECTOR('',#9614,1.288266328441);
#8608=CARTESIAN_POINT('',(-3.32,1.85,-5.573266328441));
#8609=VECTOR('',#9615,0.6182663284412);
#8610=CARTESIAN_POINT('',(-3.32,-1.15,2.555));
#8611=CARTESIAN_POINT('',(-3.32,-1.15,2.555));
#8612=VECTOR('',#9616,0.64);
#8613=CARTESIAN_POINT('',(-3.32,-1.15,-1.645));
#8614=VECTOR('',#9617,4.2);
#8615=CARTESIAN_POINT('',(-3.32,-1.15,-7.045));
#8616=CARTESIAN_POINT('',(-3.32,-1.15,-5.573266328441));
#8617=AXIS2_PLACEMENT_3D('',#9618,#9619,#9620);
#8618=CARTESIAN_POINT('',(-3.32,-1.15,-7.295));
#8619=CARTESIAN_POINT('',(-3.32,-1.15,-7.295));
#8620=VECTOR('',#9621,0.25);
#8621=CARTESIAN_POINT('',(-3.32,-1.359435522388,-8.135));
#8622=CARTESIAN_POINT('',(-3.32,-1.359435522388,-8.135));
#8623=VECTOR('',#9622,0.8657154486539);
#8624=CARTESIAN_POINT('',(-3.32,-1.580564477612,-8.135));
#8625=CARTESIAN_POINT('',(-3.32,-1.580564477612,-8.135));
#8626=VECTOR('',#9623,0.2211289552235);
#8627=CARTESIAN_POINT('',(-3.32,-1.79,-7.295));
#8628=CARTESIAN_POINT('',(-3.32,-1.79,-7.295));
#8629=VECTOR('',#9624,0.8657154486539);
#8630=CARTESIAN_POINT('',(-3.32,-1.79,-7.045));
#8631=CARTESIAN_POINT('',(-3.32,-1.79,-7.045));
#8632=VECTOR('',#9625,0.25);
#8633=AXIS2_PLACEMENT_3D('',#9626,#9627,#9628);
#8634=CARTESIAN_POINT('',(-3.32,-1.15,-5.573266328441));
#8635=VECTOR('',#9629,1.288266328441);
#8636=CARTESIAN_POINT('',(-3.2985,-0.29,-3.955));
#8637=VECTOR('',#9630,0.597);
#8638=CARTESIAN_POINT('',(-2.68,-0.29,-4.955));
#8639=VECTOR('',#9631,0.64);
#8640=CARTESIAN_POINT('',(-3.2985,1.85,-3.955));
#8641=VECTOR('',#9632,0.597);
#8642=CARTESIAN_POINT('',(-3.2985,1.21,-3.955));
#8643=VECTOR('',#9633,0.597);
#8644=CARTESIAN_POINT('',(-3.2985,-1.15,-3.955));
#8645=VECTOR('',#9634,0.597);
#8646=CARTESIAN_POINT('',(-2.68,1.85,-5.573266328441));
#8647=VECTOR('',#9635,0.64);
#8648=CARTESIAN_POINT('',(-2.68,1.85,2.555));
#8649=VECTOR('',#9636,0.64);
#8650=CARTESIAN_POINT('',(-2.68,1.85,-7.045));
#8651=VECTOR('',#9637,0.64);
#8652=CARTESIAN_POINT('',(-2.68,1.85,-7.295));
#8653=VECTOR('',#9638,0.64);
#8654=CARTESIAN_POINT('',(-2.68,1.640564477612,-8.135));
#8655=VECTOR('',#9639,0.64);
#8656=CARTESIAN_POINT('',(-2.68,1.419435522388,-8.135));
#8657=VECTOR('',#9640,0.64);
#8658=CARTESIAN_POINT('',(-2.68,1.21,-7.295));
#8659=VECTOR('',#9641,0.64);
#8660=CARTESIAN_POINT('',(-2.68,1.21,-7.045));
#8661=VECTOR('',#9642,0.64);
#8662=CARTESIAN_POINT('',(-2.68,1.21,-5.573266328441));
#8663=VECTOR('',#9643,0.64);
#8664=CARTESIAN_POINT('',(-2.68,1.21,2.555));
#8665=VECTOR('',#9644,0.64);
#8666=CARTESIAN_POINT('',(-2.68,-1.15,-5.573266328441));
#8667=VECTOR('',#9645,0.64);
#8668=CARTESIAN_POINT('',(-2.68,-1.15,2.555));
#8669=VECTOR('',#9646,0.64);
#8670=CARTESIAN_POINT('',(-2.68,-1.15,-7.045));
#8671=VECTOR('',#9647,0.64);
#8672=CARTESIAN_POINT('',(-2.68,-1.15,-7.295));
#8673=VECTOR('',#9648,0.64);
#8674=CARTESIAN_POINT('',(-2.68,-1.359435522388,-8.135));
#8675=VECTOR('',#9649,0.64);
#8676=CARTESIAN_POINT('',(-2.68,-1.580564477612,-8.135));
#8677=VECTOR('',#9650,0.64);
#8678=CARTESIAN_POINT('',(-2.68,-1.79,-7.295));
#8679=VECTOR('',#9651,0.64);
#8680=CARTESIAN_POINT('',(-2.68,-1.79,-7.045));
#8681=VECTOR('',#9652,0.64);
#8682=CARTESIAN_POINT('',(3.32,-0.29,-4.955));
#8683=VECTOR('',#9653,0.64);
#8684=CARTESIAN_POINT('',(-6.575,1.1,-0.345));
#8685=VECTOR('',#9654,1.65);
#8686=CARTESIAN_POINT('',(-6.575,0.575,-0.345));
#8687=VECTOR('',#9655,1.65);
#8688=CARTESIAN_POINT('',(-6.575,0.575,-2.845));
#8689=VECTOR('',#9656,1.65);
#8690=CARTESIAN_POINT('',(-6.575,-0.575,-2.845));
#8691=VECTOR('',#9657,1.65);
#8692=CARTESIAN_POINT('',(-6.575,-0.575,-0.345));
#8693=VECTOR('',#9658,1.65);
#8694=CARTESIAN_POINT('',(5.575,0.95,-3.685));
#8695=CARTESIAN_POINT('',(6.575,0.95,-3.685));
#8696=VECTOR('',#9659,1.0);
#8697=CARTESIAN_POINT('',(5.575,0.95,-4.285));
#8698=VECTOR('',#9660,0.6);
#8699=CARTESIAN_POINT('',(5.575,-0.95,-3.685));
#8700=CARTESIAN_POINT('',(5.575,0.95,-3.685));
#8701=VECTOR('',#9661,1.9);
#8702=CARTESIAN_POINT('',(5.575,-0.95,-3.685));
#8703=VECTOR('',#9662,0.6);
#8704=CARTESIAN_POINT('',(6.575,-0.95,-3.685));
#8705=VECTOR('',#9663,1.0);
#8706=CARTESIAN_POINT('',(4.805,3.43,-3.105));
#8707=VECTOR('',#9664,0.255);
#8708=CARTESIAN_POINT('',(-6.43,2.47,-5.484999370236));
#8709=CARTESIAN_POINT('',(-6.43,2.47,-4.955));
#8710=VECTOR('',#9665,0.5299996963104);
#8711=CARTESIAN_POINT('',(-5.57,2.47,-4.955));
#8712=VECTOR('',#9666,0.5299996963104);
#8713=AXIS2_PLACEMENT_3D('',#9667,#9668,#9669);
#8714=CARTESIAN_POINT('',(-6.099999785729,2.47,-5.814999931715));
#8715=AXIS2_PLACEMENT_3D('',#9670,#9671,#9672);
#8716=CARTESIAN_POINT('',(-6.099999905797,2.469999999909,-5.814999905833));
#8717=VECTOR('',#9673,0.4666904755265);
#8718=CARTESIAN_POINT('',(5.900000214271,2.47,-5.814999931715));
#8719=AXIS2_PLACEMENT_3D('',#9674,#9675,#9676);
#8720=AXIS2_PLACEMENT_3D('',#9677,#9678,#9679);
#8721=AXIS2_PLACEMENT_3D('',#9680,#9681,#9682);
#8722=CARTESIAN_POINT('',(5.57,2.47,-5.484999370236));
#8723=AXIS2_PLACEMENT_3D('',#9683,#9684,#9685);
#8724=CARTESIAN_POINT('',(5.900000094203,2.469999999909,-5.814999905833));
#8725=VECTOR('',#9686,0.4666904755265);
#8726=AXIS2_PLACEMENT_3D('',#9687,#9688,#9689);
#8727=CARTESIAN_POINT('',(5.57,2.47,-4.955));
#8728=VECTOR('',#9690,0.5299996963104);
#8729=CARTESIAN_POINT('',(6.43,2.47,-4.955));
#8730=VECTOR('',#9691,0.5299996963104);
#8731=AXIS2_PLACEMENT_3D('',#9692,#9693,#9694);
#8732=CARTESIAN_POINT('',(6.325,-2.1175,1.555));
#8733=CARTESIAN_POINT('',(6.325,-2.1175,1.555));
#8734=VECTOR('',#9695,0.23);
#8735=CARTESIAN_POINT('',(6.325,-2.27375,1.555));
#8736=CARTESIAN_POINT('',(6.325,-2.27375,1.555));
#8737=VECTOR('',#9696,0.15625);
#8738=CARTESIAN_POINT('',(6.325,-2.27375,1.785));
#8739=VECTOR('',#9697,0.23);
#8740=CARTESIAN_POINT('',(6.275,-2.27375,1.555));
#8741=CARTESIAN_POINT('',(6.325,-2.27375,1.555));
#8742=VECTOR('',#9698,0.05);
#8743=CARTESIAN_POINT('',(6.275,-2.27375,2.592234067917));
#8744=CARTESIAN_POINT('',(6.275,-2.27375,2.592234067917));
#8745=VECTOR('',#9699,1.037234067917);
#8746=CARTESIAN_POINT('',(6.325,-2.27375,2.592234067917));
#8747=VECTOR('',#9700,0.05);
#8748=CARTESIAN_POINT('',(6.275,-2.43,2.406063802838));
#8749=CARTESIAN_POINT('',(6.275,-2.43,2.406063802838));
#8750=VECTOR('',#9701,0.2430502624961);
#8751=CARTESIAN_POINT('',(6.325,-2.43,2.406063802838));
#8752=VECTOR('',#9702,0.05);
#8753=CARTESIAN_POINT('',(6.275,-2.43,2.618829809427));
#8754=CARTESIAN_POINT('',(6.275,-2.43,2.618829809427));
#8755=VECTOR('',#9703,0.2127660065889);
#8756=CARTESIAN_POINT('',(6.325,-2.43,2.618829809427));
#8757=VECTOR('',#9704,0.05);
#8758=CARTESIAN_POINT('',(6.275,-2.27375,2.805));
#8759=CARTESIAN_POINT('',(6.275,-2.27375,2.805));
#8760=VECTOR('',#9705,0.2430502054266);
#8761=CARTESIAN_POINT('',(6.325,-2.27375,2.805));
#8762=VECTOR('',#9706,0.05);
#8763=CARTESIAN_POINT('',(6.275,-2.1175,2.805));
#8764=CARTESIAN_POINT('',(6.275,-2.1175,2.805));
#8765=VECTOR('',#9707,0.15625);
#8766=CARTESIAN_POINT('',(6.325,-2.1175,2.805));
#8767=VECTOR('',#9708,0.05);
#8768=CARTESIAN_POINT('',(6.275,-2.1175,1.555));
#8769=CARTESIAN_POINT('',(6.275,-2.1175,1.555));
#8770=VECTOR('',#9709,1.25);
#8771=CARTESIAN_POINT('',(6.325,-2.1175,1.555));
#8772=VECTOR('',#9710,0.05);
#8773=CARTESIAN_POINT('',(6.275,-2.27375,1.555));
#8774=VECTOR('',#9711,0.15625);
#8775=DIRECTION('',(-0.0,-0.707105782199189,0.707107780172495));
#8776=CARTESIAN_POINT('',(-6.0,2.47,-5.814999931715));
#8777=DIRECTION('',(0.0,0.0,-1.0));
#8778=DIRECTION('',(1.0,2.220450807022E-14,0.0));
#8779=DIRECTION('',(0.707106332147005,4.31636496797103E-10,0.707107230225805));
#8780=CARTESIAN_POINT('',(-6.0,2.47,-5.484999370236));
#8781=DIRECTION('',(0.0,0.0,-1.0));
#8782=DIRECTION('',(1.0,0.0,0.0));
#8783=DIRECTION('',(0.0,-0.707105782199189,-0.707107780172495));
#8784=CARTESIAN_POINT('',(6.0,2.47,-5.484999370236));
#8785=DIRECTION('',(0.0,0.0,-1.0));
#8786=DIRECTION('',(-1.0,0.0,0.0));
#8787=DIRECTION('',(0.707106332147005,4.31638399939403E-10,0.707107230225805));
#8788=CARTESIAN_POINT('',(6.0,2.47,-5.814999931715));
#8789=DIRECTION('',(0.0,0.0,-1.0));
#8790=DIRECTION('',(-1.0,0.0,0.0));
#8791=DIRECTION('',(-0.0,-0.707105782199189,0.707107780172495));
#8792=CARTESIAN_POINT('',(6.0,2.47,-5.814999931715));
#8793=DIRECTION('',(0.0,0.0,-1.0));
#8794=DIRECTION('',(1.0,0.0,0.0));
#8795=CARTESIAN_POINT('',(6.0,2.47,-5.484999370236));
#8796=DIRECTION('',(0.0,0.0,-1.0));
#8797=DIRECTION('',(1.0,0.0,0.0));
#8798=DIRECTION('',(0.0,-0.707105782199189,-0.707107780172495));
#8799=CARTESIAN_POINT('',(-6.0,2.47,-5.484999370236));
#8800=DIRECTION('',(0.0,0.0,-1.0));
#8801=DIRECTION('',(-1.0,0.0,0.0));
#8802=CARTESIAN_POINT('',(-6.0,2.47,-5.814999931715));
#8803=DIRECTION('',(-0.0,0.0,-1.0));
#8804=DIRECTION('',(-1.0,-1.776360645618E-14,0.0));
#8805=DIRECTION('',(1.0,0.0,0.0));
#8806=CARTESIAN_POINT('',(-0.7,4.18,1.329177595493));
#8807=DIRECTION('',(-1.0,0.0,0.0));
#8808=DIRECTION('',(0.0,-1.0,0.0));
#8809=DIRECTION('',(1.0,0.0,0.0));
#8810=CARTESIAN_POINT('',(0.7,4.18,1.329177595493));
#8811=DIRECTION('',(-1.0,0.0,0.0));
#8812=DIRECTION('',(0.0,-1.0,0.0));
#8813=DIRECTION('',(0.0,1.0,0.0));
#8814=DIRECTION('',(0.0,0.0,-1.0));
#8815=DIRECTION('',(0.0,-1.0,0.0));
#8816=DIRECTION('',(0.0,1.0,0.0));
#8817=DIRECTION('',(0.0,0.0,-1.0));
#8818=DIRECTION('',(0.0,1.0,0.0));
#8819=DIRECTION('',(0.0,-1.0,0.0));
#8820=DIRECTION('',(0.0,0.0,1.0));
#8821=DIRECTION('',(0.0,1.0,0.0));
#8822=DIRECTION('',(0.0,0.0,-1.0));
#8823=DIRECTION('',(1.0,0.0,0.0));
#8824=DIRECTION('',(0.0,0.0,-1.0));
#8825=DIRECTION('',(-1.0,0.0,0.0));
#8826=DIRECTION('',(-1.0,0.0,0.0));
#8827=DIRECTION('',(0.0,0.0,-1.0));
#8828=DIRECTION('',(0.0,0.0,-1.0));
#8829=DIRECTION('',(0.0,1.0,0.0));
#8830=DIRECTION('',(0.0,0.0,-1.0));
#8831=DIRECTION('',(0.0,-1.0,0.0));
#8832=DIRECTION('',(0.0,0.0,1.0));
#8833=DIRECTION('',(0.0,1.0,0.0));
#8834=DIRECTION('',(0.0,0.0,1.0));
#8835=DIRECTION('',(0.0,1.0,0.0));
#8836=DIRECTION('',(0.0,0.0,-1.0));
#8837=DIRECTION('',(0.0,1.0,0.0));
#8838=DIRECTION('',(0.0,-1.0,0.0));
#8839=DIRECTION('',(-1.0,0.0,0.0));
#8840=DIRECTION('',(-1.0,0.0,0.0));
#8841=DIRECTION('',(-1.0,0.0,0.0));
#8842=DIRECTION('',(-1.0,0.0,0.0));
#8843=DIRECTION('',(0.0,0.0,1.0));
#8844=DIRECTION('',(-0.646977448195094,0.0,0.762509135372793));
#8845=DIRECTION('',(-0.646977448195094,0.0,-0.762509135372793));
#8846=DIRECTION('',(0.0,-1.0,0.0));
#8847=DIRECTION('',(-0.646977448195094,0.0,0.762509135372793));
#8848=DIRECTION('',(0.0,-1.0,0.0));
#8849=DIRECTION('',(-0.646977448195094,0.0,0.762509135372793));
#8850=DIRECTION('',(0.0,-1.0,0.0));
#8851=DIRECTION('',(-0.646977448195094,0.0,0.762509135372793));
#8852=DIRECTION('',(-0.625946015195187,-0.252898606095895,0.737722089337184));
#8853=DIRECTION('',(0.0,-1.0,0.0));
#8854=DIRECTION('',(0.0,0.0,1.0));
#8855=DIRECTION('',(-1.0,0.0,0.0));
#8856=DIRECTION('',(-0.646977448195094,0.0,-0.762509135372793));
#8857=DIRECTION('',(0.0,-1.0,0.0));
#8858=DIRECTION('',(0.0,1.0,0.0));
#8859=DIRECTION('',(-1.0,0.0,0.0));
#8860=DIRECTION('',(0.0,1.0,0.0));
#8861=DIRECTION('',(0.0,-1.0,0.0));
#8862=DIRECTION('',(-1.0,0.0,0.0));
#8863=DIRECTION('',(1.0,0.0,0.0));
#8864=DIRECTION('',(0.0,0.0,-1.0));
#8865=DIRECTION('',(-1.0,0.0,0.0));
#8866=DIRECTION('',(0.0,0.0,-1.0));
#8867=DIRECTION('',(0.0,0.0,-1.0));
#8868=DIRECTION('',(0.0,1.0,0.0));
#8869=DIRECTION('',(0.0,0.0,1.0));
#8870=DIRECTION('',(0.0,0.0,-1.0));
#8871=DIRECTION('',(0.0,1.0,0.0));
#8872=DIRECTION('',(0.0,0.0,-1.0));
#8873=DIRECTION('',(0.0,1.0,0.0));
#8874=DIRECTION('',(0.0,0.0,-1.0));
#8875=DIRECTION('',(0.0,0.64287114276419,0.765974342782488));
#8876=DIRECTION('',(0.0,0.0,-1.0));
#8877=DIRECTION('',(0.0,-0.642871293713882,-0.765974216092578));
#8878=DIRECTION('',(0.0,-1.0,0.0));
#8879=DIRECTION('',(0.0,0.0,1.0));
#8880=DIRECTION('',(0.0,0.0,1.0));
#8881=DIRECTION('',(-1.0,0.0,0.0));
#8882=DIRECTION('',(0.0,0.0,-1.0));
#8883=DIRECTION('',(1.0,0.0,0.0));
#8884=DIRECTION('',(0.0,-1.0,0.0));
#8885=DIRECTION('',(1.0,0.0,0.0));
#8886=DIRECTION('',(0.0,1.0,0.0));
#8887=DIRECTION('',(-0.927183854566793,-0.374606593415897,0.0));
#8888=DIRECTION('',(0.0,-1.0,0.0));
#8889=DIRECTION('',(-1.0,0.0,0.0));
#8890=DIRECTION('',(0.0,0.0,-1.0));
#8891=DIRECTION('',(-1.0,0.0,0.0));
#8892=DIRECTION('',(-0.646977448195094,0.0,-0.762509135372793));
#8893=DIRECTION('',(1.0,0.0,0.0));
#8894=DIRECTION('',(0.0,0.0,1.0));
#8895=DIRECTION('',(-1.0,0.0,0.0));
#8896=DIRECTION('',(0.0,0.0,1.0));
#8897=DIRECTION('',(1.0,0.0,0.0));
#8898=DIRECTION('',(0.0,0.0,1.0));
#8899=DIRECTION('',(1.0,0.0,0.0));
#8900=DIRECTION('',(0.0,0.0,-1.0));
#8901=DIRECTION('',(1.0,0.0,0.0));
#8902=DIRECTION('',(0.0,0.0,-1.0));
#8903=DIRECTION('',(0.0,-0.644702799660219,0.764433319597122));
#8904=DIRECTION('',(0.0,0.0,1.0));
#8905=DIRECTION('',(0.0,0.992546151641315,-0.121869343405202));
#8906=CARTESIAN_POINT('',(-0.7,4.18,1.329177595493));
#8907=DIRECTION('',(-1.0,0.0,0.0));
#8908=DIRECTION('',(0.0,-1.0,0.0));
#8909=CARTESIAN_POINT('',(0.7,4.18,1.329177595493));
#8910=DIRECTION('',(-1.0,0.0,0.0));
#8911=DIRECTION('',(0.0,-1.0,0.0));
#8912=DIRECTION('',(0.0,0.992546151641315,-0.121869343405202));
#8913=DIRECTION('',(0.0,0.0,1.0));
#8914=DIRECTION('',(0.0,-0.644702799660219,0.764433319597122));
#8915=DIRECTION('',(1.0,0.0,0.0));
#8916=DIRECTION('',(1.0,0.0,0.0));
#8917=DIRECTION('',(0.0,-1.0,0.0));
#8918=DIRECTION('',(0.0,0.0,1.0));
#8919=DIRECTION('',(0.0,1.0,0.0));
#8920=DIRECTION('',(1.0,0.0,0.0));
#8921=DIRECTION('',(0.0,1.0,0.0));
#8922=DIRECTION('',(0.0,1.0,0.0));
#8923=DIRECTION('',(-1.0,0.0,0.0));
#8924=DIRECTION('',(0.0,1.0,0.0));
#8925=DIRECTION('',(1.0,0.0,0.0));
#8926=DIRECTION('',(0.0,1.0,0.0));
#8927=CARTESIAN_POINT('',(6.0,2.47,-4.955));
#8928=DIRECTION('',(0.0,0.0,-1.0));
#8929=DIRECTION('',(1.0,0.0,0.0));
#8930=CARTESIAN_POINT('',(6.0,2.47,-4.955));
#8931=DIRECTION('',(0.0,0.0,-1.0));
#8932=DIRECTION('',(-1.0,0.0,0.0));
#8933=DIRECTION('',(1.0,0.0,0.0));
#8934=DIRECTION('',(0.0,1.0,0.0));
#8935=DIRECTION('',(1.0,0.0,0.0));
#8936=DIRECTION('',(0.0,1.0,0.0));
#8937=DIRECTION('',(-1.0,0.0,0.0));
#8938=DIRECTION('',(0.0,1.0,0.0));
#8939=DIRECTION('',(1.0,0.0,0.0));
#8940=DIRECTION('',(0.0,1.0,0.0));
#8941=DIRECTION('',(1.0,0.0,0.0));
#8942=DIRECTION('',(0.0,1.0,0.0));
#8943=DIRECTION('',(-1.0,0.0,0.0));
#8944=DIRECTION('',(0.0,-1.0,0.0));
#8945=DIRECTION('',(1.0,0.0,0.0));
#8946=DIRECTION('',(0.0,1.0,0.0));
#8947=CARTESIAN_POINT('',(-6.0,2.47,-4.955));
#8948=DIRECTION('',(0.0,0.0,-1.0));
#8949=DIRECTION('',(1.0,0.0,0.0));
#8950=CARTESIAN_POINT('',(-6.0,2.47,-4.955));
#8951=DIRECTION('',(0.0,0.0,-1.0));
#8952=DIRECTION('',(-1.0,0.0,0.0));
#8953=DIRECTION('',(1.0,0.0,0.0));
#8954=DIRECTION('',(0.0,1.0,0.0));
#8955=DIRECTION('',(1.0,0.0,0.0));
#8956=DIRECTION('',(0.0,1.0,0.0));
#8957=DIRECTION('',(-1.0,0.0,0.0));
#8958=DIRECTION('',(0.0,1.0,0.0));
#8959=DIRECTION('',(1.0,0.0,0.0));
#8960=DIRECTION('',(0.0,1.0,0.0));
#8961=DIRECTION('',(0.0,0.0,1.0));
#8962=DIRECTION('',(0.0,0.0,-1.0));
#8963=DIRECTION('',(0.0,-1.0,0.0));
#8964=DIRECTION('',(0.0,0.0,-1.0));
#8965=DIRECTION('',(0.0,1.0,0.0));
#8966=DIRECTION('',(0.0,0.0,-1.0));
#8967=DIRECTION('',(0.0,-1.0,0.0));
#8968=DIRECTION('',(0.0,0.0,1.0));
#8969=DIRECTION('',(0.0,-1.0,0.0));
#8970=DIRECTION('',(0.0,0.0,1.0));
#8971=DIRECTION('',(0.0,-1.0,0.0));
#8972=DIRECTION('',(0.0,0.0,-1.0));
#8973=DIRECTION('',(0.0,1.0,0.0));
#8974=DIRECTION('',(0.0,0.0,-1.0));
#8975=DIRECTION('',(0.0,-1.0,0.0));
#8976=DIRECTION('',(0.0,0.0,-1.0));
#8977=DIRECTION('',(0.0,1.0,0.0));
#8978=DIRECTION('',(1.0,0.0,0.0));
#8979=DIRECTION('',(1.0,0.0,0.0));
#8980=DIRECTION('',(0.0,-1.0,0.0));
#8981=DIRECTION('',(1.0,0.0,0.0));
#8982=DIRECTION('',(1.0,0.0,0.0));
#8983=DIRECTION('',(0.0,-1.0,0.0));
#8984=DIRECTION('',(1.0,0.0,0.0));
#8985=DIRECTION('',(0.0,-1.0,0.0));
#8986=DIRECTION('',(1.0,0.0,0.0));
#8987=DIRECTION('',(1.0,0.0,0.0));
#8988=DIRECTION('',(0.0,-1.0,0.0));
#8989=DIRECTION('',(1.0,0.0,0.0));
#8990=DIRECTION('',(0.0,0.0,1.0));
#8991=DIRECTION('',(0.0,0.0,1.0));
#8992=DIRECTION('',(0.0,0.0,1.0));
#8993=DIRECTION('',(0.0,1.0,0.0));
#8994=DIRECTION('',(0.0,0.0,1.0));
#8995=DIRECTION('',(0.0,0.0,1.0));
#8996=DIRECTION('',(0.0,0.0,1.0));
#8997=DIRECTION('',(0.0,-1.0,0.0));
#8998=DIRECTION('',(0.0,0.0,1.0));
#8999=DIRECTION('',(0.0,1.0,0.0));
#9000=DIRECTION('',(0.0,0.0,1.0));
#9001=DIRECTION('',(0.0,0.0,1.0));
#9002=DIRECTION('',(0.0,1.0,0.0));
#9003=DIRECTION('',(1.0,0.0,0.0));
#9004=DIRECTION('',(0.0,0.0,-1.0));
#9005=DIRECTION('',(0.0,0.0,1.0));
#9006=DIRECTION('',(1.0,0.0,0.0));
#9007=DIRECTION('',(0.0,0.0,1.0));
#9008=DIRECTION('',(0.0,0.0,1.0));
#9009=DIRECTION('',(1.0,0.0,0.0));
#9010=DIRECTION('',(0.0,0.0,1.0));
#9011=DIRECTION('',(0.0,0.0,1.0));
#9012=DIRECTION('',(0.0,-1.0,0.0));
#9013=DIRECTION('',(0.0,0.0,1.0));
#9014=DIRECTION('',(0.0,-1.0,0.0));
#9015=DIRECTION('',(0.0,0.0,1.0));
#9016=DIRECTION('',(0.0,1.0,0.0));
#9017=DIRECTION('',(0.0,-1.0,0.0));
#9018=DIRECTION('',(0.0,0.0,1.0));
#9019=DIRECTION('',(0.0,0.0,1.0));
#9020=DIRECTION('',(0.0,1.0,0.0));
#9021=DIRECTION('',(0.0,0.0,1.0));
#9022=DIRECTION('',(0.0,-1.0,0.0));
#9023=DIRECTION('',(0.0,0.0,1.0));
#9024=DIRECTION('',(0.0,-1.0,0.0));
#9025=DIRECTION('',(0.0,0.0,1.0));
#9026=DIRECTION('',(0.0,1.0,0.0));
#9027=DIRECTION('',(1.0,0.0,0.0));
#9028=DIRECTION('',(0.0,-1.0,0.0));
#9029=DIRECTION('',(1.0,0.0,0.0));
#9030=DIRECTION('',(1.0,0.0,0.0));
#9031=DIRECTION('',(0.0,-1.0,0.0));
#9032=DIRECTION('',(1.0,0.0,0.0));
#9033=DIRECTION('',(1.0,0.0,0.0));
#9034=DIRECTION('',(0.0,-1.0,0.0));
#9035=DIRECTION('',(-1.0,0.0,0.0));
#9036=DIRECTION('',(0.0,1.0,0.0));
#9037=DIRECTION('',(-1.0,0.0,0.0));
#9038=DIRECTION('',(0.0,1.0,0.0));
#9039=DIRECTION('',(-1.0,0.0,0.0));
#9040=DIRECTION('',(0.0,1.0,0.0));
#9041=DIRECTION('',(-1.0,0.0,0.0));
#9042=DIRECTION('',(1.0,0.0,0.0));
#9043=DIRECTION('',(0.0,-1.0,0.0));
#9044=DIRECTION('',(1.0,0.0,0.0));
#9045=DIRECTION('',(0.0,1.0,0.0));
#9046=DIRECTION('',(1.0,0.0,0.0));
#9047=DIRECTION('',(0.0,-1.0,0.0));
#9048=DIRECTION('',(1.0,0.0,0.0));
#9049=DIRECTION('',(0.0,1.0,0.0));
#9050=DIRECTION('',(1.0,0.0,0.0));
#9051=DIRECTION('',(0.0,-1.0,0.0));
#9052=DIRECTION('',(-1.0,0.0,0.0));
#9053=DIRECTION('',(0.0,1.0,0.0));
#9054=DIRECTION('',(1.0,0.0,0.0));
#9055=DIRECTION('',(1.0,0.0,0.0));
#9056=DIRECTION('',(0.0,-1.0,0.0));
#9057=DIRECTION('',(1.0,0.0,0.0));
#9058=DIRECTION('',(1.0,0.0,0.0));
#9059=DIRECTION('',(0.0,-1.0,0.0));
#9060=DIRECTION('',(1.0,0.0,0.0));
#9061=DIRECTION('',(-1.0,0.0,0.0));
#9062=DIRECTION('',(0.0,1.0,0.0));
#9063=DIRECTION('',(-1.0,0.0,0.0));
#9064=DIRECTION('',(0.0,-1.0,0.0));
#9065=DIRECTION('',(1.0,0.0,0.0));
#9066=DIRECTION('',(0.0,1.0,0.0));
#9067=DIRECTION('',(1.0,0.0,0.0));
#9068=DIRECTION('',(0.0,-1.0,0.0));
#9069=DIRECTION('',(-1.0,0.0,0.0));
#9070=DIRECTION('',(0.0,-1.0,0.0));
#9071=DIRECTION('',(1.0,0.0,0.0));
#9072=DIRECTION('',(1.0,0.0,0.0));
#9073=DIRECTION('',(0.0,-1.0,0.0));
#9074=DIRECTION('',(1.0,0.0,0.0));
#9075=DIRECTION('',(1.0,0.0,0.0));
#9076=DIRECTION('',(0.0,-1.0,0.0));
#9077=DIRECTION('',(1.0,0.0,0.0));
#9078=DIRECTION('',(1.0,0.0,0.0));
#9079=DIRECTION('',(0.0,-1.0,0.0));
#9080=DIRECTION('',(1.0,0.0,0.0));
#9081=DIRECTION('',(0.0,1.0,0.0));
#9082=DIRECTION('',(1.0,0.0,0.0));
#9083=DIRECTION('',(0.0,-1.0,0.0));
#9084=DIRECTION('',(1.0,0.0,0.0));
#9085=DIRECTION('',(0.0,1.0,0.0));
#9086=DIRECTION('',(1.0,0.0,0.0));
#9087=DIRECTION('',(0.0,-1.0,0.0));
#9088=DIRECTION('',(-1.0,0.0,0.0));
#9089=DIRECTION('',(0.0,-1.0,0.0));
#9090=DIRECTION('',(1.0,0.0,0.0));
#9091=DIRECTION('',(0.0,1.0,0.0));
#9092=DIRECTION('',(1.0,0.0,0.0));
#9093=DIRECTION('',(0.0,-1.0,0.0));
#9094=DIRECTION('',(1.0,0.0,0.0));
#9095=DIRECTION('',(0.0,1.0,0.0));
#9096=DIRECTION('',(1.0,0.0,0.0));
#9097=DIRECTION('',(0.0,-1.0,0.0));
#9098=DIRECTION('',(1.0,0.0,0.0));
#9099=DIRECTION('',(0.0,1.0,0.0));
#9100=DIRECTION('',(-1.0,0.0,0.0));
#9101=DIRECTION('',(0.0,1.0,0.0));
#9102=DIRECTION('',(0.0,0.0,1.0));
#9103=DIRECTION('',(-1.0,0.0,0.0));
#9104=DIRECTION('',(-1.0,0.0,0.0));
#9105=DIRECTION('',(0.0,0.0,1.0));
#9106=DIRECTION('',(-1.0,0.0,0.0));
#9107=DIRECTION('',(0.0,0.0,-1.0));
#9108=DIRECTION('',(0.0,0.0,1.0));
#9109=DIRECTION('',(-1.0,0.0,0.0));
#9110=DIRECTION('',(0.0,0.0,1.0));
#9111=DIRECTION('',(0.0,1.0,0.0));
#9112=DIRECTION('',(-1.0,0.0,0.0));
#9113=DIRECTION('',(0.0,1.0,0.0));
#9114=DIRECTION('',(-1.0,0.0,0.0));
#9115=DIRECTION('',(-1.0,0.0,0.0));
#9116=DIRECTION('',(0.0,-1.0,0.0));
#9117=DIRECTION('',(-1.0,0.0,0.0));
#9118=DIRECTION('',(0.0,1.0,0.0));
#9119=DIRECTION('',(-1.0,0.0,0.0));
#9120=DIRECTION('',(0.0,-1.0,0.0));
#9121=DIRECTION('',(0.0,-1.0,0.0));
#9122=DIRECTION('',(-1.0,0.0,0.0));
#9123=DIRECTION('',(0.0,-1.0,0.0));
#9124=DIRECTION('',(1.0,0.0,0.0));
#9125=DIRECTION('',(0.0,0.0,1.0));
#9126=DIRECTION('',(0.0,0.0,1.0));
#9127=DIRECTION('',(1.0,0.0,0.0));
#9128=DIRECTION('',(0.0,0.0,1.0));
#9129=DIRECTION('',(0.0,0.0,-1.0));
#9130=DIRECTION('',(1.0,0.0,0.0));
#9131=DIRECTION('',(0.0,0.0,-1.0));
#9132=DIRECTION('',(1.0,0.0,0.0));
#9133=DIRECTION('',(-0.646977448195094,0.0,-0.762509135372793));
#9134=DIRECTION('',(0.0,0.0,-1.0));
#9135=DIRECTION('',(1.0,-1.407276047769E-13,0.0));
#9136=DIRECTION('',(0.0,0.0,-1.0));
#9137=DIRECTION('',(0.0,0.0,1.0));
#9138=DIRECTION('',(1.0,0.0,0.0));
#9139=DIRECTION('',(0.0,0.0,1.0));
#9140=DIRECTION('',(1.0,0.0,0.0));
#9141=DIRECTION('',(0.0,0.0,1.0));
#9142=DIRECTION('',(1.0,0.0,0.0));
#9143=DIRECTION('',(0.0,0.0,1.0));
#9144=DIRECTION('',(1.0,0.0,0.0));
#9145=DIRECTION('',(0.0,-1.0,0.0));
#9146=DIRECTION('',(1.0,0.0,0.0));
#9147=DIRECTION('',(0.0,1.0,0.0));
#9148=DIRECTION('',(0.0,-1.0,0.0));
#9149=DIRECTION('',(1.0,0.0,0.0));
#9150=DIRECTION('',(0.0,1.0,0.0));
#9151=DIRECTION('',(0.0,0.0,-1.0));
#9152=DIRECTION('',(0.0,1.0,0.0));
#9153=DIRECTION('',(1.0,0.0,0.0));
#9154=DIRECTION('',(0.0,-1.0,0.0));
#9155=DIRECTION('',(0.0,1.0,0.0));
#9156=DIRECTION('',(1.0,0.0,0.0));
#9157=DIRECTION('',(0.0,-1.0,0.0));
#9158=DIRECTION('',(0.0,0.0,-1.0));
#9159=DIRECTION('',(0.0,0.0,-1.0));
#9160=DIRECTION('',(0.0,0.0,-1.0));
#9161=DIRECTION('',(0.0,0.0,-1.0));
#9162=DIRECTION('',(0.0,1.0,0.0));
#9163=DIRECTION('',(-1.0,0.0,0.0));
#9164=DIRECTION('',(0.0,1.0,0.0));
#9165=DIRECTION('',(-0.927183854566793,-0.374606593415897,0.0));
#9166=DIRECTION('',(0.0,1.0,0.0));
#9167=DIRECTION('',(-0.927183854566793,0.374606593415897,0.0));
#9168=DIRECTION('',(0.0,1.0,0.0));
#9169=DIRECTION('',(-1.0,0.0,0.0));
#9170=DIRECTION('',(0.0,0.0,-1.0));
#9171=DIRECTION('',(0.0,0.0,-1.0));
#9172=DIRECTION('',(0.0,0.0,1.0));
#9173=DIRECTION('',(0.0,0.0,-1.0));
#9174=DIRECTION('',(0.0,0.0,-1.0));
#9175=DIRECTION('',(0.0,-1.0,0.0));
#9176=DIRECTION('',(0.0,0.0,1.0));
#9177=DIRECTION('',(0.0,0.0,-1.0));
#9178=DIRECTION('',(0.0,1.0,0.0));
#9179=DIRECTION('',(0.0,0.0,1.0));
#9180=DIRECTION('',(0.0,1.0,0.0));
#9181=DIRECTION('',(0.0,0.0,-1.0));
#9182=DIRECTION('',(0.0,1.0,0.0));
#9183=DIRECTION('',(-1.0,0.0,0.0));
#9184=DIRECTION('',(0.0,1.0,0.0));
#9185=DIRECTION('',(0.0,1.0,0.0));
#9186=DIRECTION('',(0.0,0.0,-1.0));
#9187=DIRECTION('',(0.0,1.0,0.0));
#9188=DIRECTION('',(0.0,0.0,1.0));
#9189=DIRECTION('',(0.0,1.0,0.0));
#9190=DIRECTION('',(-1.0,0.0,0.0));
#9191=DIRECTION('',(-1.0,0.0,0.0));
#9192=DIRECTION('',(-1.0,0.0,0.0));
#9193=DIRECTION('',(0.0,-1.0,0.0));
#9194=DIRECTION('',(0.0,-1.0,0.0));
#9195=DIRECTION('',(-1.0,0.0,0.0));
#9196=DIRECTION('',(0.0,1.0,0.0));
#9197=DIRECTION('',(0.707106781186548,0.707106781186548,0.0));
#9198=DIRECTION('',(1.0,0.0,0.0));
#9199=DIRECTION('',(0.0,-1.0,0.0));
#9200=DIRECTION('',(0.0,1.0,0.0));
#9201=DIRECTION('',(1.0,0.0,0.0));
#9202=DIRECTION('',(0.707106781186548,-0.707106781186548,0.0));
#9203=DIRECTION('',(0.0,-1.0,0.0));
#9204=DIRECTION('',(-1.0,0.0,0.0));
#9205=DIRECTION('',(-1.0,0.0,0.0));
#9206=DIRECTION('',(0.0,1.0,0.0));
#9207=DIRECTION('',(1.0,0.0,0.0));
#9208=DIRECTION('',(0.707106781186548,-0.707106781186548,0.0));
#9209=DIRECTION('',(0.0,-1.0,0.0));
#9210=DIRECTION('',(0.707106781186498,-0.707106781186597,0.0));
#9211=DIRECTION('',(0.0,-1.0,0.0));
#9212=DIRECTION('',(-1.0,0.0,0.0));
#9213=DIRECTION('',(0.0,1.0,0.0));
#9214=DIRECTION('',(1.0,0.0,0.0));
#9215=DIRECTION('',(0.707106781186498,-0.707106781186597,0.0));
#9216=DIRECTION('',(0.0,-1.0,0.0));
#9217=DIRECTION('',(-1.0,0.0,0.0));
#9218=DIRECTION('',(0.0,1.0,0.0));
#9219=DIRECTION('',(1.0,0.0,0.0));
#9220=DIRECTION('',(0.0,1.0,0.0));
#9221=DIRECTION('',(1.0,0.0,0.0));
#9222=DIRECTION('',(0.707106781186548,-0.707106781186548,0.0));
#9223=DIRECTION('',(0.0,-1.0,0.0));
#9224=DIRECTION('',(-1.0,0.0,0.0));
#9225=DIRECTION('',(0.625946015195187,-0.252898606095895,0.737722089337184));
#9226=DIRECTION('',(0.0,0.0,-1.0));
#9227=DIRECTION('',(0.927183854566793,-0.374606593415897,0.0));
#9228=DIRECTION('',(0.0,1.0,0.0));
#9229=DIRECTION('',(0.0,1.0,0.0));
#9230=DIRECTION('',(-1.0,0.0,0.0));
#9231=DIRECTION('',(0.0,1.0,0.0));
#9232=DIRECTION('',(0.0,0.0,-1.0));
#9233=DIRECTION('',(0.0,1.0,0.0));
#9234=DIRECTION('',(0.0,0.0,1.0));
#9235=DIRECTION('',(0.0,1.0,0.0));
#9236=DIRECTION('',(0.0,0.0,-1.0));
#9237=DIRECTION('',(0.0,0.0,1.0));
#9238=DIRECTION('',(0.0,0.0,1.0));
#9239=DIRECTION('',(0.0,-1.0,0.0));
#9240=DIRECTION('',(0.0,0.0,-1.0));
#9241=DIRECTION('',(1.0,0.0,0.0));
#9242=DIRECTION('',(0.0,0.0,-1.0));
#9243=DIRECTION('',(0.0,-1.0,0.0));
#9244=DIRECTION('',(0.0,0.0,1.0));
#9245=DIRECTION('',(1.0,0.0,0.0));
#9246=DIRECTION('',(0.0,0.0,-1.0));
#9247=DIRECTION('',(0.0,0.0,-1.0));
#9248=DIRECTION('',(0.0,0.0,-1.0));
#9249=DIRECTION('',(0.0,0.0,-1.0));
#9250=DIRECTION('',(0.0,0.0,-1.0));
#9251=DIRECTION('',(0.0,0.0,-1.0));
#9252=DIRECTION('',(0.0,0.0,-1.0));
#9253=DIRECTION('',(0.0,1.0,0.0));
#9254=DIRECTION('',(0.0,0.0,1.0));
#9255=DIRECTION('',(0.0,1.0,0.0));
#9256=DIRECTION('',(0.0,0.0,1.0));
#9257=DIRECTION('',(0.0,-1.0,0.0));
#9258=DIRECTION('',(0.0,0.0,-1.0));
#9259=DIRECTION('',(0.0,0.0,-1.0));
#9260=CARTESIAN_POINT('',(3.32,-0.12,-6.309133164221));
#9261=DIRECTION('',(-1.0,0.0,0.0));
#9262=DIRECTION('',(0.0,0.875000000000012,0.484122918275906));
#9263=DIRECTION('',(0.0,0.0,-1.0));
#9264=DIRECTION('',(0.0,0.241921895599697,-0.970295726275989));
#9265=DIRECTION('',(0.0,1.0,0.0));
#9266=DIRECTION('',(0.0,0.241921895599697,0.970295726275989));
#9267=DIRECTION('',(0.0,0.0,1.0));
#9268=CARTESIAN_POINT('',(3.32,0.52,-6.309133164221));
#9269=DIRECTION('',(1.0,0.0,0.0));
#9270=DIRECTION('',(0.0,0.875000000000012,-0.484122918275906));
#9271=DIRECTION('',(0.0,0.0,1.0));
#9272=DIRECTION('',(0.0,1.0,0.0));
#9273=DIRECTION('',(0.0,0.0,1.0));
#9274=DIRECTION('',(0.0,-1.0,0.0));
#9275=DIRECTION('',(0.0,0.0,-1.0));
#9276=DIRECTION('',(0.0,0.0,-1.0));
#9277=CARTESIAN_POINT('',(3.32,-0.46,-6.309133164221));
#9278=DIRECTION('',(1.0,0.0,0.0));
#9279=DIRECTION('',(0.0,-0.875000000000012,0.484122918275906));
#9280=DIRECTION('',(0.0,0.0,-1.0));
#9281=DIRECTION('',(0.0,0.241921895599697,-0.970295726275989));
#9282=DIRECTION('',(0.0,1.0,0.0));
#9283=DIRECTION('',(0.0,0.241921895599697,0.970295726275989));
#9284=DIRECTION('',(0.0,0.0,1.0));
#9285=CARTESIAN_POINT('',(3.32,0.18,-6.309133164221));
#9286=DIRECTION('',(-1.0,-0.0,0.0));
#9287=DIRECTION('',(0.0,-0.875000000000012,-0.484122918275906));
#9288=DIRECTION('',(0.0,0.0,1.0));
#9289=DIRECTION('',(-1.0,0.0,0.0));
#9290=DIRECTION('',(0.0,0.0,1.0));
#9291=DIRECTION('',(0.0,0.0,1.0));
#9292=CARTESIAN_POINT('',(2.68,0.52,-6.309133164221));
#9293=DIRECTION('',(1.0,0.0,0.0));
#9294=DIRECTION('',(0.0,0.875000000000012,-0.484122918275906));
#9295=DIRECTION('',(0.0,0.0,1.0));
#9296=DIRECTION('',(0.0,0.241921895599697,0.970295726275989));
#9297=DIRECTION('',(0.0,1.0,0.0));
#9298=DIRECTION('',(0.0,0.241921895599697,-0.970295726275989));
#9299=DIRECTION('',(0.0,0.0,-1.0));
#9300=CARTESIAN_POINT('',(2.68,-0.12,-6.309133164221));
#9301=DIRECTION('',(-1.0,0.0,0.0));
#9302=DIRECTION('',(0.0,0.875000000000012,0.484122918275906));
#9303=DIRECTION('',(0.0,0.0,-1.0));
#9304=DIRECTION('',(0.0,1.0,0.0));
#9305=DIRECTION('',(0.0,0.0,-1.0));
#9306=DIRECTION('',(0.0,-1.0,0.0));
#9307=DIRECTION('',(0.0,0.0,1.0));
#9308=DIRECTION('',(0.0,1.0,0.0));
#9309=DIRECTION('',(0.0,0.0,-1.0));
#9310=DIRECTION('',(0.0,-1.0,0.0));
#9311=DIRECTION('',(0.0,0.0,1.0));
#9312=DIRECTION('',(0.0,1.0,0.0));
#9313=DIRECTION('',(0.0,0.0,-1.0));
#9314=CARTESIAN_POINT('',(2.68,0.18,-6.309133164221));
#9315=DIRECTION('',(-1.0,-0.0,0.0));
#9316=DIRECTION('',(0.0,-0.875000000000012,-0.484122918275906));
#9317=DIRECTION('',(0.0,0.0,1.0));
#9318=DIRECTION('',(0.0,0.241921895599697,0.970295726275989));
#9319=DIRECTION('',(0.0,1.0,0.0));
#9320=DIRECTION('',(0.0,0.241921895599697,-0.970295726275989));
#9321=DIRECTION('',(0.0,0.0,-1.0));
#9322=CARTESIAN_POINT('',(2.68,-0.46,-6.309133164221));
#9323=DIRECTION('',(1.0,0.0,0.0));
#9324=DIRECTION('',(0.0,-0.875000000000012,0.484122918275906));
#9325=DIRECTION('',(0.0,0.0,-1.0));
#9326=DIRECTION('',(0.0,0.0,1.0));
#9327=DIRECTION('',(-1.0,0.0,0.0));
#9328=DIRECTION('',(1.0,0.0,0.0));
#9329=DIRECTION('',(-1.0,0.0,0.0));
#9330=DIRECTION('',(1.0,0.0,0.0));
#9331=DIRECTION('',(0.707106781186548,0.707106781186548,0.0));
#9332=DIRECTION('',(0.0,1.0,0.0));
#9333=DIRECTION('',(-1.0,0.0,0.0));
#9334=DIRECTION('',(0.0,-1.0,0.0));
#9335=DIRECTION('',(1.0,0.0,0.0));
#9336=DIRECTION('',(0.0,-1.0,0.0));
#9337=DIRECTION('',(0.707106781186548,-0.707106781186548,0.0));
#9338=DIRECTION('',(1.0,0.0,0.0));
#9339=DIRECTION('',(0.0,1.0,0.0));
#9340=DIRECTION('',(-1.0,0.0,0.0));
#9341=DIRECTION('',(1.0,0.0,0.0));
#9342=DIRECTION('',(1.0,0.0,0.0));
#9343=DIRECTION('',(0.707106781186548,-0.707106781186548,0.0));
#9344=DIRECTION('',(1.0,0.0,0.0));
#9345=DIRECTION('',(0.0,1.0,0.0));
#9346=DIRECTION('',(-1.0,0.0,0.0));
#9347=DIRECTION('',(0.0,-1.0,0.0));
#9348=DIRECTION('',(1.0,0.0,0.0));
#9349=DIRECTION('',(0.0,1.0,0.0));
#9350=DIRECTION('',(1.0,0.0,0.0));
#9351=DIRECTION('',(0.0,1.0,0.0));
#9352=DIRECTION('',(0.0,1.0,0.0));
#9353=DIRECTION('',(-1.0,0.0,0.0));
#9354=DIRECTION('',(0.0,-1.0,0.0));
#9355=DIRECTION('',(0.707106781186498,-0.707106781186597,0.0));
#9356=DIRECTION('',(1.0,0.0,0.0));
#9357=DIRECTION('',(1.0,0.0,0.0));
#9358=DIRECTION('',(0.0,1.0,0.0));
#9359=DIRECTION('',(1.0,0.0,0.0));
#9360=DIRECTION('',(0.0,1.0,0.0));
#9361=DIRECTION('',(0.0,1.0,0.0));
#9362=DIRECTION('',(-1.0,0.0,0.0));
#9363=DIRECTION('',(0.0,-1.0,0.0));
#9364=DIRECTION('',(0.707106781186498,-0.707106781186597,0.0));
#9365=DIRECTION('',(1.0,0.0,0.0));
#9366=DIRECTION('',(1.0,0.0,0.0));
#9367=DIRECTION('',(0.0,1.0,0.0));
#9368=DIRECTION('',(1.0,0.0,0.0));
#9369=DIRECTION('',(0.0,1.0,0.0));
#9370=DIRECTION('',(0.0,-1.0,0.0));
#9371=DIRECTION('',(0.707106781186548,-0.707106781186548,0.0));
#9372=DIRECTION('',(1.0,0.0,0.0));
#9373=DIRECTION('',(0.0,1.0,0.0));
#9374=DIRECTION('',(-1.0,0.0,0.0));
#9375=DIRECTION('',(1.0,0.0,0.0));
#9376=DIRECTION('',(0.0,1.0,0.0));
#9377=DIRECTION('',(1.0,0.0,0.0));
#9378=DIRECTION('',(0.0,1.0,0.0));
#9379=DIRECTION('',(0.0,0.0,-1.0));
#9380=DIRECTION('',(0.0,0.0,-1.0));
#9381=DIRECTION('',(0.0,0.0,-1.0));
#9382=DIRECTION('',(0.0,0.0,-1.0));
#9383=DIRECTION('',(0.0,0.0,-1.0));
#9384=DIRECTION('',(0.0,0.0,-1.0));
#9385=DIRECTION('',(0.0,0.0,-1.0));
#9386=DIRECTION('',(0.0,0.0,-1.0));
#9387=DIRECTION('',(0.0,0.0,-1.0));
#9388=DIRECTION('',(0.0,0.0,-1.0));
#9389=DIRECTION('',(0.0,0.0,-1.0));
#9390=DIRECTION('',(0.0,0.0,-1.0));
#9391=DIRECTION('',(0.0,0.0,-1.0));
#9392=DIRECTION('',(0.0,0.0,-1.0));
#9393=DIRECTION('',(0.0,0.0,-1.0));
#9394=DIRECTION('',(0.0,0.0,-1.0));
#9395=DIRECTION('',(0.0,0.0,-1.0));
#9396=DIRECTION('',(0.0,0.0,-1.0));
#9397=DIRECTION('',(0.0,0.0,-1.0));
#9398=DIRECTION('',(0.0,0.0,-1.0));
#9399=DIRECTION('',(0.0,0.0,-1.0));
#9400=DIRECTION('',(0.0,0.0,-1.0));
#9401=DIRECTION('',(0.0,0.0,-1.0));
#9402=DIRECTION('',(0.0,0.0,-1.0));
#9403=DIRECTION('',(0.0,0.0,-1.0));
#9404=DIRECTION('',(0.0,0.0,-1.0));
#9405=DIRECTION('',(0.0,0.0,-1.0));
#9406=DIRECTION('',(0.0,0.0,-1.0));
#9407=DIRECTION('',(0.0,0.0,-1.0));
#9408=DIRECTION('',(0.0,0.0,-1.0));
#9409=DIRECTION('',(-1.0,0.0,0.0));
#9410=DIRECTION('',(-1.0,0.0,0.0));
#9411=DIRECTION('',(-1.0,0.0,0.0));
#9412=DIRECTION('',(-1.0,0.0,0.0));
#9413=DIRECTION('',(-1.0,0.0,0.0));
#9414=DIRECTION('',(-1.0,0.0,0.0));
#9415=DIRECTION('',(-1.0,0.0,0.0));
#9416=DIRECTION('',(-1.0,0.0,0.0));
#9417=DIRECTION('',(-1.0,0.0,0.0));
#9418=DIRECTION('',(-1.0,0.0,0.0));
#9419=DIRECTION('',(-1.0,0.0,0.0));
#9420=DIRECTION('',(-1.0,0.0,0.0));
#9421=DIRECTION('',(-1.0,0.0,0.0));
#9422=DIRECTION('',(-1.0,0.0,0.0));
#9423=DIRECTION('',(-1.0,0.0,0.0));
#9424=DIRECTION('',(-1.0,0.0,0.0));
#9425=DIRECTION('',(-1.0,0.0,0.0));
#9426=DIRECTION('',(-1.0,0.0,0.0));
#9427=DIRECTION('',(0.0,0.0,-1.0));
#9428=DIRECTION('',(0.0,1.0,0.0));
#9429=DIRECTION('',(0.0,0.0,1.0));
#9430=DIRECTION('',(0.0,0.0,-1.0));
#9431=CARTESIAN_POINT('',(0.32,-0.12,-6.309133164221));
#9432=DIRECTION('',(-1.0,0.0,0.0));
#9433=DIRECTION('',(0.0,0.875000000000012,0.484122918275906));
#9434=DIRECTION('',(0.0,0.0,-1.0));
#9435=DIRECTION('',(0.0,0.241921895599697,-0.970295726275989));
#9436=DIRECTION('',(0.0,1.0,0.0));
#9437=DIRECTION('',(0.0,0.241921895599697,0.970295726275989));
#9438=DIRECTION('',(0.0,0.0,1.0));
#9439=CARTESIAN_POINT('',(0.32,0.52,-6.309133164221));
#9440=DIRECTION('',(1.0,0.0,0.0));
#9441=DIRECTION('',(0.0,0.875000000000012,-0.484122918275906));
#9442=DIRECTION('',(0.0,0.0,1.0));
#9443=DIRECTION('',(0.0,0.0,1.0));
#9444=DIRECTION('',(0.0,-1.0,0.0));
#9445=DIRECTION('',(0.0,0.0,-1.0));
#9446=DIRECTION('',(0.0,0.0,1.0));
#9447=DIRECTION('',(0.0,-1.0,0.0));
#9448=DIRECTION('',(0.0,0.0,-1.0));
#9449=DIRECTION('',(0.0,0.0,-1.0));
#9450=CARTESIAN_POINT('',(0.32,-0.46,-6.309133164221));
#9451=DIRECTION('',(1.0,0.0,0.0));
#9452=DIRECTION('',(0.0,-0.875000000000012,0.484122918275906));
#9453=DIRECTION('',(0.0,0.0,-1.0));
#9454=DIRECTION('',(0.0,0.241921895599697,-0.970295726275989));
#9455=DIRECTION('',(0.0,1.0,0.0));
#9456=DIRECTION('',(0.0,0.241921895599697,0.970295726275989));
#9457=DIRECTION('',(0.0,0.0,1.0));
#9458=CARTESIAN_POINT('',(0.32,0.18,-6.309133164221));
#9459=DIRECTION('',(-1.0,-0.0,0.0));
#9460=DIRECTION('',(0.0,-0.875000000000012,-0.484122918275906));
#9461=DIRECTION('',(0.0,0.0,1.0));
#9462=DIRECTION('',(-1.0,0.0,0.0));
#9463=DIRECTION('',(0.0,0.0,1.0));
#9464=DIRECTION('',(0.0,0.0,1.0));
#9465=DIRECTION('',(1.0,0.0,0.0));
#9466=DIRECTION('',(0.0,0.0,-1.0));
#9467=DIRECTION('',(0.0,-1.0,0.0));
#9468=DIRECTION('',(0.0,0.0,-1.0));
#9469=DIRECTION('',(0.0,0.0,-1.0));
#9470=DIRECTION('',(0.0,-1.0,0.0));
#9471=DIRECTION('',(0.0,0.0,-1.0));
#9472=DIRECTION('',(0.0,-1.0,0.0));
#9473=DIRECTION('',(0.0,0.0,-1.0));
#9474=DIRECTION('',(0.0,-1.0,0.0));
#9475=DIRECTION('',(0.0,0.0,-1.0));
#9476=DIRECTION('',(-1.0,0.0,0.0));
#9477=DIRECTION('',(0.0,0.0,-1.0));
#9478=DIRECTION('',(0.0,0.0,-1.0));
#9479=DIRECTION('',(-1.0,0.0,0.0));
#9480=DIRECTION('',(1.0,0.0,0.0));
#9481=DIRECTION('',(0.0,0.0,1.0));
#9482=DIRECTION('',(0.0,1.0,0.0));
#9483=DIRECTION('',(0.0,0.0,-1.0));
#9484=DIRECTION('',(0.0,0.0,1.0));
#9485=CARTESIAN_POINT('',(-0.32,0.52,-6.309133164221));
#9486=DIRECTION('',(1.0,0.0,0.0));
#9487=DIRECTION('',(0.0,0.875000000000012,-0.484122918275906));
#9488=DIRECTION('',(0.0,0.0,1.0));
#9489=DIRECTION('',(0.0,0.241921895599697,0.970295726275989));
#9490=DIRECTION('',(0.0,1.0,0.0));
#9491=DIRECTION('',(0.0,0.241921895599697,-0.970295726275989));
#9492=DIRECTION('',(0.0,0.0,-1.0));
#9493=CARTESIAN_POINT('',(-0.32,-0.12,-6.309133164221));
#9494=DIRECTION('',(-1.0,0.0,0.0));
#9495=DIRECTION('',(0.0,0.875000000000012,0.484122918275906));
#9496=DIRECTION('',(0.0,0.0,-1.0));
#9497=DIRECTION('',(0.0,-1.0,0.0));
#9498=DIRECTION('',(0.0,0.0,1.0));
#9499=DIRECTION('',(0.0,0.0,-1.0));
#9500=DIRECTION('',(0.0,-1.0,0.0));
#9501=DIRECTION('',(0.0,0.0,1.0));
#9502=CARTESIAN_POINT('',(-0.32,0.18,-6.309133164221));
#9503=DIRECTION('',(-1.0,-0.0,0.0));
#9504=DIRECTION('',(0.0,-0.875000000000012,-0.484122918275906));
#9505=DIRECTION('',(0.0,0.0,1.0));
#9506=DIRECTION('',(0.0,0.241921895599697,0.970295726275989));
#9507=DIRECTION('',(0.0,1.0,0.0));
#9508=DIRECTION('',(0.0,0.241921895599697,-0.970295726275989));
#9509=DIRECTION('',(0.0,0.0,-1.0));
#9510=CARTESIAN_POINT('',(-0.32,-0.46,-6.309133164221));
#9511=DIRECTION('',(1.0,0.0,0.0));
#9512=DIRECTION('',(0.0,-0.875000000000012,0.484122918275906));
#9513=DIRECTION('',(0.0,0.0,1.0));
#9514=DIRECTION('',(1.0,0.0,0.0));
#9515=DIRECTION('',(0.0,0.0,1.0));
#9516=DIRECTION('',(-1.0,0.0,0.0));
#9517=DIRECTION('',(0.0,-1.0,0.0));
#9518=DIRECTION('',(0.0,-1.0,0.0));
#9519=DIRECTION('',(0.0,0.0,1.0));
#9520=DIRECTION('',(0.0,0.0,1.0));
#9521=DIRECTION('',(0.0,-1.0,0.0));
#9522=DIRECTION('',(0.0,-1.0,0.0));
#9523=DIRECTION('',(0.0,0.0,1.0));
#9524=DIRECTION('',(1.0,0.0,0.0));
#9525=DIRECTION('',(1.0,0.0,0.0));
#9526=DIRECTION('',(1.0,0.0,0.0));
#9527=DIRECTION('',(-1.0,0.0,0.0));
#9528=DIRECTION('',(-1.0,0.0,0.0));
#9529=DIRECTION('',(-1.0,0.0,0.0));
#9530=DIRECTION('',(-1.0,0.0,0.0));
#9531=DIRECTION('',(-1.0,0.0,0.0));
#9532=DIRECTION('',(-1.0,0.0,0.0));
#9533=DIRECTION('',(-1.0,0.0,0.0));
#9534=DIRECTION('',(-1.0,0.0,0.0));
#9535=DIRECTION('',(-1.0,0.0,0.0));
#9536=DIRECTION('',(-1.0,0.0,0.0));
#9537=DIRECTION('',(-1.0,0.0,0.0));
#9538=DIRECTION('',(-1.0,0.0,0.0));
#9539=DIRECTION('',(-1.0,0.0,0.0));
#9540=DIRECTION('',(-1.0,0.0,0.0));
#9541=DIRECTION('',(-1.0,0.0,0.0));
#9542=DIRECTION('',(-1.0,0.0,0.0));
#9543=DIRECTION('',(-1.0,0.0,0.0));
#9544=DIRECTION('',(-1.0,0.0,0.0));
#9545=DIRECTION('',(0.0,0.0,-1.0));
#9546=DIRECTION('',(0.0,1.0,0.0));
#9547=DIRECTION('',(0.0,0.0,1.0));
#9548=DIRECTION('',(0.0,0.0,1.0));
#9549=DIRECTION('',(0.0,-1.0,0.0));
#9550=DIRECTION('',(0.0,0.0,-1.0));
#9551=DIRECTION('',(0.0,0.0,-1.0));
#9552=CARTESIAN_POINT('',(-2.68,-0.12,-6.309133164221));
#9553=DIRECTION('',(-1.0,0.0,0.0));
#9554=DIRECTION('',(0.0,0.875000000000012,0.484122918275906));
#9555=DIRECTION('',(0.0,0.0,-1.0));
#9556=DIRECTION('',(0.0,0.241921895599697,-0.970295726275989));
#9557=DIRECTION('',(0.0,1.0,0.0));
#9558=DIRECTION('',(0.0,0.241921895599697,0.970295726275989));
#9559=DIRECTION('',(0.0,0.0,1.0));
#9560=CARTESIAN_POINT('',(-2.68,0.52,-6.309133164221));
#9561=DIRECTION('',(1.0,0.0,0.0));
#9562=DIRECTION('',(0.0,0.875000000000012,-0.484122918275906));
#9563=DIRECTION('',(0.0,0.0,1.0));
#9564=DIRECTION('',(0.0,0.0,1.0));
#9565=DIRECTION('',(0.0,-1.0,0.0));
#9566=DIRECTION('',(0.0,0.0,-1.0));
#9567=DIRECTION('',(0.0,0.0,-1.0));
#9568=CARTESIAN_POINT('',(-2.68,-0.46,-6.309133164221));
#9569=DIRECTION('',(1.0,0.0,0.0));
#9570=DIRECTION('',(0.0,-0.875000000000012,0.484122918275906));
#9571=DIRECTION('',(0.0,0.0,-1.0));
#9572=DIRECTION('',(0.0,0.241921895599697,-0.970295726275989));
#9573=DIRECTION('',(0.0,1.0,0.0));
#9574=DIRECTION('',(0.0,0.241921895599697,0.970295726275989));
#9575=DIRECTION('',(0.0,0.0,1.0));
#9576=CARTESIAN_POINT('',(-2.68,0.18,-6.309133164221));
#9577=DIRECTION('',(-1.0,-0.0,0.0));
#9578=DIRECTION('',(0.0,-0.875000000000012,-0.484122918275906));
#9579=DIRECTION('',(0.0,0.0,1.0));
#9580=DIRECTION('',(-1.0,0.0,0.0));
#9581=DIRECTION('',(0.0,0.0,1.0));
#9582=DIRECTION('',(1.0,0.0,0.0));
#9583=DIRECTION('',(0.0,0.0,-1.0));
#9584=DIRECTION('',(0.0,-1.0,0.0));
#9585=DIRECTION('',(0.0,0.0,-1.0));
#9586=DIRECTION('',(0.0,0.0,-1.0));
#9587=DIRECTION('',(0.0,-1.0,0.0));
#9588=DIRECTION('',(0.0,0.0,-1.0));
#9589=DIRECTION('',(0.0,-1.0,0.0));
#9590=DIRECTION('',(0.0,0.0,-1.0));
#9591=DIRECTION('',(0.0,-1.0,0.0));
#9592=DIRECTION('',(0.0,0.0,-1.0));
#9593=DIRECTION('',(-1.0,0.0,0.0));
#9594=DIRECTION('',(0.0,0.0,-1.0));
#9595=DIRECTION('',(0.0,0.0,-1.0));
#9596=DIRECTION('',(-1.0,0.0,0.0));
#9597=DIRECTION('',(1.0,0.0,0.0));
#9598=DIRECTION('',(0.0,1.0,0.0));
#9599=DIRECTION('',(0.0,0.0,-1.0));
#9600=DIRECTION('',(0.0,-1.0,0.0));
#9601=DIRECTION('',(0.0,0.0,1.0));
#9602=DIRECTION('',(0.0,0.0,-1.0));
#9603=CARTESIAN_POINT('',(-3.32,0.52,-6.309133164221));
#9604=DIRECTION('',(1.0,0.0,0.0));
#9605=DIRECTION('',(0.0,0.875000000000012,-0.484122918275906));
#9606=DIRECTION('',(0.0,0.0,1.0));
#9607=DIRECTION('',(0.0,0.241921895599697,0.970295726275989));
#9608=DIRECTION('',(0.0,1.0,0.0));
#9609=DIRECTION('',(0.0,0.241921895599697,-0.970295726275989));
#9610=DIRECTION('',(0.0,0.0,-1.0));
#9611=CARTESIAN_POINT('',(-3.32,-0.12,-6.309133164221));
#9612=DIRECTION('',(-1.0,0.0,0.0));
#9613=DIRECTION('',(0.0,0.875000000000012,0.484122918275906));
#9614=DIRECTION('',(0.0,0.0,-1.0));
#9615=DIRECTION('',(0.0,0.0,1.0));
#9616=DIRECTION('',(0.0,-1.0,0.0));
#9617=DIRECTION('',(0.0,0.0,1.0));
#9618=CARTESIAN_POINT('',(-3.32,0.18,-6.309133164221));
#9619=DIRECTION('',(-1.0,-0.0,0.0));
#9620=DIRECTION('',(0.0,-0.875000000000012,-0.484122918275906));
#9621=DIRECTION('',(0.0,0.0,1.0));
#9622=DIRECTION('',(0.0,0.241921895599697,0.970295726275989));
#9623=DIRECTION('',(0.0,1.0,0.0));
#9624=DIRECTION('',(0.0,0.241921895599697,-0.970295726275989));
#9625=DIRECTION('',(0.0,0.0,-1.0));
#9626=CARTESIAN_POINT('',(-3.32,-0.46,-6.309133164221));
#9627=DIRECTION('',(1.0,0.0,0.0));
#9628=DIRECTION('',(0.0,-0.875000000000012,0.484122918275906));
#9629=DIRECTION('',(0.0,0.0,1.0));
#9630=DIRECTION('',(1.0,0.0,0.0));
#9631=DIRECTION('',(-1.0,0.0,0.0));
#9632=DIRECTION('',(1.0,0.0,0.0));
#9633=DIRECTION('',(1.0,0.0,0.0));
#9634=DIRECTION('',(1.0,0.0,0.0));
#9635=DIRECTION('',(-1.0,0.0,0.0));
#9636=DIRECTION('',(-1.0,0.0,0.0));
#9637=DIRECTION('',(-1.0,0.0,0.0));
#9638=DIRECTION('',(-1.0,0.0,0.0));
#9639=DIRECTION('',(-1.0,0.0,0.0));
#9640=DIRECTION('',(-1.0,0.0,0.0));
#9641=DIRECTION('',(-1.0,0.0,0.0));
#9642=DIRECTION('',(-1.0,0.0,0.0));
#9643=DIRECTION('',(-1.0,0.0,0.0));
#9644=DIRECTION('',(-1.0,0.0,0.0));
#9645=DIRECTION('',(-1.0,0.0,0.0));
#9646=DIRECTION('',(-1.0,0.0,0.0));
#9647=DIRECTION('',(-1.0,0.0,0.0));
#9648=DIRECTION('',(-1.0,0.0,0.0));
#9649=DIRECTION('',(-1.0,0.0,0.0));
#9650=DIRECTION('',(-1.0,0.0,0.0));
#9651=DIRECTION('',(-1.0,0.0,0.0));
#9652=DIRECTION('',(-1.0,0.0,0.0));
#9653=DIRECTION('',(-1.0,0.0,0.0));
#9654=DIRECTION('',(1.0,0.0,0.0));
#9655=DIRECTION('',(1.0,0.0,0.0));
#9656=DIRECTION('',(1.0,0.0,0.0));
#9657=DIRECTION('',(1.0,0.0,0.0));
#9658=DIRECTION('',(1.0,0.0,0.0));
#9659=DIRECTION('',(-1.0,0.0,0.0));
#9660=DIRECTION('',(0.0,0.0,1.0));
#9661=DIRECTION('',(0.0,-1.0,0.0));
#9662=DIRECTION('',(0.0,0.0,-1.0));
#9663=DIRECTION('',(-1.0,0.0,0.0));
#9664=DIRECTION('',(0.0,-1.0,0.0));
#9665=DIRECTION('',(5.7321896830402E-07,-5.5090052162212E-10,-0.999999999999836));
#9666=DIRECTION('',(-5.7321896830402E-07,5.5090219743142E-10,-0.999999999999836));
#9667=CARTESIAN_POINT('',(-6.0,2.47,-5.484999370236));
#9668=DIRECTION('',(0.0,0.0,-1.0));
#9669=DIRECTION('',(-1.0,0.0,0.0));
#9670=CARTESIAN_POINT('',(-6.0,2.47,-5.814999931715));
#9671=DIRECTION('',(-0.0,0.0,-1.0));
#9672=DIRECTION('',(-1.0,-1.776360645618E-14,0.0));
#9673=DIRECTION('',(-0.707106332147005,-4.31639351510603E-10,0.707107230225805));
#9674=CARTESIAN_POINT('',(6.0,2.47,-5.814999931715));
#9675=DIRECTION('',(0.0,0.0,-1.0));
#9676=DIRECTION('',(-1.0,0.0,0.0));
#9677=CARTESIAN_POINT('',(6.0,2.47,-5.814999931715));
#9678=DIRECTION('',(0.0,0.0,-1.0));
#9679=DIRECTION('',(1.0,0.0,0.0));
#9680=CARTESIAN_POINT('',(-6.0,2.47,-5.814999931715));
#9681=DIRECTION('',(0.0,0.0,-1.0));
#9682=DIRECTION('',(1.0,2.220450807022E-14,0.0));
#9683=CARTESIAN_POINT('',(6.0,2.47,-5.484999370236));
#9684=DIRECTION('',(0.0,0.0,-1.0));
#9685=DIRECTION('',(1.0,0.0,0.0));
#9686=DIRECTION('',(-0.707106332147005,-4.31640303081803E-10,0.707107230225805));
#9687=CARTESIAN_POINT('',(6.0,2.47,-5.484999370236));
#9688=DIRECTION('',(0.0,0.0,-1.0));
#9689=DIRECTION('',(-1.0,0.0,0.0));
#9690=DIRECTION('',(5.7321896830402E-07,-5.5090052162212E-10,-0.999999999999836));
#9691=DIRECTION('',(-5.7321896830402E-07,5.5090219743142E-10,-0.999999999999836));
#9692=CARTESIAN_POINT('',(-6.0,2.47,-5.484999370236));
#9693=DIRECTION('',(0.0,0.0,-1.0));
#9694=DIRECTION('',(1.0,0.0,0.0));
#9695=DIRECTION('',(0.0,0.0,1.0));
#9696=DIRECTION('',(0.0,1.0,0.0));
#9697=DIRECTION('',(0.0,0.0,-1.0));
#9698=DIRECTION('',(-1.0,0.0,0.0));
#9699=DIRECTION('',(0.0,0.0,-1.0));
#9700=DIRECTION('',(-1.0,0.0,0.0));
#9701=DIRECTION('',(0.0,0.64287114276419,0.765974342782488));
#9702=DIRECTION('',(-1.0,0.0,0.0));
#9703=DIRECTION('',(0.0,0.0,-1.0));
#9704=DIRECTION('',(-1.0,0.0,0.0));
#9705=DIRECTION('',(0.0,-0.642871293713882,-0.765974216092578));
#9706=DIRECTION('',(-1.0,0.0,0.0));
#9707=DIRECTION('',(0.0,-1.0,0.0));
#9708=DIRECTION('',(-1.0,0.0,0.0));
#9709=DIRECTION('',(0.0,0.0,1.0));
#9710=DIRECTION('',(-1.0,0.0,0.0));
#9711=DIRECTION('',(0.0,1.0,0.0));
#9712=PRESENTATION_LAYER_ASSIGNMENT('','',(#26,#49,#50,#51,#52,#53,#54,#55,#56,#57,#62,#63,#64,#65,#66,#67,#68,#69,#70,#71,#72,#73,#74,#75,#76,#77,#78,#79,#80,#81,#82,#83,#84,#85,#86,#87,#88,#89,#90,#91,#92,#93,#94,#95,#96,#97,#98,#99,#100,#101,#102,#103,#104,#105,#106,#107,#108,#109,#110,#111,#112,#113,#114,#115,#116,#117,#118,#119,#120,#121,#122,#123,#124,#125,#126,#127,#128,#129,#130,#131,#132,#133,#134,#135,#136,#137,#138,#139,#140,#141,#142,#143,#144,#145,#146,#147,#148,#149,#150,#151,#152,#153,#154,#155,#156,#157,#158,#159,#160,#161,#162,#163,#164,#165,#166,#167,#168,#169,#170,#171,#172,#173,#174,#175,#176,#177,#178,#179,#180,#181,#182,#183,#184,#185,#186,#187,#188,#189,#190,#191,#192,#193,#194,#195,#196,#197,#198,#199,#200,#201,#202,#203,#204,#205,#206,#207,#208,#209,#210,#211,#212,#213,#214,#215,#216,#217,#218,#219,#220,#221,#222,#223,#224,#225,#226,#227,#228,#229,#230,#231,#232,#233,#234,#235,#236,#237,#238,#239,#240,#241,#242,#243,#244,#245,#246,#247,#248,#249,#250,#251,#252,#253,#254,#255,#256,#257,#258,#259,#260,#261,#262,#263,#264,#265,#266,#267,#268,#269,#270,#271,#272,#273,#274,#275,#276,#277,#278,#279,#280,#281,#282,#283,#284,#285,#286,#287,#288,#289,#290,#291,#292,#293,#294,#295,#296,#297,#298,#299,#300,#301,#302,#303,#304,#305,#306,#307,#308,#309,#310,#311,#312,#313,#314,#315,#316,#317,#318,#319,#320,#321,#322,#323,#324,#325,#326,#327,#328,#329,#330,#331,#332,#333,#334,#335,#336,#337,#338,#339,#340,#341,#342,#343,#344,#345,#346,#347,#348,#349,#350,#351,#352,#353,#354,#355,#356,#357,#358,#359,#360,#361,#362,#363,#364,#365,#1012,#1013,#1014,#1015,#1016,#1017,#1018,#1019,#1020,#1021,#1022,#1023,#1024,#1025,#1026,#1027,#1028,#1029,#1030,#1031,#4296,#4297,#4298,#4300,#4301,#4302,#4304,#4305,#4307,#4308,#4310,#4311,#4312,#4313,#4314,#4315,#4316,#4317,#4318,#4319,#4320,#4321,#4322,#4323,#4324,#4325,#4326,#4327,#4328,#4329,#4330,#4331,#4332,#4333,#4334,#4335,#4336,#4337,#4338,#4339,#4340,#4341,#4342,#4343,#4344,#4345,#4346,#4347,#4348,#4349,#4350,#4351,#4352,#4353,#4354,#4355,#4356,#4357,#4358,#4359,#4360,#4361,#4362,#4363,#4364,#4365,#4366,#4367,#4368,#4369,#4370,#4371,#4372,#4373,#4374,#4375,#4376,#4377,#4378,#4379,#4380,#4381,#4382,#4383,#4384,#4385,#4386,#4387,#4388,#4389,#4390,#4391,#4392,#4393,#4394,#4395,#4396,#4397,#4398,#4399,#4400,#4401,#4402,#4403,#4404,#4405,#4406,#4407,#4408,#4409,#4410,#4411,#4412,#4413,#4414,#4415,#4416,#4417,#4418,#4419,#4420,#4421,#4422,#4423,#4424,#4425,#4426,#4427,#4428,#4429,#4430,#4431,#4432,#4433,#4434,#4435,#4436,#4437,#4438,#4439,#4440,#4441,#4442,#4443,#4444,#4445,#4446,#4447,#4448,#4449,#4450,#4451,#4452,#4453,#4454,#4455,#4456,#4457,#4458,#4459,#4460,#4461,#4462,#4463,#4464,#4465,#4466,#4467,#4468,#4469,#4470,#4471,#4472,#4473,#4474,#4475,#4476,#4477,#4478,#4479,#4480,#4481,#4482,#4483,#4484,#4485,#4486,#4487,#4488,#4489,#4490,#4491,#4492,#4493,#4494,#4495,#4496,#4497,#4498,#4499,#4500,#4501,#4502,#4503,#4504,#4505,#4506,#4507,#4508,#4509,#4510,#4511,#4512,#4513,#4514,#4515,#4516,#4517,#4518,#4519,#4520,#4521,#4522,#4523,#4524,#4525,#4526,#4527,#4528,#4529,#4530,#4531,#4532,#4533,#4534,#4535,#4536,#4537,#4538,#4539,#4540,#4541,#4542,#4543,#4544,#4545,#4546,#4547,#4548,#4549,#4550,#4551,#4552,#4553,#4554,#4555,#4556,#4557,#4558,#4559,#4560,#4561,#4562,#4563,#4564,#4565,#4566,#4567,#4568,#4569,#4570,#4571,#4572,#4573,#4574,#4575,#4576,#4577,#4578,#4579,#4580,#4581,#4582,#4583,#4584,#4585,#4586,#4587,#4588,#4589,#4590,#4591,#4592,#4593,#4594,#4595,#4596,#4597,#4598,#4599,#4600,#4601,#4602,#4603,#4604,#4605,#4606,#4607,#4608,#4609,#4610,#4611,#4612,#4613,#4614,#4615,#4616,#4617,#4618,#4619,#4620,#4621,#4622,#4623,#4624,#4625,#4626,#4627,#4628,#4629,#4630,#4631,#4632,#4633,#4634,#4635,#4636,#4637,#4638,#4639,#4640,#4641,#4642,#4643,#4644,#4645,#4646,#4647,#4648,#4649,#4650,#4651,#4652,#4653,#4654,#4655,#4656,#4657,#4658,#4659,#4660,#4661,#4662,#4663,#4664,#4665,#4666,#4667,#4668,#4669,#4670,#4671,#4672,#4673,#4674,#4675,#4676,#4677,#4678,#4679,#4680,#4681,#4682,#4683,#4684,#4685,#4686,#4687,#4688,#4689,#4690,#4691,#4692,#4693,#4694,#4695,#4696,#4697,#4698,#4699,#4700,#4701,#4702,#4703,#4704,#4705,#4706,#4707,#4708,#4709,#4710,#4711,#4712,#4713,#4714,#4715,#4716,#4717,#4718,#4719,#4720,#4721,#4722,#4723,#4724,#4725,#4726,#4727,#4728,#4729,#4730,#4731,#4732,#4733,#4734,#4735,#4736,#4737,#4738,#4739,#4740,#4741,#4742,#4743,#4744,#4745,#4746,#4747,#4748,#4749,#4750,#4751,#4752,#4753,#4754,#4755,#4756,#4757,#4758,#4759,#4760,#4761,#4762,#4763,#4764,#4765,#4766,#4767,#4768,#4769,#4770,#4771,#4772,#4773,#4774,#4775,#4776,#4777,#4778,#4779,#4780,#4781,#4782,#4783,#4784,#4785,#4786,#4787,#4788,#4789,#4790,#4791,#4792,#4793,#4794,#4795,#4796,#4797,#4798,#4799,#4800,#4801,#4802,#4803,#4804,#4805,#4806,#4807,#4808,#4809,#4810,#4811,#4812,#4813,#4814,#4815,#4816,#4817,#4818,#4819,#4820,#4821,#4822,#4823,#4824,#4825,#4826,#4827,#4828,#4829,#4830,#4831,#4832,#4833,#4834,#4835,#4836,#4837,#4838,#4839,#4840,#4841,#4842,#4843,#4844,#4845,#4846,#4847,#4848,#4849,#4850,#4851,#4852,#4853,#4854,#4855,#4856,#4857,#4858,#4859,#4860,#4861,#4862,#4863,#4864,#4865,#4866,#4867,#4868,#4869,#4870,#4871,#4872,#4873,#4874,#4875,#4876,#4877,#4878,#4879,#4880,#4881,#4882,#4883,#4884,#4885,#4886,#4887,#4888,#4889,#4890,#4891,#4892,#4893,#4894,#4895,#4896,#4897,#4898,#4899,#4900,#4901,#4902,#4903,#4904,#4905,#4906,#4907,#4908,#4909,#4910,#4911,#4912,#4913,#4914,#4915,#4916,#4917,#4918,#4919,#4920,#4921,#4922,#4923,#4924,#4925,#4926,#4927,#4928,#4929,#4930,#4931,#4932,#4933,#4934,#4935,#4936,#4937,#4938,#4939,#4940,#4941,#4942,#4943,#4944,#4945,#4946,#4947,#4948,#4949,#4950,#4951,#4952,#4953,#4954,#4955,#4956,#4957,#4958,#4959,#4960,#4961,#4962,#4963,#4964,#4965,#4966,#4967,#4968,#4969,#4970,#4971,#4972,#4973,#4974,#4975,#4976,#4977,#4978,#4979,#4980,#4981,#4982,#4983,#4984,#4985,#4986,#4987,#4988,#4989,#4990,#4991,#4992,#4993,#4994,#4995,#4996,#4997,#4998,#4999,#5000,#5001,#5002,#5003,#5004,#5005,#5006,#5007,#5008,#5009,#5010,#5011,#5012,#5013,#5014,#5015,#5016,#5017,#5018,#5019,#5020,#5021,#5022,#5023,#5024,#5025,#5026,#5027,#5028,#5029,#5030,#5031,#5032,#5033,#5034,#5035,#5036,#5037,#5038,#5039,#5040,#5041,#5042,#5043,#5044,#5045,#5046,#5047,#5048,#5049,#5050,#5051,#5052,#5053,#5054,#5055,#5056,#5057,#5058,#5059,#5060,#5061,#5062,#5063,#5064,#5065,#5066,#5067,#5068,#5069,#5070,#5071,#5072,#5073,#5074,#5075,#5076,#5077,#5078,#5079,#5080,#5081,#5082,#5083,#5084,#5085,#5086,#5087,#5088,#5089,#5090,#5091,#5092,#5093,#5094,#5095,#5096,#5097,#5098,#5099,#5100,#5101,#5102,#5103,#5104,#5105,#5106,#5107,#5108,#5109,#5110,#5111,#5112,#5113,#5114,#5115,#5116,#5117,#5118,#5119,#5120,#5121,#5122,#5123,#5124,#5125,#5126,#5127,#5128,#5129,#5130,#5131,#5132,#5133,#5134,#5135,#5191,#5193,#5199,#5201,#5217,#5219,#5222,#5223,#5225,#5227,#5229,#5232,#5233,#5235,#5237,#5239,#5242,#5243,#5245,#5248,#5251,#5252,#5254,#5256,#5258,#5260,#5262,#5264,#5266,#5268,#5275,#5276,#5278,#5282,#5283,#5285,#5287,#5290,#5292,#5294,#5297,#5301,#5303,#5306,#5308,#5311,#5312,#5314,#5316,#5320,#5321,#5325,#5327,#5329,#5331,#5333,#5335,#5337,#5339,#5342,#5344,#5346,#5349,#5353,#5356,#5357,#5359,#5362,#5365,#5367,#5369,#5371,#5374,#5375,#5377,#5379,#5382,#5384,#5389,#5391,#5396,#5398,#5401,#5402,#5405,#5407,#5409,#5411,#5414,#5415,#5418,#5419,#5421,#5423,#5425,#5427,#5429,#5431,#5434,#5435,#5437,#5439,#5442,#5445,#5446,#5449,#5450,#5452,#5454,#5456,#5458,#5460,#5462,#5465,#5467,#5470,#5471,#5473,#5475,#5478,#5479,#5481,#5483,#5485,#5487,#5490,#5491,#5493,#5495,#5498,#5500,#5503,#5505,#5508,#5510,#5513,#5515,#5520,#5522,#5525,#5527,#5529,#5531,#5534,#5536,#5539,#5542,#5544,#5547,#5549,#5552,#5553,#5555,#5557,#5559,#5561,#5564,#5567,#5568,#5570,#5572,#5575,#5576,#5578,#5580,#5583,#5585,#5588,#5590,#5593,#5595,#5597,#5599,#5601,#5603,#5605,#5607,#5610,#5611,#5613,#5615,#5617,#5619,#5621,#5623,#5625,#5627,#5629,#5631,#5633,#5636,#5638,#5641,#5643,#5646,#5649,#5651,#5653,#5655,#5657,#5659,#5661,#5663,#5666,#5668,#5671,#5673,#5676,#5677,#5679,#5681,#5683,#5685,#5687,#5689,#5691,#5693,#5695,#5697,#5699,#5701,#5703,#5705,#5707,#5709,#5711,#5713,#5715,#5717,#5719,#5721,#5724,#5727,#5730,#5733,#5735,#5738,#5740,#5742,#5745,#5748,#5750,#5752,#5755,#5757,#5760,#5763,#5765,#5768,#5770,#5773,#5775,#5777,#5779,#5782,#5783,#5785,#5787,#5790,#5791,#5793,#5795,#5798,#5800,#5803,#5805,#5808,#5811,#5814,#5816,#5822,#5825,#5826,#5828,#5832,#5834,#5841,#5843,#5847,#5849,#5851,#5853,#5856,#5860,#5862,#5864,#5872,#5873,#5875,#5877,#5879,#5882,#5883,#5885,#5887,#5889,#5892,#5893,#5895,#5897,#5899,#5902,#5903,#5905,#5907,#5909,#5912,#5913,#5915,#5917,#5919,#5922,#5923,#5925,#5927,#5929,#5933,#5937,#5940,#5942,#5944,#5946,#5948,#5952,#5954,#5957,#5960,#5970,#5972,#5975,#5976,#5978,#5980,#5983,#5985,#5987,#5989,#5991,#5993,#5995,#5997,#6000,#6001,#6003,#6005,#6008,#6010,#6012,#6014,#6016,#6018,#6020,#6022,#6025,#6028,#6030,#6032,#6034,#6036,#6038,#6040,#6042,#6045,#6048,#6049,#6051,#6053,#6056,#6057,#6059,#6061,#6064,#6065,#6067,#6069,#6071,#6073,#6075,#6077,#6084,#6085,#6087,#6089,#6091,#6095,#6096,#6098,#6100,#6102,#6107,#6108,#6110,#6112,#6114,#6117,#6118,#6120,#6122,#6125,#6126,#6128,#6130,#6132,#6135,#6136,#6138,#6140,#6143,#6144,#6146,#6148,#6150,#6153,#6154,#6156,#6158,#6161,#6162,#6164,#6166,#6168,#6171,#6172,#6174,#6176,#6227,#6229,#6232,#6234,#6236,#6238,#6240,#6242,#6244,#6246,#6249,#6251,#6254,#6256,#6259,#6261,#6263,#6265,#6267,#6269,#6271,#6273,#6276,#6279,#6281,#6284,#6287,#6290,#6293,#6295,#6298,#6301,#6304,#6307,#6310,#6312,#6314,#6316,#6318,#6320,#6322,#6324,#6327,#6328,#6332,#6335,#6336,#6338,#6340,#6342,#6344,#6346,#6350,#6355,#6358,#6361,#6385,#6387,#6390,#6392,#6395,#6397,#6399,#6401,#6403,#6405,#6407,#6409,#6412,#6414,#6417,#6419,#6421,#6423,#6425,#6427,#6429,#6431,#6434,#6437,#6440,#6443,#6446,#6449,#6451,#6454,#6457,#6461,#6464,#6465,#6469,#6470,#6472,#6474,#6476,#6478,#6480,#6482,#6486,#6489,#6490,#6492,#6494,#6496,#6498,#6500,#6533,#6536,#6541,#6545,#6548,#6552,#6559,#6561,#6564,#6566,#6569,#6572,#6575,#6578,#6581));
ENDSEC;
END-ISO-10303-21;
