ISO-10303-21;
HEADER;
FILE_DESCRIPTION((''),'2;1');
FILE_NAME('00-ALL_ASM_ASM','2020-09-15T',('eng604'),(''),
'PRO/ENGINEER BY PARAMETRIC TECHNOLOGY CORPORATION, 2014000',
'PRO/ENGINEER BY PARAMETRIC TECHNOLOGY CORPORATION, 2014000','');
FILE_SCHEMA(('CONFIG_CONTROL_DESIGN'));
ENDSEC;
DATA;
#25=DIRECTION('',(2.368475785867E-14,0.E0,1.E0));
#26=VECTOR('',#25,3.E-1);
#27=CARTESIAN_POINT('',(-5.588825142441E1,8.1E0,1.9E0));
#28=LINE('',#27,#26);
#29=DIRECTION('',(-1.E0,0.E0,0.E0));
#30=VECTOR('',#29,7.E-1);
#31=CARTESIAN_POINT('',(-5.518825142441E1,8.1E0,1.9E0));
#32=LINE('',#31,#30);
#33=DIRECTION('',(0.E0,1.E0,0.E0));
#34=VECTOR('',#33,8.E0);
#35=CARTESIAN_POINT('',(-5.588825142441E1,8.1E0,1.9E0));
#36=LINE('',#35,#34);
#37=DIRECTION('',(0.E0,0.E0,-1.E0));
#38=VECTOR('',#37,3.E-1);
#39=CARTESIAN_POINT('',(-5.518825142441E1,8.1E0,2.2E0));
#40=LINE('',#39,#38);
#41=DIRECTION('',(0.E0,1.E0,0.E0));
#42=VECTOR('',#41,8.E0);
#43=CARTESIAN_POINT('',(-5.518825142441E1,8.1E0,1.9E0));
#44=LINE('',#43,#42);
#45=DIRECTION('',(1.E0,0.E0,0.E0));
#46=VECTOR('',#45,7.E-1);
#47=CARTESIAN_POINT('',(-5.588825142441E1,8.1E0,2.2E0));
#48=LINE('',#47,#46);
#49=DIRECTION('',(0.E0,-1.E0,0.E0));
#50=VECTOR('',#49,8.E0);
#51=CARTESIAN_POINT('',(-5.588825142441E1,1.61E1,2.2E0));
#52=LINE('',#51,#50);
#53=DIRECTION('',(0.E0,1.E0,0.E0));
#54=VECTOR('',#53,8.E0);
#55=CARTESIAN_POINT('',(-5.518825142441E1,8.1E0,2.2E0));
#56=LINE('',#55,#54);
#57=DIRECTION('',(2.368475785867E-14,0.E0,1.E0));
#58=VECTOR('',#57,3.E-1);
#59=CARTESIAN_POINT('',(-5.588825142441E1,1.61E1,1.9E0));
#60=LINE('',#59,#58);
#61=DIRECTION('',(-1.E0,0.E0,0.E0));
#62=VECTOR('',#61,7.E-1);
#63=CARTESIAN_POINT('',(-5.518825142441E1,1.61E1,1.9E0));
#64=LINE('',#63,#62);
#65=DIRECTION('',(-2.368475785867E-14,0.E0,-1.E0));
#66=VECTOR('',#65,3.E-1);
#67=CARTESIAN_POINT('',(-5.518825142441E1,1.61E1,2.2E0));
#68=LINE('',#67,#66);
#69=DIRECTION('',(1.E0,0.E0,0.E0));
#70=VECTOR('',#69,7.E-1);
#71=CARTESIAN_POINT('',(-5.588825142441E1,1.61E1,2.2E0));
#72=LINE('',#71,#70);
#73=CARTESIAN_POINT('',(-5.588825142441E1,8.1E0,1.9E0));
#74=CARTESIAN_POINT('',(-5.588825142441E1,8.1E0,2.2E0));
#75=VERTEX_POINT('',#73);
#76=VERTEX_POINT('',#74);
#77=CARTESIAN_POINT('',(-5.518825142441E1,8.1E0,1.9E0));
#78=VERTEX_POINT('',#77);
#79=CARTESIAN_POINT('',(-5.518825142441E1,8.1E0,2.2E0));
#80=VERTEX_POINT('',#79);
#81=CARTESIAN_POINT('',(-5.588825142441E1,1.61E1,1.9E0));
#82=VERTEX_POINT('',#81);
#83=CARTESIAN_POINT('',(-5.588825142441E1,1.61E1,2.2E0));
#84=VERTEX_POINT('',#83);
#85=CARTESIAN_POINT('',(-5.518825142441E1,1.61E1,1.9E0));
#86=VERTEX_POINT('',#85);
#87=CARTESIAN_POINT('',(-5.518825142441E1,1.61E1,2.2E0));
#88=VERTEX_POINT('',#87);
#89=CARTESIAN_POINT('',(-5.592307277590E1,8.1E0,2.234821351494E0));
#90=CARTESIAN_POINT('',(-5.592307277590E1,8.1E0,2.111607117165E0));
#91=CARTESIAN_POINT('',(-5.592307277590E1,8.1E0,1.988392882835E0));
#92=CARTESIAN_POINT('',(-5.592307277590E1,8.1E0,1.865178648506E0));
#93=CARTESIAN_POINT('',(-5.566652520824E1,8.1E0,2.234821351494E0));
#94=CARTESIAN_POINT('',(-5.566652520824E1,8.1E0,2.111607117165E0));
#95=CARTESIAN_POINT('',(-5.566652520824E1,8.1E0,1.988392882835E0));
#96=CARTESIAN_POINT('',(-5.566652520824E1,8.1E0,1.865178648506E0));
#97=CARTESIAN_POINT('',(-5.540997764058E1,8.1E0,2.234821351494E0));
#98=CARTESIAN_POINT('',(-5.540997764058E1,8.1E0,2.111607117165E0));
#99=CARTESIAN_POINT('',(-5.540997764058E1,8.1E0,1.988392882835E0));
#100=CARTESIAN_POINT('',(-5.540997764058E1,8.1E0,1.865178648506E0));
#101=CARTESIAN_POINT('',(-5.515343007292E1,8.1E0,2.234821351494E0));
#102=CARTESIAN_POINT('',(-5.515343007292E1,8.1E0,2.111607117165E0));
#103=CARTESIAN_POINT('',(-5.515343007292E1,8.1E0,1.988392882835E0));
#104=CARTESIAN_POINT('',(-5.515343007292E1,8.1E0,1.865178648506E0));
#105=B_SPLINE_SURFACE_WITH_KNOTS('',3,3,((#89,#90,#91,#92),(#93,#94,#95,#96),(
#97,#98,#99,#100),(#101,#102,#103,#104)),.UNSPECIFIED.,.F.,.F.,.F.,(4,4),(4,4),(
-3.848213514937E-1,3.848213514937E-1),(-1.848213514941E-1,1.848213514941E-1),
.UNSPECIFIED.);
#107=ORIENTED_EDGE('',*,*,#106,.T.);
#109=ORIENTED_EDGE('',*,*,#108,.T.);
#111=ORIENTED_EDGE('',*,*,#110,.T.);
#113=ORIENTED_EDGE('',*,*,#112,.T.);
#114=EDGE_LOOP('',(#107,#109,#111,#113));
#115=FACE_OUTER_BOUND('',#114,.F.);
#116=ADVANCED_FACE('',(#115),#105,.F.);
#117=FILL_AREA_STYLE_COLOUR('',#24);
#118=FILL_AREA_STYLE('',(#117));
#119=SURFACE_STYLE_FILL_AREA(#118);
#120=SURFACE_SIDE_STYLE('',(#119));
#121=SURFACE_STYLE_USAGE(.BOTH.,#120);
#122=PRESENTATION_STYLE_ASSIGNMENT((#121));
#123=STYLED_ITEM('',(#122),#116);
#124=CARTESIAN_POINT('',(-5.588825142441E1,7.94E0,1.865178648506E0));
#125=CARTESIAN_POINT('',(-5.588825142441E1,1.071333333333E1,1.865178648506E0));
#126=CARTESIAN_POINT('',(-5.588825142441E1,1.348666666667E1,1.865178648506E0));
#127=CARTESIAN_POINT('',(-5.588825142441E1,1.626E1,1.865178648506E0));
#128=CARTESIAN_POINT('',(-5.588825142441E1,7.94E0,1.988392882835E0));
#129=CARTESIAN_POINT('',(-5.588825142441E1,1.071333333333E1,1.988392882835E0));
#130=CARTESIAN_POINT('',(-5.588825142441E1,1.348666666667E1,1.988392882835E0));
#131=CARTESIAN_POINT('',(-5.588825142441E1,1.626E1,1.988392882835E0));
#132=CARTESIAN_POINT('',(-5.588825142441E1,7.94E0,2.111607117165E0));
#133=CARTESIAN_POINT('',(-5.588825142441E1,1.071333333333E1,2.111607117165E0));
#134=CARTESIAN_POINT('',(-5.588825142441E1,1.348666666667E1,2.111607117165E0));
#135=CARTESIAN_POINT('',(-5.588825142441E1,1.626E1,2.111607117165E0));
#136=CARTESIAN_POINT('',(-5.588825142441E1,7.94E0,2.234821351494E0));
#137=CARTESIAN_POINT('',(-5.588825142441E1,1.071333333333E1,2.234821351494E0));
#138=CARTESIAN_POINT('',(-5.588825142441E1,1.348666666667E1,2.234821351494E0));
#139=CARTESIAN_POINT('',(-5.588825142441E1,1.626E1,2.234821351494E0));
#140=B_SPLINE_SURFACE_WITH_KNOTS('',3,3,((#124,#125,#126,#127),(#128,#129,#130,
#131),(#132,#133,#134,#135),(#136,#137,#138,#139)),.UNSPECIFIED.,.F.,.F.,.F.,(4,
4),(4,4),(-3.482135149410E-2,3.348213514941E-1),(-1.6E-1,8.16E0),.UNSPECIFIED.);
#141=ORIENTED_EDGE('',*,*,#106,.F.);
#143=ORIENTED_EDGE('',*,*,#142,.T.);
#145=ORIENTED_EDGE('',*,*,#144,.T.);
#147=ORIENTED_EDGE('',*,*,#146,.T.);
#148=EDGE_LOOP('',(#141,#143,#145,#147));
#149=FACE_OUTER_BOUND('',#148,.F.);
#150=ADVANCED_FACE('',(#149),#140,.T.);
#151=FILL_AREA_STYLE_COLOUR('',#24);
#152=FILL_AREA_STYLE('',(#151));
#153=SURFACE_STYLE_FILL_AREA(#152);
#154=SURFACE_SIDE_STYLE('',(#153));
#155=SURFACE_STYLE_USAGE(.BOTH.,#154);
#156=PRESENTATION_STYLE_ASSIGNMENT((#155));
#157=STYLED_ITEM('',(#156),#150);
#158=CARTESIAN_POINT('',(-5.515343007292E1,7.94E0,1.9E0));
#159=CARTESIAN_POINT('',(-5.515343007292E1,1.071333333333E1,1.9E0));
#160=CARTESIAN_POINT('',(-5.515343007292E1,1.348666666667E1,1.9E0));
#161=CARTESIAN_POINT('',(-5.515343007292E1,1.626E1,1.9E0));
#162=CARTESIAN_POINT('',(-5.540997764058E1,7.94E0,1.9E0));
#163=CARTESIAN_POINT('',(-5.540997764058E1,1.071333333333E1,1.9E0));
#164=CARTESIAN_POINT('',(-5.540997764058E1,1.348666666667E1,1.9E0));
#165=CARTESIAN_POINT('',(-5.540997764058E1,1.626E1,1.9E0));
#166=CARTESIAN_POINT('',(-5.566652520824E1,7.94E0,1.9E0));
#167=CARTESIAN_POINT('',(-5.566652520824E1,1.071333333333E1,1.9E0));
#168=CARTESIAN_POINT('',(-5.566652520824E1,1.348666666667E1,1.9E0));
#169=CARTESIAN_POINT('',(-5.566652520824E1,1.626E1,1.9E0));
#170=CARTESIAN_POINT('',(-5.592307277590E1,7.94E0,1.9E0));
#171=CARTESIAN_POINT('',(-5.592307277590E1,1.071333333333E1,1.9E0));
#172=CARTESIAN_POINT('',(-5.592307277590E1,1.348666666667E1,1.9E0));
#173=CARTESIAN_POINT('',(-5.592307277590E1,1.626E1,1.9E0));
#174=B_SPLINE_SURFACE_WITH_KNOTS('',3,3,((#158,#159,#160,#161),(#162,#163,#164,
#165),(#166,#167,#168,#169),(#170,#171,#172,#173)),.UNSPECIFIED.,.F.,.F.,.F.,(4,
4),(4,4),(-3.482135149366E-2,7.348213514937E-1),(-1.6E-1,8.16E0),.UNSPECIFIED.);
#175=ORIENTED_EDGE('',*,*,#112,.F.);
#177=ORIENTED_EDGE('',*,*,#176,.T.);
#179=ORIENTED_EDGE('',*,*,#178,.T.);
#180=ORIENTED_EDGE('',*,*,#142,.F.);
#181=EDGE_LOOP('',(#175,#177,#179,#180));
#182=FACE_OUTER_BOUND('',#181,.F.);
#183=ADVANCED_FACE('',(#182),#174,.T.);
#184=FILL_AREA_STYLE_COLOUR('',#24);
#185=FILL_AREA_STYLE('',(#184));
#186=SURFACE_STYLE_FILL_AREA(#185);
#187=SURFACE_SIDE_STYLE('',(#186));
#188=SURFACE_STYLE_USAGE(.BOTH.,#187);
#189=PRESENTATION_STYLE_ASSIGNMENT((#188));
#190=STYLED_ITEM('',(#189),#183);
#191=CARTESIAN_POINT('',(-5.518825142441E1,7.94E0,2.234821351494E0));
#192=CARTESIAN_POINT('',(-5.518825142441E1,1.071333333333E1,2.234821351494E0));
#193=CARTESIAN_POINT('',(-5.518825142441E1,1.348666666667E1,2.234821351494E0));
#194=CARTESIAN_POINT('',(-5.518825142441E1,1.626E1,2.234821351494E0));
#195=CARTESIAN_POINT('',(-5.518825142441E1,7.94E0,2.111607117165E0));
#196=CARTESIAN_POINT('',(-5.518825142441E1,1.071333333333E1,2.111607117165E0));
#197=CARTESIAN_POINT('',(-5.518825142441E1,1.348666666667E1,2.111607117165E0));
#198=CARTESIAN_POINT('',(-5.518825142441E1,1.626E1,2.111607117165E0));
#199=CARTESIAN_POINT('',(-5.518825142441E1,7.94E0,1.988392882835E0));
#200=CARTESIAN_POINT('',(-5.518825142441E1,1.071333333333E1,1.988392882835E0));
#201=CARTESIAN_POINT('',(-5.518825142441E1,1.348666666667E1,1.988392882835E0));
#202=CARTESIAN_POINT('',(-5.518825142441E1,1.626E1,1.988392882835E0));
#203=CARTESIAN_POINT('',(-5.518825142441E1,7.94E0,1.865178648506E0));
#204=CARTESIAN_POINT('',(-5.518825142441E1,1.071333333333E1,1.865178648506E0));
#205=CARTESIAN_POINT('',(-5.518825142441E1,1.348666666667E1,1.865178648506E0));
#206=CARTESIAN_POINT('',(-5.518825142441E1,1.626E1,1.865178648506E0));
#207=B_SPLINE_SURFACE_WITH_KNOTS('',3,3,((#191,#192,#193,#194),(#195,#196,#197,
#198),(#199,#200,#201,#202),(#203,#204,#205,#206)),.UNSPECIFIED.,.F.,.F.,.F.,(4,
4),(4,4),(-3.482135149410E-2,3.348213514941E-1),(-1.6E-1,8.16E0),.UNSPECIFIED.);
#208=ORIENTED_EDGE('',*,*,#110,.F.);
#210=ORIENTED_EDGE('',*,*,#209,.T.);
#212=ORIENTED_EDGE('',*,*,#211,.T.);
#213=ORIENTED_EDGE('',*,*,#176,.F.);
#214=EDGE_LOOP('',(#208,#210,#212,#213));
#215=FACE_OUTER_BOUND('',#214,.F.);
#216=ADVANCED_FACE('',(#215),#207,.T.);
#217=FILL_AREA_STYLE_COLOUR('',#24);
#218=FILL_AREA_STYLE('',(#217));
#219=SURFACE_STYLE_FILL_AREA(#218);
#220=SURFACE_SIDE_STYLE('',(#219));
#221=SURFACE_STYLE_USAGE(.BOTH.,#220);
#222=PRESENTATION_STYLE_ASSIGNMENT((#221));
#223=STYLED_ITEM('',(#222),#216);
#224=CARTESIAN_POINT('',(-5.592307277590E1,7.94E0,2.2E0));
#225=CARTESIAN_POINT('',(-5.592307277590E1,1.071333333333E1,2.2E0));
#226=CARTESIAN_POINT('',(-5.592307277590E1,1.348666666667E1,2.2E0));
#227=CARTESIAN_POINT('',(-5.592307277590E1,1.626E1,2.2E0));
#228=CARTESIAN_POINT('',(-5.566652520824E1,7.94E0,2.2E0));
#229=CARTESIAN_POINT('',(-5.566652520824E1,1.071333333333E1,2.2E0));
#230=CARTESIAN_POINT('',(-5.566652520824E1,1.348666666667E1,2.2E0));
#231=CARTESIAN_POINT('',(-5.566652520824E1,1.626E1,2.2E0));
#232=CARTESIAN_POINT('',(-5.540997764058E1,7.94E0,2.2E0));
#233=CARTESIAN_POINT('',(-5.540997764058E1,1.071333333333E1,2.2E0));
#234=CARTESIAN_POINT('',(-5.540997764058E1,1.348666666667E1,2.2E0));
#235=CARTESIAN_POINT('',(-5.540997764058E1,1.626E1,2.2E0));
#236=CARTESIAN_POINT('',(-5.515343007292E1,7.94E0,2.2E0));
#237=CARTESIAN_POINT('',(-5.515343007292E1,1.071333333333E1,2.2E0));
#238=CARTESIAN_POINT('',(-5.515343007292E1,1.348666666667E1,2.2E0));
#239=CARTESIAN_POINT('',(-5.515343007292E1,1.626E1,2.2E0));
#240=B_SPLINE_SURFACE_WITH_KNOTS('',3,3,((#224,#225,#226,#227),(#228,#229,#230,
#231),(#232,#233,#234,#235),(#236,#237,#238,#239)),.UNSPECIFIED.,.F.,.F.,.F.,(4,
4),(4,4),(-3.482135149366E-2,7.348213514937E-1),(-1.6E-1,8.16E0),.UNSPECIFIED.);
#241=ORIENTED_EDGE('',*,*,#108,.F.);
#242=ORIENTED_EDGE('',*,*,#146,.F.);
#244=ORIENTED_EDGE('',*,*,#243,.T.);
#245=ORIENTED_EDGE('',*,*,#209,.F.);
#246=EDGE_LOOP('',(#241,#242,#244,#245));
#247=FACE_OUTER_BOUND('',#246,.F.);
#248=ADVANCED_FACE('',(#247),#240,.T.);
#249=FILL_AREA_STYLE_COLOUR('',#24);
#250=FILL_AREA_STYLE('',(#249));
#251=SURFACE_STYLE_FILL_AREA(#250);
#252=SURFACE_SIDE_STYLE('',(#251));
#253=SURFACE_STYLE_USAGE(.BOTH.,#252);
#254=PRESENTATION_STYLE_ASSIGNMENT((#253));
#255=STYLED_ITEM('',(#254),#248);
#256=CARTESIAN_POINT('',(-5.592307277590E1,1.61E1,2.234821351494E0));
#257=CARTESIAN_POINT('',(-5.592307277590E1,1.61E1,2.111607117165E0));
#258=CARTESIAN_POINT('',(-5.592307277590E1,1.61E1,1.988392882835E0));
#259=CARTESIAN_POINT('',(-5.592307277590E1,1.61E1,1.865178648506E0));
#260=CARTESIAN_POINT('',(-5.566652520824E1,1.61E1,2.234821351494E0));
#261=CARTESIAN_POINT('',(-5.566652520824E1,1.61E1,2.111607117165E0));
#262=CARTESIAN_POINT('',(-5.566652520824E1,1.61E1,1.988392882835E0));
#263=CARTESIAN_POINT('',(-5.566652520824E1,1.61E1,1.865178648506E0));
#264=CARTESIAN_POINT('',(-5.540997764058E1,1.61E1,2.234821351494E0));
#265=CARTESIAN_POINT('',(-5.540997764058E1,1.61E1,2.111607117165E0));
#266=CARTESIAN_POINT('',(-5.540997764058E1,1.61E1,1.988392882835E0));
#267=CARTESIAN_POINT('',(-5.540997764058E1,1.61E1,1.865178648506E0));
#268=CARTESIAN_POINT('',(-5.515343007292E1,1.61E1,2.234821351494E0));
#269=CARTESIAN_POINT('',(-5.515343007292E1,1.61E1,2.111607117165E0));
#270=CARTESIAN_POINT('',(-5.515343007292E1,1.61E1,1.988392882835E0));
#271=CARTESIAN_POINT('',(-5.515343007292E1,1.61E1,1.865178648506E0));
#272=B_SPLINE_SURFACE_WITH_KNOTS('',3,3,((#256,#257,#258,#259),(#260,#261,#262,
#263),(#264,#265,#266,#267),(#268,#269,#270,#271)),.UNSPECIFIED.,.F.,.F.,.F.,(4,
4),(4,4),(-3.848213514937E-1,3.848213514937E-1),(-1.848213514941E-1,
1.848213514941E-1),.UNSPECIFIED.);
#273=ORIENTED_EDGE('',*,*,#144,.F.);
#274=ORIENTED_EDGE('',*,*,#178,.F.);
#275=ORIENTED_EDGE('',*,*,#211,.F.);
#276=ORIENTED_EDGE('',*,*,#243,.F.);
#277=EDGE_LOOP('',(#273,#274,#275,#276));
#278=FACE_OUTER_BOUND('',#277,.F.);
#279=ADVANCED_FACE('',(#278),#272,.T.);
#280=FILL_AREA_STYLE_COLOUR('',#24);
#281=FILL_AREA_STYLE('',(#280));
#282=SURFACE_STYLE_FILL_AREA(#281);
#283=SURFACE_SIDE_STYLE('',(#282));
#284=SURFACE_STYLE_USAGE(.BOTH.,#283);
#285=PRESENTATION_STYLE_ASSIGNMENT((#284));
#286=STYLED_ITEM('',(#285),#279);
#287=CLOSED_SHELL('',(#116,#150,#183,#216,#248,#279));
#288=MANIFOLD_SOLID_BREP('',#287);
#289=DIRECTION('',(0.E0,0.E0,1.E0));
#290=VECTOR('',#289,3.E-1);
#291=CARTESIAN_POINT('',(-5.842825142441E1,8.1E0,1.9E0));
#292=LINE('',#291,#290);
#293=DIRECTION('',(-1.E0,0.E0,0.E0));
#294=VECTOR('',#293,7.E-1);
#295=CARTESIAN_POINT('',(-5.772825142441E1,8.1E0,1.9E0));
#296=LINE('',#295,#294);
#297=DIRECTION('',(0.E0,1.E0,0.E0));
#298=VECTOR('',#297,8.E0);
#299=CARTESIAN_POINT('',(-5.842825142441E1,8.1E0,1.9E0));
#300=LINE('',#299,#298);
#301=DIRECTION('',(0.E0,0.E0,-1.E0));
#302=VECTOR('',#301,3.E-1);
#303=CARTESIAN_POINT('',(-5.772825142441E1,8.1E0,2.2E0));
#304=LINE('',#303,#302);
#305=DIRECTION('',(0.E0,1.E0,0.E0));
#306=VECTOR('',#305,8.E0);
#307=CARTESIAN_POINT('',(-5.772825142441E1,8.1E0,1.9E0));
#308=LINE('',#307,#306);
#309=DIRECTION('',(1.E0,0.E0,0.E0));
#310=VECTOR('',#309,7.E-1);
#311=CARTESIAN_POINT('',(-5.842825142441E1,8.1E0,2.2E0));
#312=LINE('',#311,#310);
#313=DIRECTION('',(0.E0,-1.E0,0.E0));
#314=VECTOR('',#313,8.E0);
#315=CARTESIAN_POINT('',(-5.842825142441E1,1.61E1,2.2E0));
#316=LINE('',#315,#314);
#317=DIRECTION('',(0.E0,1.E0,0.E0));
#318=VECTOR('',#317,8.E0);
#319=CARTESIAN_POINT('',(-5.772825142441E1,8.1E0,2.2E0));
#320=LINE('',#319,#318);
#321=DIRECTION('',(0.E0,0.E0,1.E0));
#322=VECTOR('',#321,3.E-1);
#323=CARTESIAN_POINT('',(-5.842825142441E1,1.61E1,1.9E0));
#324=LINE('',#323,#322);
#325=DIRECTION('',(-1.E0,0.E0,0.E0));
#326=VECTOR('',#325,7.E-1);
#327=CARTESIAN_POINT('',(-5.772825142441E1,1.61E1,1.9E0));
#328=LINE('',#327,#326);
#329=DIRECTION('',(0.E0,0.E0,-1.E0));
#330=VECTOR('',#329,3.E-1);
#331=CARTESIAN_POINT('',(-5.772825142441E1,1.61E1,2.2E0));
#332=LINE('',#331,#330);
#333=DIRECTION('',(1.E0,0.E0,0.E0));
#334=VECTOR('',#333,7.E-1);
#335=CARTESIAN_POINT('',(-5.842825142441E1,1.61E1,2.2E0));
#336=LINE('',#335,#334);
#337=CARTESIAN_POINT('',(-5.842825142441E1,8.1E0,1.9E0));
#338=CARTESIAN_POINT('',(-5.842825142441E1,8.1E0,2.2E0));
#339=VERTEX_POINT('',#337);
#340=VERTEX_POINT('',#338);
#341=CARTESIAN_POINT('',(-5.772825142441E1,8.1E0,1.9E0));
#342=VERTEX_POINT('',#341);
#343=CARTESIAN_POINT('',(-5.772825142441E1,8.1E0,2.2E0));
#344=VERTEX_POINT('',#343);
#345=CARTESIAN_POINT('',(-5.842825142441E1,1.61E1,1.9E0));
#346=VERTEX_POINT('',#345);
#347=CARTESIAN_POINT('',(-5.842825142441E1,1.61E1,2.2E0));
#348=VERTEX_POINT('',#347);
#349=CARTESIAN_POINT('',(-5.772825142441E1,1.61E1,1.9E0));
#350=VERTEX_POINT('',#349);
#351=CARTESIAN_POINT('',(-5.772825142441E1,1.61E1,2.2E0));
#352=VERTEX_POINT('',#351);
#353=CARTESIAN_POINT('',(-5.846307277590E1,8.1E0,2.234821351494E0));
#354=CARTESIAN_POINT('',(-5.846307277590E1,8.1E0,2.111607117165E0));
#355=CARTESIAN_POINT('',(-5.846307277590E1,8.1E0,1.988392882835E0));
#356=CARTESIAN_POINT('',(-5.846307277590E1,8.1E0,1.865178648506E0));
#357=CARTESIAN_POINT('',(-5.820652520824E1,8.1E0,2.234821351494E0));
#358=CARTESIAN_POINT('',(-5.820652520824E1,8.1E0,2.111607117165E0));
#359=CARTESIAN_POINT('',(-5.820652520824E1,8.1E0,1.988392882835E0));
#360=CARTESIAN_POINT('',(-5.820652520824E1,8.1E0,1.865178648506E0));
#361=CARTESIAN_POINT('',(-5.794997764058E1,8.1E0,2.234821351494E0));
#362=CARTESIAN_POINT('',(-5.794997764058E1,8.1E0,2.111607117165E0));
#363=CARTESIAN_POINT('',(-5.794997764058E1,8.1E0,1.988392882835E0));
#364=CARTESIAN_POINT('',(-5.794997764058E1,8.1E0,1.865178648506E0));
#365=CARTESIAN_POINT('',(-5.769343007292E1,8.1E0,2.234821351494E0));
#366=CARTESIAN_POINT('',(-5.769343007292E1,8.1E0,2.111607117165E0));
#367=CARTESIAN_POINT('',(-5.769343007292E1,8.1E0,1.988392882835E0));
#368=CARTESIAN_POINT('',(-5.769343007292E1,8.1E0,1.865178648506E0));
#369=B_SPLINE_SURFACE_WITH_KNOTS('',3,3,((#353,#354,#355,#356),(#357,#358,#359,
#360),(#361,#362,#363,#364),(#365,#366,#367,#368)),.UNSPECIFIED.,.F.,.F.,.F.,(4,
4),(4,4),(-3.848213514937E-1,3.848213514937E-1),(-1.848213514941E-1,
1.848213514941E-1),.UNSPECIFIED.);
#371=ORIENTED_EDGE('',*,*,#370,.T.);
#373=ORIENTED_EDGE('',*,*,#372,.T.);
#375=ORIENTED_EDGE('',*,*,#374,.T.);
#377=ORIENTED_EDGE('',*,*,#376,.T.);
#378=EDGE_LOOP('',(#371,#373,#375,#377));
#379=FACE_OUTER_BOUND('',#378,.F.);
#380=ADVANCED_FACE('',(#379),#369,.F.);
#381=FILL_AREA_STYLE_COLOUR('',#24);
#382=FILL_AREA_STYLE('',(#381));
#383=SURFACE_STYLE_FILL_AREA(#382);
#384=SURFACE_SIDE_STYLE('',(#383));
#385=SURFACE_STYLE_USAGE(.BOTH.,#384);
#386=PRESENTATION_STYLE_ASSIGNMENT((#385));
#387=STYLED_ITEM('',(#386),#380);
#388=CARTESIAN_POINT('',(-5.842825142441E1,7.94E0,1.865178648506E0));
#389=CARTESIAN_POINT('',(-5.842825142441E1,1.071333333333E1,1.865178648506E0));
#390=CARTESIAN_POINT('',(-5.842825142441E1,1.348666666667E1,1.865178648506E0));
#391=CARTESIAN_POINT('',(-5.842825142441E1,1.626E1,1.865178648506E0));
#392=CARTESIAN_POINT('',(-5.842825142441E1,7.94E0,1.988392882835E0));
#393=CARTESIAN_POINT('',(-5.842825142441E1,1.071333333333E1,1.988392882835E0));
#394=CARTESIAN_POINT('',(-5.842825142441E1,1.348666666667E1,1.988392882835E0));
#395=CARTESIAN_POINT('',(-5.842825142441E1,1.626E1,1.988392882835E0));
#396=CARTESIAN_POINT('',(-5.842825142441E1,7.94E0,2.111607117165E0));
#397=CARTESIAN_POINT('',(-5.842825142441E1,1.071333333333E1,2.111607117165E0));
#398=CARTESIAN_POINT('',(-5.842825142441E1,1.348666666667E1,2.111607117165E0));
#399=CARTESIAN_POINT('',(-5.842825142441E1,1.626E1,2.111607117165E0));
#400=CARTESIAN_POINT('',(-5.842825142441E1,7.94E0,2.234821351494E0));
#401=CARTESIAN_POINT('',(-5.842825142441E1,1.071333333333E1,2.234821351494E0));
#402=CARTESIAN_POINT('',(-5.842825142441E1,1.348666666667E1,2.234821351494E0));
#403=CARTESIAN_POINT('',(-5.842825142441E1,1.626E1,2.234821351494E0));
#404=B_SPLINE_SURFACE_WITH_KNOTS('',3,3,((#388,#389,#390,#391),(#392,#393,#394,
#395),(#396,#397,#398,#399),(#400,#401,#402,#403)),.UNSPECIFIED.,.F.,.F.,.F.,(4,
4),(4,4),(-3.482135149410E-2,3.348213514941E-1),(-1.6E-1,8.16E0),.UNSPECIFIED.);
#405=ORIENTED_EDGE('',*,*,#370,.F.);
#407=ORIENTED_EDGE('',*,*,#406,.T.);
#409=ORIENTED_EDGE('',*,*,#408,.T.);
#411=ORIENTED_EDGE('',*,*,#410,.T.);
#412=EDGE_LOOP('',(#405,#407,#409,#411));
#413=FACE_OUTER_BOUND('',#412,.F.);
#414=ADVANCED_FACE('',(#413),#404,.T.);
#415=FILL_AREA_STYLE_COLOUR('',#24);
#416=FILL_AREA_STYLE('',(#415));
#417=SURFACE_STYLE_FILL_AREA(#416);
#418=SURFACE_SIDE_STYLE('',(#417));
#419=SURFACE_STYLE_USAGE(.BOTH.,#418);
#420=PRESENTATION_STYLE_ASSIGNMENT((#419));
#421=STYLED_ITEM('',(#420),#414);
#422=CARTESIAN_POINT('',(-5.769343007292E1,7.94E0,1.9E0));
#423=CARTESIAN_POINT('',(-5.769343007292E1,1.071333333333E1,1.9E0));
#424=CARTESIAN_POINT('',(-5.769343007292E1,1.348666666667E1,1.9E0));
#425=CARTESIAN_POINT('',(-5.769343007292E1,1.626E1,1.9E0));
#426=CARTESIAN_POINT('',(-5.794997764058E1,7.94E0,1.9E0));
#427=CARTESIAN_POINT('',(-5.794997764058E1,1.071333333333E1,1.9E0));
#428=CARTESIAN_POINT('',(-5.794997764058E1,1.348666666667E1,1.9E0));
#429=CARTESIAN_POINT('',(-5.794997764058E1,1.626E1,1.9E0));
#430=CARTESIAN_POINT('',(-5.820652520824E1,7.94E0,1.9E0));
#431=CARTESIAN_POINT('',(-5.820652520824E1,1.071333333333E1,1.9E0));
#432=CARTESIAN_POINT('',(-5.820652520824E1,1.348666666667E1,1.9E0));
#433=CARTESIAN_POINT('',(-5.820652520824E1,1.626E1,1.9E0));
#434=CARTESIAN_POINT('',(-5.846307277590E1,7.94E0,1.9E0));
#435=CARTESIAN_POINT('',(-5.846307277590E1,1.071333333333E1,1.9E0));
#436=CARTESIAN_POINT('',(-5.846307277590E1,1.348666666667E1,1.9E0));
#437=CARTESIAN_POINT('',(-5.846307277590E1,1.626E1,1.9E0));
#438=B_SPLINE_SURFACE_WITH_KNOTS('',3,3,((#422,#423,#424,#425),(#426,#427,#428,
#429),(#430,#431,#432,#433),(#434,#435,#436,#437)),.UNSPECIFIED.,.F.,.F.,.F.,(4,
4),(4,4),(-3.482135149366E-2,7.348213514937E-1),(-1.6E-1,8.16E0),.UNSPECIFIED.);
#439=ORIENTED_EDGE('',*,*,#376,.F.);
#441=ORIENTED_EDGE('',*,*,#440,.T.);
#443=ORIENTED_EDGE('',*,*,#442,.T.);
#444=ORIENTED_EDGE('',*,*,#406,.F.);
#445=EDGE_LOOP('',(#439,#441,#443,#444));
#446=FACE_OUTER_BOUND('',#445,.F.);
#447=ADVANCED_FACE('',(#446),#438,.T.);
#448=FILL_AREA_STYLE_COLOUR('',#24);
#449=FILL_AREA_STYLE('',(#448));
#450=SURFACE_STYLE_FILL_AREA(#449);
#451=SURFACE_SIDE_STYLE('',(#450));
#452=SURFACE_STYLE_USAGE(.BOTH.,#451);
#453=PRESENTATION_STYLE_ASSIGNMENT((#452));
#454=STYLED_ITEM('',(#453),#447);
#455=CARTESIAN_POINT('',(-5.772825142441E1,7.94E0,2.234821351494E0));
#456=CARTESIAN_POINT('',(-5.772825142441E1,1.071333333333E1,2.234821351494E0));
#457=CARTESIAN_POINT('',(-5.772825142441E1,1.348666666667E1,2.234821351494E0));
#458=CARTESIAN_POINT('',(-5.772825142441E1,1.626E1,2.234821351494E0));
#459=CARTESIAN_POINT('',(-5.772825142441E1,7.94E0,2.111607117165E0));
#460=CARTESIAN_POINT('',(-5.772825142441E1,1.071333333333E1,2.111607117165E0));
#461=CARTESIAN_POINT('',(-5.772825142441E1,1.348666666667E1,2.111607117165E0));
#462=CARTESIAN_POINT('',(-5.772825142441E1,1.626E1,2.111607117165E0));
#463=CARTESIAN_POINT('',(-5.772825142441E1,7.94E0,1.988392882835E0));
#464=CARTESIAN_POINT('',(-5.772825142441E1,1.071333333333E1,1.988392882835E0));
#465=CARTESIAN_POINT('',(-5.772825142441E1,1.348666666667E1,1.988392882835E0));
#466=CARTESIAN_POINT('',(-5.772825142441E1,1.626E1,1.988392882835E0));
#467=CARTESIAN_POINT('',(-5.772825142441E1,7.94E0,1.865178648506E0));
#468=CARTESIAN_POINT('',(-5.772825142441E1,1.071333333333E1,1.865178648506E0));
#469=CARTESIAN_POINT('',(-5.772825142441E1,1.348666666667E1,1.865178648506E0));
#470=CARTESIAN_POINT('',(-5.772825142441E1,1.626E1,1.865178648506E0));
#471=B_SPLINE_SURFACE_WITH_KNOTS('',3,3,((#455,#456,#457,#458),(#459,#460,#461,
#462),(#463,#464,#465,#466),(#467,#468,#469,#470)),.UNSPECIFIED.,.F.,.F.,.F.,(4,
4),(4,4),(-3.482135149410E-2,3.348213514941E-1),(-1.6E-1,8.16E0),.UNSPECIFIED.);
#472=ORIENTED_EDGE('',*,*,#374,.F.);
#474=ORIENTED_EDGE('',*,*,#473,.T.);
#476=ORIENTED_EDGE('',*,*,#475,.T.);
#477=ORIENTED_EDGE('',*,*,#440,.F.);
#478=EDGE_LOOP('',(#472,#474,#476,#477));
#479=FACE_OUTER_BOUND('',#478,.F.);
#480=ADVANCED_FACE('',(#479),#471,.T.);
#481=FILL_AREA_STYLE_COLOUR('',#24);
#482=FILL_AREA_STYLE('',(#481));
#483=SURFACE_STYLE_FILL_AREA(#482);
#484=SURFACE_SIDE_STYLE('',(#483));
#485=SURFACE_STYLE_USAGE(.BOTH.,#484);
#486=PRESENTATION_STYLE_ASSIGNMENT((#485));
#487=STYLED_ITEM('',(#486),#480);
#488=CARTESIAN_POINT('',(-5.846307277590E1,7.94E0,2.2E0));
#489=CARTESIAN_POINT('',(-5.846307277590E1,1.071333333333E1,2.2E0));
#490=CARTESIAN_POINT('',(-5.846307277590E1,1.348666666667E1,2.2E0));
#491=CARTESIAN_POINT('',(-5.846307277590E1,1.626E1,2.2E0));
#492=CARTESIAN_POINT('',(-5.820652520824E1,7.94E0,2.2E0));
#493=CARTESIAN_POINT('',(-5.820652520824E1,1.071333333333E1,2.2E0));
#494=CARTESIAN_POINT('',(-5.820652520824E1,1.348666666667E1,2.2E0));
#495=CARTESIAN_POINT('',(-5.820652520824E1,1.626E1,2.2E0));
#496=CARTESIAN_POINT('',(-5.794997764058E1,7.94E0,2.2E0));
#497=CARTESIAN_POINT('',(-5.794997764058E1,1.071333333333E1,2.2E0));
#498=CARTESIAN_POINT('',(-5.794997764058E1,1.348666666667E1,2.2E0));
#499=CARTESIAN_POINT('',(-5.794997764058E1,1.626E1,2.2E0));
#500=CARTESIAN_POINT('',(-5.769343007292E1,7.94E0,2.2E0));
#501=CARTESIAN_POINT('',(-5.769343007292E1,1.071333333333E1,2.2E0));
#502=CARTESIAN_POINT('',(-5.769343007292E1,1.348666666667E1,2.2E0));
#503=CARTESIAN_POINT('',(-5.769343007292E1,1.626E1,2.2E0));
#504=B_SPLINE_SURFACE_WITH_KNOTS('',3,3,((#488,#489,#490,#491),(#492,#493,#494,
#495),(#496,#497,#498,#499),(#500,#501,#502,#503)),.UNSPECIFIED.,.F.,.F.,.F.,(4,
4),(4,4),(-3.482135149365E-2,7.348213514937E-1),(-1.6E-1,8.16E0),.UNSPECIFIED.);
#505=ORIENTED_EDGE('',*,*,#372,.F.);
#506=ORIENTED_EDGE('',*,*,#410,.F.);
#508=ORIENTED_EDGE('',*,*,#507,.T.);
#509=ORIENTED_EDGE('',*,*,#473,.F.);
#510=EDGE_LOOP('',(#505,#506,#508,#509));
#511=FACE_OUTER_BOUND('',#510,.F.);
#512=ADVANCED_FACE('',(#511),#504,.T.);
#513=FILL_AREA_STYLE_COLOUR('',#24);
#514=FILL_AREA_STYLE('',(#513));
#515=SURFACE_STYLE_FILL_AREA(#514);
#516=SURFACE_SIDE_STYLE('',(#515));
#517=SURFACE_STYLE_USAGE(.BOTH.,#516);
#518=PRESENTATION_STYLE_ASSIGNMENT((#517));
#519=STYLED_ITEM('',(#518),#512);
#520=CARTESIAN_POINT('',(-5.846307277590E1,1.61E1,2.234821351494E0));
#521=CARTESIAN_POINT('',(-5.846307277590E1,1.61E1,2.111607117165E0));
#522=CARTESIAN_POINT('',(-5.846307277590E1,1.61E1,1.988392882835E0));
#523=CARTESIAN_POINT('',(-5.846307277590E1,1.61E1,1.865178648506E0));
#524=CARTESIAN_POINT('',(-5.820652520824E1,1.61E1,2.234821351494E0));
#525=CARTESIAN_POINT('',(-5.820652520824E1,1.61E1,2.111607117165E0));
#526=CARTESIAN_POINT('',(-5.820652520824E1,1.61E1,1.988392882835E0));
#527=CARTESIAN_POINT('',(-5.820652520824E1,1.61E1,1.865178648506E0));
#528=CARTESIAN_POINT('',(-5.794997764058E1,1.61E1,2.234821351494E0));
#529=CARTESIAN_POINT('',(-5.794997764058E1,1.61E1,2.111607117165E0));
#530=CARTESIAN_POINT('',(-5.794997764058E1,1.61E1,1.988392882835E0));
#531=CARTESIAN_POINT('',(-5.794997764058E1,1.61E1,1.865178648506E0));
#532=CARTESIAN_POINT('',(-5.769343007292E1,1.61E1,2.234821351494E0));
#533=CARTESIAN_POINT('',(-5.769343007292E1,1.61E1,2.111607117165E0));
#534=CARTESIAN_POINT('',(-5.769343007292E1,1.61E1,1.988392882835E0));
#535=CARTESIAN_POINT('',(-5.769343007292E1,1.61E1,1.865178648506E0));
#536=B_SPLINE_SURFACE_WITH_KNOTS('',3,3,((#520,#521,#522,#523),(#524,#525,#526,
#527),(#528,#529,#530,#531),(#532,#533,#534,#535)),.UNSPECIFIED.,.F.,.F.,.F.,(4,
4),(4,4),(-3.848213514937E-1,3.848213514937E-1),(-1.848213514941E-1,
1.848213514941E-1),.UNSPECIFIED.);
#537=ORIENTED_EDGE('',*,*,#408,.F.);
#538=ORIENTED_EDGE('',*,*,#442,.F.);
#539=ORIENTED_EDGE('',*,*,#475,.F.);
#540=ORIENTED_EDGE('',*,*,#507,.F.);
#541=EDGE_LOOP('',(#537,#538,#539,#540));
#542=FACE_OUTER_BOUND('',#541,.F.);
#543=ADVANCED_FACE('',(#542),#536,.T.);
#544=FILL_AREA_STYLE_COLOUR('',#24);
#545=FILL_AREA_STYLE('',(#544));
#546=SURFACE_STYLE_FILL_AREA(#545);
#547=SURFACE_SIDE_STYLE('',(#546));
#548=SURFACE_STYLE_USAGE(.BOTH.,#547);
#549=PRESENTATION_STYLE_ASSIGNMENT((#548));
#550=STYLED_ITEM('',(#549),#543);
#551=CLOSED_SHELL('',(#380,#414,#447,#480,#512,#543));
#552=MANIFOLD_SOLID_BREP('',#551);
#553=DIRECTION('',(0.E0,0.E0,1.E0));
#554=VECTOR('',#553,3.E-1);
#555=CARTESIAN_POINT('',(-6.096825142441E1,8.1E0,1.9E0));
#556=LINE('',#555,#554);
#557=DIRECTION('',(-1.E0,0.E0,0.E0));
#558=VECTOR('',#557,7.E-1);
#559=CARTESIAN_POINT('',(-6.026825142441E1,8.1E0,1.9E0));
#560=LINE('',#559,#558);
#561=DIRECTION('',(0.E0,1.E0,0.E0));
#562=VECTOR('',#561,8.E0);
#563=CARTESIAN_POINT('',(-6.096825142441E1,8.1E0,1.9E0));
#564=LINE('',#563,#562);
#565=DIRECTION('',(0.E0,0.E0,-1.E0));
#566=VECTOR('',#565,3.E-1);
#567=CARTESIAN_POINT('',(-6.026825142441E1,8.1E0,2.2E0));
#568=LINE('',#567,#566);
#569=DIRECTION('',(0.E0,1.E0,0.E0));
#570=VECTOR('',#569,8.E0);
#571=CARTESIAN_POINT('',(-6.026825142441E1,8.1E0,1.9E0));
#572=LINE('',#571,#570);
#573=DIRECTION('',(1.E0,0.E0,0.E0));
#574=VECTOR('',#573,7.E-1);
#575=CARTESIAN_POINT('',(-6.096825142441E1,8.1E0,2.2E0));
#576=LINE('',#575,#574);
#577=DIRECTION('',(0.E0,-1.E0,0.E0));
#578=VECTOR('',#577,8.E0);
#579=CARTESIAN_POINT('',(-6.096825142441E1,1.61E1,2.2E0));
#580=LINE('',#579,#578);
#581=DIRECTION('',(0.E0,1.E0,0.E0));
#582=VECTOR('',#581,8.E0);
#583=CARTESIAN_POINT('',(-6.026825142441E1,8.1E0,2.2E0));
#584=LINE('',#583,#582);
#585=DIRECTION('',(0.E0,0.E0,1.E0));
#586=VECTOR('',#585,3.E-1);
#587=CARTESIAN_POINT('',(-6.096825142441E1,1.61E1,1.9E0));
#588=LINE('',#587,#586);
#589=DIRECTION('',(-1.E0,0.E0,0.E0));
#590=VECTOR('',#589,7.E-1);
#591=CARTESIAN_POINT('',(-6.026825142441E1,1.61E1,1.9E0));
#592=LINE('',#591,#590);
#593=DIRECTION('',(2.368475785867E-14,0.E0,-1.E0));
#594=VECTOR('',#593,3.E-1);
#595=CARTESIAN_POINT('',(-6.026825142441E1,1.61E1,2.2E0));
#596=LINE('',#595,#594);
#597=DIRECTION('',(1.E0,0.E0,0.E0));
#598=VECTOR('',#597,7.E-1);
#599=CARTESIAN_POINT('',(-6.096825142441E1,1.61E1,2.2E0));
#600=LINE('',#599,#598);
#601=CARTESIAN_POINT('',(-6.096825142441E1,8.1E0,1.9E0));
#602=CARTESIAN_POINT('',(-6.096825142441E1,8.1E0,2.2E0));
#603=VERTEX_POINT('',#601);
#604=VERTEX_POINT('',#602);
#605=CARTESIAN_POINT('',(-6.026825142441E1,8.1E0,1.9E0));
#606=VERTEX_POINT('',#605);
#607=CARTESIAN_POINT('',(-6.026825142441E1,8.1E0,2.2E0));
#608=VERTEX_POINT('',#607);
#609=CARTESIAN_POINT('',(-6.096825142441E1,1.61E1,1.9E0));
#610=VERTEX_POINT('',#609);
#611=CARTESIAN_POINT('',(-6.096825142441E1,1.61E1,2.2E0));
#612=VERTEX_POINT('',#611);
#613=CARTESIAN_POINT('',(-6.026825142441E1,1.61E1,1.9E0));
#614=VERTEX_POINT('',#613);
#615=CARTESIAN_POINT('',(-6.026825142441E1,1.61E1,2.2E0));
#616=VERTEX_POINT('',#615);
#617=CARTESIAN_POINT('',(-6.100307277590E1,8.1E0,2.234821351494E0));
#618=CARTESIAN_POINT('',(-6.100307277590E1,8.1E0,2.111607117165E0));
#619=CARTESIAN_POINT('',(-6.100307277590E1,8.1E0,1.988392882835E0));
#620=CARTESIAN_POINT('',(-6.100307277590E1,8.1E0,1.865178648506E0));
#621=CARTESIAN_POINT('',(-6.074652520824E1,8.1E0,2.234821351494E0));
#622=CARTESIAN_POINT('',(-6.074652520824E1,8.1E0,2.111607117165E0));
#623=CARTESIAN_POINT('',(-6.074652520824E1,8.1E0,1.988392882835E0));
#624=CARTESIAN_POINT('',(-6.074652520824E1,8.1E0,1.865178648506E0));
#625=CARTESIAN_POINT('',(-6.048997764058E1,8.1E0,2.234821351494E0));
#626=CARTESIAN_POINT('',(-6.048997764058E1,8.1E0,2.111607117165E0));
#627=CARTESIAN_POINT('',(-6.048997764058E1,8.1E0,1.988392882835E0));
#628=CARTESIAN_POINT('',(-6.048997764058E1,8.1E0,1.865178648506E0));
#629=CARTESIAN_POINT('',(-6.023343007292E1,8.1E0,2.234821351494E0));
#630=CARTESIAN_POINT('',(-6.023343007292E1,8.1E0,2.111607117165E0));
#631=CARTESIAN_POINT('',(-6.023343007292E1,8.1E0,1.988392882835E0));
#632=CARTESIAN_POINT('',(-6.023343007292E1,8.1E0,1.865178648506E0));
#633=B_SPLINE_SURFACE_WITH_KNOTS('',3,3,((#617,#618,#619,#620),(#621,#622,#623,
#624),(#625,#626,#627,#628),(#629,#630,#631,#632)),.UNSPECIFIED.,.F.,.F.,.F.,(4,
4),(4,4),(-3.848213514937E-1,3.848213514937E-1),(-1.848213514941E-1,
1.848213514941E-1),.UNSPECIFIED.);
#635=ORIENTED_EDGE('',*,*,#634,.T.);
#637=ORIENTED_EDGE('',*,*,#636,.T.);
#639=ORIENTED_EDGE('',*,*,#638,.T.);
#641=ORIENTED_EDGE('',*,*,#640,.T.);
#642=EDGE_LOOP('',(#635,#637,#639,#641));
#643=FACE_OUTER_BOUND('',#642,.F.);
#644=ADVANCED_FACE('',(#643),#633,.F.);
#645=FILL_AREA_STYLE_COLOUR('',#24);
#646=FILL_AREA_STYLE('',(#645));
#647=SURFACE_STYLE_FILL_AREA(#646);
#648=SURFACE_SIDE_STYLE('',(#647));
#649=SURFACE_STYLE_USAGE(.BOTH.,#648);
#650=PRESENTATION_STYLE_ASSIGNMENT((#649));
#651=STYLED_ITEM('',(#650),#644);
#652=CARTESIAN_POINT('',(-6.096825142441E1,7.94E0,1.865178648506E0));
#653=CARTESIAN_POINT('',(-6.096825142441E1,1.071333333333E1,1.865178648506E0));
#654=CARTESIAN_POINT('',(-6.096825142441E1,1.348666666667E1,1.865178648506E0));
#655=CARTESIAN_POINT('',(-6.096825142441E1,1.626E1,1.865178648506E0));
#656=CARTESIAN_POINT('',(-6.096825142441E1,7.94E0,1.988392882835E0));
#657=CARTESIAN_POINT('',(-6.096825142441E1,1.071333333333E1,1.988392882835E0));
#658=CARTESIAN_POINT('',(-6.096825142441E1,1.348666666667E1,1.988392882835E0));
#659=CARTESIAN_POINT('',(-6.096825142441E1,1.626E1,1.988392882835E0));
#660=CARTESIAN_POINT('',(-6.096825142441E1,7.94E0,2.111607117165E0));
#661=CARTESIAN_POINT('',(-6.096825142441E1,1.071333333333E1,2.111607117165E0));
#662=CARTESIAN_POINT('',(-6.096825142441E1,1.348666666667E1,2.111607117165E0));
#663=CARTESIAN_POINT('',(-6.096825142441E1,1.626E1,2.111607117165E0));
#664=CARTESIAN_POINT('',(-6.096825142441E1,7.94E0,2.234821351494E0));
#665=CARTESIAN_POINT('',(-6.096825142441E1,1.071333333333E1,2.234821351494E0));
#666=CARTESIAN_POINT('',(-6.096825142441E1,1.348666666667E1,2.234821351494E0));
#667=CARTESIAN_POINT('',(-6.096825142441E1,1.626E1,2.234821351494E0));
#668=B_SPLINE_SURFACE_WITH_KNOTS('',3,3,((#652,#653,#654,#655),(#656,#657,#658,
#659),(#660,#661,#662,#663),(#664,#665,#666,#667)),.UNSPECIFIED.,.F.,.F.,.F.,(4,
4),(4,4),(-3.482135149410E-2,3.348213514941E-1),(-1.6E-1,8.16E0),.UNSPECIFIED.);
#669=ORIENTED_EDGE('',*,*,#634,.F.);
#671=ORIENTED_EDGE('',*,*,#670,.T.);
#673=ORIENTED_EDGE('',*,*,#672,.T.);
#675=ORIENTED_EDGE('',*,*,#674,.T.);
#676=EDGE_LOOP('',(#669,#671,#673,#675));
#677=FACE_OUTER_BOUND('',#676,.F.);
#678=ADVANCED_FACE('',(#677),#668,.T.);
#679=FILL_AREA_STYLE_COLOUR('',#24);
#680=FILL_AREA_STYLE('',(#679));
#681=SURFACE_STYLE_FILL_AREA(#680);
#682=SURFACE_SIDE_STYLE('',(#681));
#683=SURFACE_STYLE_USAGE(.BOTH.,#682);
#684=PRESENTATION_STYLE_ASSIGNMENT((#683));
#685=STYLED_ITEM('',(#684),#678);
#686=CARTESIAN_POINT('',(-6.023343007292E1,7.94E0,1.9E0));
#687=CARTESIAN_POINT('',(-6.023343007292E1,1.071333333333E1,1.9E0));
#688=CARTESIAN_POINT('',(-6.023343007292E1,1.348666666667E1,1.9E0));
#689=CARTESIAN_POINT('',(-6.023343007292E1,1.626E1,1.9E0));
#690=CARTESIAN_POINT('',(-6.048997764058E1,7.94E0,1.9E0));
#691=CARTESIAN_POINT('',(-6.048997764058E1,1.071333333333E1,1.9E0));
#692=CARTESIAN_POINT('',(-6.048997764058E1,1.348666666667E1,1.9E0));
#693=CARTESIAN_POINT('',(-6.048997764058E1,1.626E1,1.9E0));
#694=CARTESIAN_POINT('',(-6.074652520824E1,7.94E0,1.9E0));
#695=CARTESIAN_POINT('',(-6.074652520824E1,1.071333333333E1,1.9E0));
#696=CARTESIAN_POINT('',(-6.074652520824E1,1.348666666667E1,1.9E0));
#697=CARTESIAN_POINT('',(-6.074652520824E1,1.626E1,1.9E0));
#698=CARTESIAN_POINT('',(-6.100307277590E1,7.94E0,1.9E0));
#699=CARTESIAN_POINT('',(-6.100307277590E1,1.071333333333E1,1.9E0));
#700=CARTESIAN_POINT('',(-6.100307277590E1,1.348666666667E1,1.9E0));
#701=CARTESIAN_POINT('',(-6.100307277590E1,1.626E1,1.9E0));
#702=B_SPLINE_SURFACE_WITH_KNOTS('',3,3,((#686,#687,#688,#689),(#690,#691,#692,
#693),(#694,#695,#696,#697),(#698,#699,#700,#701)),.UNSPECIFIED.,.F.,.F.,.F.,(4,
4),(4,4),(-3.482135149366E-2,7.348213514937E-1),(-1.6E-1,8.16E0),.UNSPECIFIED.);
#703=ORIENTED_EDGE('',*,*,#640,.F.);
#705=ORIENTED_EDGE('',*,*,#704,.T.);
#707=ORIENTED_EDGE('',*,*,#706,.T.);
#708=ORIENTED_EDGE('',*,*,#670,.F.);
#709=EDGE_LOOP('',(#703,#705,#707,#708));
#710=FACE_OUTER_BOUND('',#709,.F.);
#711=ADVANCED_FACE('',(#710),#702,.T.);
#712=FILL_AREA_STYLE_COLOUR('',#24);
#713=FILL_AREA_STYLE('',(#712));
#714=SURFACE_STYLE_FILL_AREA(#713);
#715=SURFACE_SIDE_STYLE('',(#714));
#716=SURFACE_STYLE_USAGE(.BOTH.,#715);
#717=PRESENTATION_STYLE_ASSIGNMENT((#716));
#718=STYLED_ITEM('',(#717),#711);
#719=CARTESIAN_POINT('',(-6.026825142441E1,7.94E0,2.234821351494E0));
#720=CARTESIAN_POINT('',(-6.026825142441E1,1.071333333333E1,2.234821351494E0));
#721=CARTESIAN_POINT('',(-6.026825142441E1,1.348666666667E1,2.234821351494E0));
#722=CARTESIAN_POINT('',(-6.026825142441E1,1.626E1,2.234821351494E0));
#723=CARTESIAN_POINT('',(-6.026825142441E1,7.94E0,2.111607117165E0));
#724=CARTESIAN_POINT('',(-6.026825142441E1,1.071333333333E1,2.111607117165E0));
#725=CARTESIAN_POINT('',(-6.026825142441E1,1.348666666667E1,2.111607117165E0));
#726=CARTESIAN_POINT('',(-6.026825142441E1,1.626E1,2.111607117165E0));
#727=CARTESIAN_POINT('',(-6.026825142441E1,7.94E0,1.988392882835E0));
#728=CARTESIAN_POINT('',(-6.026825142441E1,1.071333333333E1,1.988392882835E0));
#729=CARTESIAN_POINT('',(-6.026825142441E1,1.348666666667E1,1.988392882835E0));
#730=CARTESIAN_POINT('',(-6.026825142441E1,1.626E1,1.988392882835E0));
#731=CARTESIAN_POINT('',(-6.026825142441E1,7.94E0,1.865178648506E0));
#732=CARTESIAN_POINT('',(-6.026825142441E1,1.071333333333E1,1.865178648506E0));
#733=CARTESIAN_POINT('',(-6.026825142441E1,1.348666666667E1,1.865178648506E0));
#734=CARTESIAN_POINT('',(-6.026825142441E1,1.626E1,1.865178648506E0));
#735=B_SPLINE_SURFACE_WITH_KNOTS('',3,3,((#719,#720,#721,#722),(#723,#724,#725,
#726),(#727,#728,#729,#730),(#731,#732,#733,#734)),.UNSPECIFIED.,.F.,.F.,.F.,(4,
4),(4,4),(-3.482135149410E-2,3.348213514941E-1),(-1.6E-1,8.16E0),.UNSPECIFIED.);
#736=ORIENTED_EDGE('',*,*,#638,.F.);
#738=ORIENTED_EDGE('',*,*,#737,.T.);
#740=ORIENTED_EDGE('',*,*,#739,.T.);
#741=ORIENTED_EDGE('',*,*,#704,.F.);
#742=EDGE_LOOP('',(#736,#738,#740,#741));
#743=FACE_OUTER_BOUND('',#742,.F.);
#744=ADVANCED_FACE('',(#743),#735,.T.);
#745=FILL_AREA_STYLE_COLOUR('',#24);
#746=FILL_AREA_STYLE('',(#745));
#747=SURFACE_STYLE_FILL_AREA(#746);
#748=SURFACE_SIDE_STYLE('',(#747));
#749=SURFACE_STYLE_USAGE(.BOTH.,#748);
#750=PRESENTATION_STYLE_ASSIGNMENT((#749));
#751=STYLED_ITEM('',(#750),#744);
#752=CARTESIAN_POINT('',(-6.100307277590E1,7.94E0,2.2E0));
#753=CARTESIAN_POINT('',(-6.100307277590E1,1.071333333333E1,2.2E0));
#754=CARTESIAN_POINT('',(-6.100307277590E1,1.348666666667E1,2.2E0));
#755=CARTESIAN_POINT('',(-6.100307277590E1,1.626E1,2.2E0));
#756=CARTESIAN_POINT('',(-6.074652520824E1,7.94E0,2.2E0));
#757=CARTESIAN_POINT('',(-6.074652520824E1,1.071333333333E1,2.2E0));
#758=CARTESIAN_POINT('',(-6.074652520824E1,1.348666666667E1,2.2E0));
#759=CARTESIAN_POINT('',(-6.074652520824E1,1.626E1,2.2E0));
#760=CARTESIAN_POINT('',(-6.048997764058E1,7.94E0,2.2E0));
#761=CARTESIAN_POINT('',(-6.048997764058E1,1.071333333333E1,2.2E0));
#762=CARTESIAN_POINT('',(-6.048997764058E1,1.348666666667E1,2.2E0));
#763=CARTESIAN_POINT('',(-6.048997764058E1,1.626E1,2.2E0));
#764=CARTESIAN_POINT('',(-6.023343007292E1,7.94E0,2.2E0));
#765=CARTESIAN_POINT('',(-6.023343007292E1,1.071333333333E1,2.2E0));
#766=CARTESIAN_POINT('',(-6.023343007292E1,1.348666666667E1,2.2E0));
#767=CARTESIAN_POINT('',(-6.023343007292E1,1.626E1,2.2E0));
#768=B_SPLINE_SURFACE_WITH_KNOTS('',3,3,((#752,#753,#754,#755),(#756,#757,#758,
#759),(#760,#761,#762,#763),(#764,#765,#766,#767)),.UNSPECIFIED.,.F.,.F.,.F.,(4,
4),(4,4),(-3.482135149366E-2,7.348213514937E-1),(-1.6E-1,8.16E0),.UNSPECIFIED.);
#769=ORIENTED_EDGE('',*,*,#636,.F.);
#770=ORIENTED_EDGE('',*,*,#674,.F.);
#772=ORIENTED_EDGE('',*,*,#771,.T.);
#773=ORIENTED_EDGE('',*,*,#737,.F.);
#774=EDGE_LOOP('',(#769,#770,#772,#773));
#775=FACE_OUTER_BOUND('',#774,.F.);
#776=ADVANCED_FACE('',(#775),#768,.T.);
#777=FILL_AREA_STYLE_COLOUR('',#24);
#778=FILL_AREA_STYLE('',(#777));
#779=SURFACE_STYLE_FILL_AREA(#778);
#780=SURFACE_SIDE_STYLE('',(#779));
#781=SURFACE_STYLE_USAGE(.BOTH.,#780);
#782=PRESENTATION_STYLE_ASSIGNMENT((#781));
#783=STYLED_ITEM('',(#782),#776);
#784=CARTESIAN_POINT('',(-6.100307277590E1,1.61E1,2.234821351494E0));
#785=CARTESIAN_POINT('',(-6.100307277590E1,1.61E1,2.111607117165E0));
#786=CARTESIAN_POINT('',(-6.100307277590E1,1.61E1,1.988392882835E0));
#787=CARTESIAN_POINT('',(-6.100307277590E1,1.61E1,1.865178648506E0));
#788=CARTESIAN_POINT('',(-6.074652520824E1,1.61E1,2.234821351494E0));
#789=CARTESIAN_POINT('',(-6.074652520824E1,1.61E1,2.111607117165E0));
#790=CARTESIAN_POINT('',(-6.074652520824E1,1.61E1,1.988392882835E0));
#791=CARTESIAN_POINT('',(-6.074652520824E1,1.61E1,1.865178648506E0));
#792=CARTESIAN_POINT('',(-6.048997764058E1,1.61E1,2.234821351494E0));
#793=CARTESIAN_POINT('',(-6.048997764058E1,1.61E1,2.111607117165E0));
#794=CARTESIAN_POINT('',(-6.048997764058E1,1.61E1,1.988392882835E0));
#795=CARTESIAN_POINT('',(-6.048997764058E1,1.61E1,1.865178648506E0));
#796=CARTESIAN_POINT('',(-6.023343007292E1,1.61E1,2.234821351494E0));
#797=CARTESIAN_POINT('',(-6.023343007292E1,1.61E1,2.111607117165E0));
#798=CARTESIAN_POINT('',(-6.023343007292E1,1.61E1,1.988392882835E0));
#799=CARTESIAN_POINT('',(-6.023343007292E1,1.61E1,1.865178648506E0));
#800=B_SPLINE_SURFACE_WITH_KNOTS('',3,3,((#784,#785,#786,#787),(#788,#789,#790,
#791),(#792,#793,#794,#795),(#796,#797,#798,#799)),.UNSPECIFIED.,.F.,.F.,.F.,(4,
4),(4,4),(-3.848213514937E-1,3.848213514937E-1),(-1.848213514941E-1,
1.848213514941E-1),.UNSPECIFIED.);
#801=ORIENTED_EDGE('',*,*,#672,.F.);
#802=ORIENTED_EDGE('',*,*,#706,.F.);
#803=ORIENTED_EDGE('',*,*,#739,.F.);
#804=ORIENTED_EDGE('',*,*,#771,.F.);
#805=EDGE_LOOP('',(#801,#802,#803,#804));
#806=FACE_OUTER_BOUND('',#805,.F.);
#807=ADVANCED_FACE('',(#806),#800,.T.);
#808=FILL_AREA_STYLE_COLOUR('',#24);
#809=FILL_AREA_STYLE('',(#808));
#810=SURFACE_STYLE_FILL_AREA(#809);
#811=SURFACE_SIDE_STYLE('',(#810));
#812=SURFACE_STYLE_USAGE(.BOTH.,#811);
#813=PRESENTATION_STYLE_ASSIGNMENT((#812));
#814=STYLED_ITEM('',(#813),#807);
#815=CLOSED_SHELL('',(#644,#678,#711,#744,#776,#807));
#816=MANIFOLD_SOLID_BREP('',#815);
#817=DIRECTION('',(0.E0,0.E0,1.E0));
#818=VECTOR('',#817,3.E-1);
#819=CARTESIAN_POINT('',(-6.350825142441E1,8.1E0,1.9E0));
#820=LINE('',#819,#818);
#821=DIRECTION('',(-1.E0,0.E0,0.E0));
#822=VECTOR('',#821,7.E-1);
#823=CARTESIAN_POINT('',(-6.280825142441E1,8.1E0,1.9E0));
#824=LINE('',#823,#822);
#825=DIRECTION('',(0.E0,1.E0,0.E0));
#826=VECTOR('',#825,8.E0);
#827=CARTESIAN_POINT('',(-6.350825142441E1,8.1E0,1.9E0));
#828=LINE('',#827,#826);
#829=DIRECTION('',(0.E0,0.E0,-1.E0));
#830=VECTOR('',#829,3.E-1);
#831=CARTESIAN_POINT('',(-6.280825142441E1,8.1E0,2.2E0));
#832=LINE('',#831,#830);
#833=DIRECTION('',(0.E0,1.E0,0.E0));
#834=VECTOR('',#833,8.E0);
#835=CARTESIAN_POINT('',(-6.280825142441E1,8.1E0,1.9E0));
#836=LINE('',#835,#834);
#837=DIRECTION('',(1.E0,0.E0,0.E0));
#838=VECTOR('',#837,7.E-1);
#839=CARTESIAN_POINT('',(-6.350825142441E1,8.1E0,2.2E0));
#840=LINE('',#839,#838);
#841=DIRECTION('',(0.E0,-1.E0,0.E0));
#842=VECTOR('',#841,8.E0);
#843=CARTESIAN_POINT('',(-6.350825142441E1,1.61E1,2.2E0));
#844=LINE('',#843,#842);
#845=DIRECTION('',(0.E0,1.E0,0.E0));
#846=VECTOR('',#845,8.E0);
#847=CARTESIAN_POINT('',(-6.280825142441E1,8.1E0,2.2E0));
#848=LINE('',#847,#846);
#849=DIRECTION('',(0.E0,0.E0,1.E0));
#850=VECTOR('',#849,3.E-1);
#851=CARTESIAN_POINT('',(-6.350825142441E1,1.61E1,1.9E0));
#852=LINE('',#851,#850);
#853=DIRECTION('',(-1.E0,0.E0,0.E0));
#854=VECTOR('',#853,7.E-1);
#855=CARTESIAN_POINT('',(-6.280825142441E1,1.61E1,1.9E0));
#856=LINE('',#855,#854);
#857=DIRECTION('',(0.E0,0.E0,-1.E0));
#858=VECTOR('',#857,3.E-1);
#859=CARTESIAN_POINT('',(-6.280825142441E1,1.61E1,2.2E0));
#860=LINE('',#859,#858);
#861=DIRECTION('',(1.E0,0.E0,0.E0));
#862=VECTOR('',#861,7.E-1);
#863=CARTESIAN_POINT('',(-6.350825142441E1,1.61E1,2.2E0));
#864=LINE('',#863,#862);
#865=CARTESIAN_POINT('',(-6.350825142441E1,8.1E0,1.9E0));
#866=CARTESIAN_POINT('',(-6.350825142441E1,8.1E0,2.2E0));
#867=VERTEX_POINT('',#865);
#868=VERTEX_POINT('',#866);
#869=CARTESIAN_POINT('',(-6.280825142441E1,8.1E0,1.9E0));
#870=VERTEX_POINT('',#869);
#871=CARTESIAN_POINT('',(-6.280825142441E1,8.1E0,2.2E0));
#872=VERTEX_POINT('',#871);
#873=CARTESIAN_POINT('',(-6.350825142441E1,1.61E1,1.9E0));
#874=VERTEX_POINT('',#873);
#875=CARTESIAN_POINT('',(-6.350825142441E1,1.61E1,2.2E0));
#876=VERTEX_POINT('',#875);
#877=CARTESIAN_POINT('',(-6.280825142441E1,1.61E1,1.9E0));
#878=VERTEX_POINT('',#877);
#879=CARTESIAN_POINT('',(-6.280825142441E1,1.61E1,2.2E0));
#880=VERTEX_POINT('',#879);
#881=CARTESIAN_POINT('',(-6.354307277590E1,8.1E0,2.234821351494E0));
#882=CARTESIAN_POINT('',(-6.354307277590E1,8.1E0,2.111607117165E0));
#883=CARTESIAN_POINT('',(-6.354307277590E1,8.1E0,1.988392882835E0));
#884=CARTESIAN_POINT('',(-6.354307277590E1,8.1E0,1.865178648506E0));
#885=CARTESIAN_POINT('',(-6.328652520824E1,8.1E0,2.234821351494E0));
#886=CARTESIAN_POINT('',(-6.328652520824E1,8.1E0,2.111607117165E0));
#887=CARTESIAN_POINT('',(-6.328652520824E1,8.1E0,1.988392882835E0));
#888=CARTESIAN_POINT('',(-6.328652520824E1,8.1E0,1.865178648506E0));
#889=CARTESIAN_POINT('',(-6.302997764058E1,8.1E0,2.234821351494E0));
#890=CARTESIAN_POINT('',(-6.302997764058E1,8.1E0,2.111607117165E0));
#891=CARTESIAN_POINT('',(-6.302997764058E1,8.1E0,1.988392882835E0));
#892=CARTESIAN_POINT('',(-6.302997764058E1,8.1E0,1.865178648506E0));
#893=CARTESIAN_POINT('',(-6.277343007292E1,8.1E0,2.234821351494E0));
#894=CARTESIAN_POINT('',(-6.277343007292E1,8.1E0,2.111607117165E0));
#895=CARTESIAN_POINT('',(-6.277343007292E1,8.1E0,1.988392882835E0));
#896=CARTESIAN_POINT('',(-6.277343007292E1,8.1E0,1.865178648506E0));
#897=B_SPLINE_SURFACE_WITH_KNOTS('',3,3,((#881,#882,#883,#884),(#885,#886,#887,
#888),(#889,#890,#891,#892),(#893,#894,#895,#896)),.UNSPECIFIED.,.F.,.F.,.F.,(4,
4),(4,4),(-3.848213514937E-1,3.848213514937E-1),(-1.848213514941E-1,
1.848213514941E-1),.UNSPECIFIED.);
#899=ORIENTED_EDGE('',*,*,#898,.T.);
#901=ORIENTED_EDGE('',*,*,#900,.T.);
#903=ORIENTED_EDGE('',*,*,#902,.T.);
#905=ORIENTED_EDGE('',*,*,#904,.T.);
#906=EDGE_LOOP('',(#899,#901,#903,#905));
#907=FACE_OUTER_BOUND('',#906,.F.);
#908=ADVANCED_FACE('',(#907),#897,.F.);
#909=FILL_AREA_STYLE_COLOUR('',#24);
#910=FILL_AREA_STYLE('',(#909));
#911=SURFACE_STYLE_FILL_AREA(#910);
#912=SURFACE_SIDE_STYLE('',(#911));
#913=SURFACE_STYLE_USAGE(.BOTH.,#912);
#914=PRESENTATION_STYLE_ASSIGNMENT((#913));
#915=STYLED_ITEM('',(#914),#908);
#916=CARTESIAN_POINT('',(-6.350825142441E1,7.94E0,1.865178648506E0));
#917=CARTESIAN_POINT('',(-6.350825142441E1,1.071333333333E1,1.865178648506E0));
#918=CARTESIAN_POINT('',(-6.350825142441E1,1.348666666667E1,1.865178648506E0));
#919=CARTESIAN_POINT('',(-6.350825142441E1,1.626E1,1.865178648506E0));
#920=CARTESIAN_POINT('',(-6.350825142441E1,7.94E0,1.988392882835E0));
#921=CARTESIAN_POINT('',(-6.350825142441E1,1.071333333333E1,1.988392882835E0));
#922=CARTESIAN_POINT('',(-6.350825142441E1,1.348666666667E1,1.988392882835E0));
#923=CARTESIAN_POINT('',(-6.350825142441E1,1.626E1,1.988392882835E0));
#924=CARTESIAN_POINT('',(-6.350825142441E1,7.94E0,2.111607117165E0));
#925=CARTESIAN_POINT('',(-6.350825142441E1,1.071333333333E1,2.111607117165E0));
#926=CARTESIAN_POINT('',(-6.350825142441E1,1.348666666667E1,2.111607117165E0));
#927=CARTESIAN_POINT('',(-6.350825142441E1,1.626E1,2.111607117165E0));
#928=CARTESIAN_POINT('',(-6.350825142441E1,7.94E0,2.234821351494E0));
#929=CARTESIAN_POINT('',(-6.350825142441E1,1.071333333333E1,2.234821351494E0));
#930=CARTESIAN_POINT('',(-6.350825142441E1,1.348666666667E1,2.234821351494E0));
#931=CARTESIAN_POINT('',(-6.350825142441E1,1.626E1,2.234821351494E0));
#932=B_SPLINE_SURFACE_WITH_KNOTS('',3,3,((#916,#917,#918,#919),(#920,#921,#922,
#923),(#924,#925,#926,#927),(#928,#929,#930,#931)),.UNSPECIFIED.,.F.,.F.,.F.,(4,
4),(4,4),(-3.482135149410E-2,3.348213514941E-1),(-1.6E-1,8.16E0),.UNSPECIFIED.);
#933=ORIENTED_EDGE('',*,*,#898,.F.);
#935=ORIENTED_EDGE('',*,*,#934,.T.);
#937=ORIENTED_EDGE('',*,*,#936,.T.);
#939=ORIENTED_EDGE('',*,*,#938,.T.);
#940=EDGE_LOOP('',(#933,#935,#937,#939));
#941=FACE_OUTER_BOUND('',#940,.F.);
#942=ADVANCED_FACE('',(#941),#932,.T.);
#943=FILL_AREA_STYLE_COLOUR('',#24);
#944=FILL_AREA_STYLE('',(#943));
#945=SURFACE_STYLE_FILL_AREA(#944);
#946=SURFACE_SIDE_STYLE('',(#945));
#947=SURFACE_STYLE_USAGE(.BOTH.,#946);
#948=PRESENTATION_STYLE_ASSIGNMENT((#947));
#949=STYLED_ITEM('',(#948),#942);
#950=CARTESIAN_POINT('',(-6.277343007292E1,7.94E0,1.9E0));
#951=CARTESIAN_POINT('',(-6.277343007292E1,1.071333333333E1,1.9E0));
#952=CARTESIAN_POINT('',(-6.277343007292E1,1.348666666667E1,1.9E0));
#953=CARTESIAN_POINT('',(-6.277343007292E1,1.626E1,1.9E0));
#954=CARTESIAN_POINT('',(-6.302997764058E1,7.94E0,1.9E0));
#955=CARTESIAN_POINT('',(-6.302997764058E1,1.071333333333E1,1.9E0));
#956=CARTESIAN_POINT('',(-6.302997764058E1,1.348666666667E1,1.9E0));
#957=CARTESIAN_POINT('',(-6.302997764058E1,1.626E1,1.9E0));
#958=CARTESIAN_POINT('',(-6.328652520824E1,7.94E0,1.9E0));
#959=CARTESIAN_POINT('',(-6.328652520824E1,1.071333333333E1,1.9E0));
#960=CARTESIAN_POINT('',(-6.328652520824E1,1.348666666667E1,1.9E0));
#961=CARTESIAN_POINT('',(-6.328652520824E1,1.626E1,1.9E0));
#962=CARTESIAN_POINT('',(-6.354307277590E1,7.94E0,1.9E0));
#963=CARTESIAN_POINT('',(-6.354307277590E1,1.071333333333E1,1.9E0));
#964=CARTESIAN_POINT('',(-6.354307277590E1,1.348666666667E1,1.9E0));
#965=CARTESIAN_POINT('',(-6.354307277590E1,1.626E1,1.9E0));
#966=B_SPLINE_SURFACE_WITH_KNOTS('',3,3,((#950,#951,#952,#953),(#954,#955,#956,
#957),(#958,#959,#960,#961),(#962,#963,#964,#965)),.UNSPECIFIED.,.F.,.F.,.F.,(4,
4),(4,4),(-3.482135149366E-2,7.348213514937E-1),(-1.6E-1,8.16E0),.UNSPECIFIED.);
#967=ORIENTED_EDGE('',*,*,#904,.F.);
#969=ORIENTED_EDGE('',*,*,#968,.T.);
#971=ORIENTED_EDGE('',*,*,#970,.T.);
#972=ORIENTED_EDGE('',*,*,#934,.F.);
#973=EDGE_LOOP('',(#967,#969,#971,#972));
#974=FACE_OUTER_BOUND('',#973,.F.);
#975=ADVANCED_FACE('',(#974),#966,.T.);
#976=FILL_AREA_STYLE_COLOUR('',#24);
#977=FILL_AREA_STYLE('',(#976));
#978=SURFACE_STYLE_FILL_AREA(#977);
#979=SURFACE_SIDE_STYLE('',(#978));
#980=SURFACE_STYLE_USAGE(.BOTH.,#979);
#981=PRESENTATION_STYLE_ASSIGNMENT((#980));
#982=STYLED_ITEM('',(#981),#975);
#983=CARTESIAN_POINT('',(-6.280825142441E1,7.94E0,2.234821351494E0));
#984=CARTESIAN_POINT('',(-6.280825142441E1,1.071333333333E1,2.234821351494E0));
#985=CARTESIAN_POINT('',(-6.280825142441E1,1.348666666667E1,2.234821351494E0));
#986=CARTESIAN_POINT('',(-6.280825142441E1,1.626E1,2.234821351494E0));
#987=CARTESIAN_POINT('',(-6.280825142441E1,7.94E0,2.111607117165E0));
#988=CARTESIAN_POINT('',(-6.280825142441E1,1.071333333333E1,2.111607117165E0));
#989=CARTESIAN_POINT('',(-6.280825142441E1,1.348666666667E1,2.111607117165E0));
#990=CARTESIAN_POINT('',(-6.280825142441E1,1.626E1,2.111607117165E0));
#991=CARTESIAN_POINT('',(-6.280825142441E1,7.94E0,1.988392882835E0));
#992=CARTESIAN_POINT('',(-6.280825142441E1,1.071333333333E1,1.988392882835E0));
#993=CARTESIAN_POINT('',(-6.280825142441E1,1.348666666667E1,1.988392882835E0));
#994=CARTESIAN_POINT('',(-6.280825142441E1,1.626E1,1.988392882835E0));
#995=CARTESIAN_POINT('',(-6.280825142441E1,7.94E0,1.865178648506E0));
#996=CARTESIAN_POINT('',(-6.280825142441E1,1.071333333333E1,1.865178648506E0));
#997=CARTESIAN_POINT('',(-6.280825142441E1,1.348666666667E1,1.865178648506E0));
#998=CARTESIAN_POINT('',(-6.280825142441E1,1.626E1,1.865178648506E0));
#999=B_SPLINE_SURFACE_WITH_KNOTS('',3,3,((#983,#984,#985,#986),(#987,#988,#989,
#990),(#991,#992,#993,#994),(#995,#996,#997,#998)),.UNSPECIFIED.,.F.,.F.,.F.,(4,
4),(4,4),(-3.482135149410E-2,3.348213514941E-1),(-1.6E-1,8.16E0),.UNSPECIFIED.);
#1000=ORIENTED_EDGE('',*,*,#902,.F.);
#1002=ORIENTED_EDGE('',*,*,#1001,.T.);
#1004=ORIENTED_EDGE('',*,*,#1003,.T.);
#1005=ORIENTED_EDGE('',*,*,#968,.F.);
#1006=EDGE_LOOP('',(#1000,#1002,#1004,#1005));
#1007=FACE_OUTER_BOUND('',#1006,.F.);
#1008=ADVANCED_FACE('',(#1007),#999,.T.);
#1009=FILL_AREA_STYLE_COLOUR('',#24);
#1010=FILL_AREA_STYLE('',(#1009));
#1011=SURFACE_STYLE_FILL_AREA(#1010);
#1012=SURFACE_SIDE_STYLE('',(#1011));
#1013=SURFACE_STYLE_USAGE(.BOTH.,#1012);
#1014=PRESENTATION_STYLE_ASSIGNMENT((#1013));
#1015=STYLED_ITEM('',(#1014),#1008);
#1016=CARTESIAN_POINT('',(-6.354307277590E1,7.94E0,2.2E0));
#1017=CARTESIAN_POINT('',(-6.354307277590E1,1.071333333333E1,2.2E0));
#1018=CARTESIAN_POINT('',(-6.354307277590E1,1.348666666667E1,2.2E0));
#1019=CARTESIAN_POINT('',(-6.354307277590E1,1.626E1,2.2E0));
#1020=CARTESIAN_POINT('',(-6.328652520824E1,7.94E0,2.2E0));
#1021=CARTESIAN_POINT('',(-6.328652520824E1,1.071333333333E1,2.2E0));
#1022=CARTESIAN_POINT('',(-6.328652520824E1,1.348666666667E1,2.2E0));
#1023=CARTESIAN_POINT('',(-6.328652520824E1,1.626E1,2.2E0));
#1024=CARTESIAN_POINT('',(-6.302997764058E1,7.94E0,2.2E0));
#1025=CARTESIAN_POINT('',(-6.302997764058E1,1.071333333333E1,2.2E0));
#1026=CARTESIAN_POINT('',(-6.302997764058E1,1.348666666667E1,2.2E0));
#1027=CARTESIAN_POINT('',(-6.302997764058E1,1.626E1,2.2E0));
#1028=CARTESIAN_POINT('',(-6.277343007292E1,7.94E0,2.2E0));
#1029=CARTESIAN_POINT('',(-6.277343007292E1,1.071333333333E1,2.2E0));
#1030=CARTESIAN_POINT('',(-6.277343007292E1,1.348666666667E1,2.2E0));
#1031=CARTESIAN_POINT('',(-6.277343007292E1,1.626E1,2.2E0));
#1032=B_SPLINE_SURFACE_WITH_KNOTS('',3,3,((#1016,#1017,#1018,#1019),(#1020,
#1021,#1022,#1023),(#1024,#1025,#1026,#1027),(#1028,#1029,#1030,#1031)),
.UNSPECIFIED.,.F.,.F.,.F.,(4,4),(4,4),(-3.482135149366E-2,7.348213514937E-1),(
-1.6E-1,8.16E0),.UNSPECIFIED.);
#1033=ORIENTED_EDGE('',*,*,#900,.F.);
#1034=ORIENTED_EDGE('',*,*,#938,.F.);
#1036=ORIENTED_EDGE('',*,*,#1035,.T.);
#1037=ORIENTED_EDGE('',*,*,#1001,.F.);
#1038=EDGE_LOOP('',(#1033,#1034,#1036,#1037));
#1039=FACE_OUTER_BOUND('',#1038,.F.);
#1040=ADVANCED_FACE('',(#1039),#1032,.T.);
#1041=FILL_AREA_STYLE_COLOUR('',#24);
#1042=FILL_AREA_STYLE('',(#1041));
#1043=SURFACE_STYLE_FILL_AREA(#1042);
#1044=SURFACE_SIDE_STYLE('',(#1043));
#1045=SURFACE_STYLE_USAGE(.BOTH.,#1044);
#1046=PRESENTATION_STYLE_ASSIGNMENT((#1045));
#1047=STYLED_ITEM('',(#1046),#1040);
#1048=CARTESIAN_POINT('',(-6.354307277590E1,1.61E1,2.234821351494E0));
#1049=CARTESIAN_POINT('',(-6.354307277590E1,1.61E1,2.111607117165E0));
#1050=CARTESIAN_POINT('',(-6.354307277590E1,1.61E1,1.988392882835E0));
#1051=CARTESIAN_POINT('',(-6.354307277590E1,1.61E1,1.865178648506E0));
#1052=CARTESIAN_POINT('',(-6.328652520824E1,1.61E1,2.234821351494E0));
#1053=CARTESIAN_POINT('',(-6.328652520824E1,1.61E1,2.111607117165E0));
#1054=CARTESIAN_POINT('',(-6.328652520824E1,1.61E1,1.988392882835E0));
#1055=CARTESIAN_POINT('',(-6.328652520824E1,1.61E1,1.865178648506E0));
#1056=CARTESIAN_POINT('',(-6.302997764058E1,1.61E1,2.234821351494E0));
#1057=CARTESIAN_POINT('',(-6.302997764058E1,1.61E1,2.111607117165E0));
#1058=CARTESIAN_POINT('',(-6.302997764058E1,1.61E1,1.988392882835E0));
#1059=CARTESIAN_POINT('',(-6.302997764058E1,1.61E1,1.865178648506E0));
#1060=CARTESIAN_POINT('',(-6.277343007292E1,1.61E1,2.234821351494E0));
#1061=CARTESIAN_POINT('',(-6.277343007292E1,1.61E1,2.111607117165E0));
#1062=CARTESIAN_POINT('',(-6.277343007292E1,1.61E1,1.988392882835E0));
#1063=CARTESIAN_POINT('',(-6.277343007292E1,1.61E1,1.865178648506E0));
#1064=B_SPLINE_SURFACE_WITH_KNOTS('',3,3,((#1048,#1049,#1050,#1051),(#1052,
#1053,#1054,#1055),(#1056,#1057,#1058,#1059),(#1060,#1061,#1062,#1063)),
.UNSPECIFIED.,.F.,.F.,.F.,(4,4),(4,4),(-3.848213514937E-1,3.848213514937E-1),(
-1.848213514941E-1,1.848213514941E-1),.UNSPECIFIED.);
#1065=ORIENTED_EDGE('',*,*,#936,.F.);
#1066=ORIENTED_EDGE('',*,*,#970,.F.);
#1067=ORIENTED_EDGE('',*,*,#1003,.F.);
#1068=ORIENTED_EDGE('',*,*,#1035,.F.);
#1069=EDGE_LOOP('',(#1065,#1066,#1067,#1068));
#1070=FACE_OUTER_BOUND('',#1069,.F.);
#1071=ADVANCED_FACE('',(#1070),#1064,.T.);
#1072=FILL_AREA_STYLE_COLOUR('',#24);
#1073=FILL_AREA_STYLE('',(#1072));
#1074=SURFACE_STYLE_FILL_AREA(#1073);
#1075=SURFACE_SIDE_STYLE('',(#1074));
#1076=SURFACE_STYLE_USAGE(.BOTH.,#1075);
#1077=PRESENTATION_STYLE_ASSIGNMENT((#1076));
#1078=STYLED_ITEM('',(#1077),#1071);
#1079=CLOSED_SHELL('',(#908,#942,#975,#1008,#1040,#1071));
#1080=MANIFOLD_SOLID_BREP('',#1079);
#1081=DIRECTION('',(0.E0,0.E0,1.E0));
#1082=VECTOR('',#1081,3.E-1);
#1083=CARTESIAN_POINT('',(-6.858825142441E1,8.1E0,1.9E0));
#1084=LINE('',#1083,#1082);
#1085=DIRECTION('',(-1.E0,0.E0,0.E0));
#1086=VECTOR('',#1085,7.E-1);
#1087=CARTESIAN_POINT('',(-6.788825142441E1,8.1E0,1.9E0));
#1088=LINE('',#1087,#1086);
#1089=DIRECTION('',(0.E0,1.E0,0.E0));
#1090=VECTOR('',#1089,8.E0);
#1091=CARTESIAN_POINT('',(-6.858825142441E1,8.1E0,1.9E0));
#1092=LINE('',#1091,#1090);
#1093=DIRECTION('',(-4.736951571734E-14,0.E0,-1.E0));
#1094=VECTOR('',#1093,3.E-1);
#1095=CARTESIAN_POINT('',(-6.788825142441E1,8.1E0,2.2E0));
#1096=LINE('',#1095,#1094);
#1097=DIRECTION('',(0.E0,1.E0,0.E0));
#1098=VECTOR('',#1097,8.E0);
#1099=CARTESIAN_POINT('',(-6.788825142441E1,8.1E0,1.9E0));
#1100=LINE('',#1099,#1098);
#1101=DIRECTION('',(1.E0,0.E0,0.E0));
#1102=VECTOR('',#1101,7.E-1);
#1103=CARTESIAN_POINT('',(-6.858825142441E1,8.1E0,2.2E0));
#1104=LINE('',#1103,#1102);
#1105=DIRECTION('',(0.E0,-1.E0,0.E0));
#1106=VECTOR('',#1105,8.E0);
#1107=CARTESIAN_POINT('',(-6.858825142441E1,1.61E1,2.2E0));
#1108=LINE('',#1107,#1106);
#1109=DIRECTION('',(0.E0,1.E0,0.E0));
#1110=VECTOR('',#1109,8.E0);
#1111=CARTESIAN_POINT('',(-6.788825142441E1,8.1E0,2.2E0));
#1112=LINE('',#1111,#1110);
#1113=DIRECTION('',(0.E0,0.E0,1.E0));
#1114=VECTOR('',#1113,3.E-1);
#1115=CARTESIAN_POINT('',(-6.858825142441E1,1.61E1,1.9E0));
#1116=LINE('',#1115,#1114);
#1117=DIRECTION('',(-1.E0,0.E0,0.E0));
#1118=VECTOR('',#1117,7.E-1);
#1119=CARTESIAN_POINT('',(-6.788825142441E1,1.61E1,1.9E0));
#1120=LINE('',#1119,#1118);
#1121=DIRECTION('',(-4.736951571734E-14,0.E0,-1.E0));
#1122=VECTOR('',#1121,3.E-1);
#1123=CARTESIAN_POINT('',(-6.788825142441E1,1.61E1,2.2E0));
#1124=LINE('',#1123,#1122);
#1125=DIRECTION('',(1.E0,0.E0,0.E0));
#1126=VECTOR('',#1125,7.E-1);
#1127=CARTESIAN_POINT('',(-6.858825142441E1,1.61E1,2.2E0));
#1128=LINE('',#1127,#1126);
#1129=CARTESIAN_POINT('',(-6.858825142441E1,8.1E0,1.9E0));
#1130=CARTESIAN_POINT('',(-6.858825142441E1,8.1E0,2.2E0));
#1131=VERTEX_POINT('',#1129);
#1132=VERTEX_POINT('',#1130);
#1133=CARTESIAN_POINT('',(-6.788825142441E1,8.1E0,1.9E0));
#1134=VERTEX_POINT('',#1133);
#1135=CARTESIAN_POINT('',(-6.788825142441E1,8.1E0,2.2E0));
#1136=VERTEX_POINT('',#1135);
#1137=CARTESIAN_POINT('',(-6.858825142441E1,1.61E1,1.9E0));
#1138=VERTEX_POINT('',#1137);
#1139=CARTESIAN_POINT('',(-6.858825142441E1,1.61E1,2.2E0));
#1140=VERTEX_POINT('',#1139);
#1141=CARTESIAN_POINT('',(-6.788825142441E1,1.61E1,1.9E0));
#1142=VERTEX_POINT('',#1141);
#1143=CARTESIAN_POINT('',(-6.788825142441E1,1.61E1,2.2E0));
#1144=VERTEX_POINT('',#1143);
#1145=CARTESIAN_POINT('',(-6.862307277590E1,8.1E0,2.234821351494E0));
#1146=CARTESIAN_POINT('',(-6.862307277590E1,8.1E0,2.111607117165E0));
#1147=CARTESIAN_POINT('',(-6.862307277590E1,8.1E0,1.988392882835E0));
#1148=CARTESIAN_POINT('',(-6.862307277590E1,8.1E0,1.865178648506E0));
#1149=CARTESIAN_POINT('',(-6.836652520824E1,8.1E0,2.234821351494E0));
#1150=CARTESIAN_POINT('',(-6.836652520824E1,8.1E0,2.111607117165E0));
#1151=CARTESIAN_POINT('',(-6.836652520824E1,8.1E0,1.988392882835E0));
#1152=CARTESIAN_POINT('',(-6.836652520824E1,8.1E0,1.865178648506E0));
#1153=CARTESIAN_POINT('',(-6.810997764058E1,8.1E0,2.234821351494E0));
#1154=CARTESIAN_POINT('',(-6.810997764058E1,8.1E0,2.111607117165E0));
#1155=CARTESIAN_POINT('',(-6.810997764058E1,8.1E0,1.988392882835E0));
#1156=CARTESIAN_POINT('',(-6.810997764058E1,8.1E0,1.865178648506E0));
#1157=CARTESIAN_POINT('',(-6.785343007292E1,8.1E0,2.234821351494E0));
#1158=CARTESIAN_POINT('',(-6.785343007292E1,8.1E0,2.111607117165E0));
#1159=CARTESIAN_POINT('',(-6.785343007292E1,8.1E0,1.988392882835E0));
#1160=CARTESIAN_POINT('',(-6.785343007292E1,8.1E0,1.865178648506E0));
#1161=B_SPLINE_SURFACE_WITH_KNOTS('',3,3,((#1145,#1146,#1147,#1148),(#1149,
#1150,#1151,#1152),(#1153,#1154,#1155,#1156),(#1157,#1158,#1159,#1160)),
.UNSPECIFIED.,.F.,.F.,.F.,(4,4),(4,4),(-3.848213514937E-1,3.848213514937E-1),(
-1.848213514941E-1,1.848213514941E-1),.UNSPECIFIED.);
#1163=ORIENTED_EDGE('',*,*,#1162,.T.);
#1165=ORIENTED_EDGE('',*,*,#1164,.T.);
#1167=ORIENTED_EDGE('',*,*,#1166,.T.);
#1169=ORIENTED_EDGE('',*,*,#1168,.T.);
#1170=EDGE_LOOP('',(#1163,#1165,#1167,#1169));
#1171=FACE_OUTER_BOUND('',#1170,.F.);
#1172=ADVANCED_FACE('',(#1171),#1161,.F.);
#1173=FILL_AREA_STYLE_COLOUR('',#24);
#1174=FILL_AREA_STYLE('',(#1173));
#1175=SURFACE_STYLE_FILL_AREA(#1174);
#1176=SURFACE_SIDE_STYLE('',(#1175));
#1177=SURFACE_STYLE_USAGE(.BOTH.,#1176);
#1178=PRESENTATION_STYLE_ASSIGNMENT((#1177));
#1179=STYLED_ITEM('',(#1178),#1172);
#1180=CARTESIAN_POINT('',(-6.858825142441E1,7.94E0,1.865178648506E0));
#1181=CARTESIAN_POINT('',(-6.858825142441E1,1.071333333333E1,1.865178648506E0));
#1182=CARTESIAN_POINT('',(-6.858825142441E1,1.348666666667E1,1.865178648506E0));
#1183=CARTESIAN_POINT('',(-6.858825142441E1,1.626E1,1.865178648506E0));
#1184=CARTESIAN_POINT('',(-6.858825142441E1,7.94E0,1.988392882835E0));
#1185=CARTESIAN_POINT('',(-6.858825142441E1,1.071333333333E1,1.988392882835E0));
#1186=CARTESIAN_POINT('',(-6.858825142441E1,1.348666666667E1,1.988392882835E0));
#1187=CARTESIAN_POINT('',(-6.858825142441E1,1.626E1,1.988392882835E0));
#1188=CARTESIAN_POINT('',(-6.858825142441E1,7.94E0,2.111607117165E0));
#1189=CARTESIAN_POINT('',(-6.858825142441E1,1.071333333333E1,2.111607117165E0));
#1190=CARTESIAN_POINT('',(-6.858825142441E1,1.348666666667E1,2.111607117165E0));
#1191=CARTESIAN_POINT('',(-6.858825142441E1,1.626E1,2.111607117165E0));
#1192=CARTESIAN_POINT('',(-6.858825142441E1,7.94E0,2.234821351494E0));
#1193=CARTESIAN_POINT('',(-6.858825142441E1,1.071333333333E1,2.234821351494E0));
#1194=CARTESIAN_POINT('',(-6.858825142441E1,1.348666666667E1,2.234821351494E0));
#1195=CARTESIAN_POINT('',(-6.858825142441E1,1.626E1,2.234821351494E0));
#1196=B_SPLINE_SURFACE_WITH_KNOTS('',3,3,((#1180,#1181,#1182,#1183),(#1184,
#1185,#1186,#1187),(#1188,#1189,#1190,#1191),(#1192,#1193,#1194,#1195)),
.UNSPECIFIED.,.F.,.F.,.F.,(4,4),(4,4),(-3.482135149410E-2,3.348213514941E-1),(
-1.6E-1,8.16E0),.UNSPECIFIED.);
#1197=ORIENTED_EDGE('',*,*,#1162,.F.);
#1199=ORIENTED_EDGE('',*,*,#1198,.T.);
#1201=ORIENTED_EDGE('',*,*,#1200,.T.);
#1203=ORIENTED_EDGE('',*,*,#1202,.T.);
#1204=EDGE_LOOP('',(#1197,#1199,#1201,#1203));
#1205=FACE_OUTER_BOUND('',#1204,.F.);
#1206=ADVANCED_FACE('',(#1205),#1196,.T.);
#1207=FILL_AREA_STYLE_COLOUR('',#24);
#1208=FILL_AREA_STYLE('',(#1207));
#1209=SURFACE_STYLE_FILL_AREA(#1208);
#1210=SURFACE_SIDE_STYLE('',(#1209));
#1211=SURFACE_STYLE_USAGE(.BOTH.,#1210);
#1212=PRESENTATION_STYLE_ASSIGNMENT((#1211));
#1213=STYLED_ITEM('',(#1212),#1206);
#1214=CARTESIAN_POINT('',(-6.785343007292E1,7.94E0,1.9E0));
#1215=CARTESIAN_POINT('',(-6.785343007292E1,1.071333333333E1,1.9E0));
#1216=CARTESIAN_POINT('',(-6.785343007292E1,1.348666666667E1,1.9E0));
#1217=CARTESIAN_POINT('',(-6.785343007292E1,1.626E1,1.9E0));
#1218=CARTESIAN_POINT('',(-6.810997764058E1,7.94E0,1.9E0));
#1219=CARTESIAN_POINT('',(-6.810997764058E1,1.071333333333E1,1.9E0));
#1220=CARTESIAN_POINT('',(-6.810997764058E1,1.348666666667E1,1.9E0));
#1221=CARTESIAN_POINT('',(-6.810997764058E1,1.626E1,1.9E0));
#1222=CARTESIAN_POINT('',(-6.836652520824E1,7.94E0,1.9E0));
#1223=CARTESIAN_POINT('',(-6.836652520824E1,1.071333333333E1,1.9E0));
#1224=CARTESIAN_POINT('',(-6.836652520824E1,1.348666666667E1,1.9E0));
#1225=CARTESIAN_POINT('',(-6.836652520824E1,1.626E1,1.9E0));
#1226=CARTESIAN_POINT('',(-6.862307277590E1,7.94E0,1.9E0));
#1227=CARTESIAN_POINT('',(-6.862307277590E1,1.071333333333E1,1.9E0));
#1228=CARTESIAN_POINT('',(-6.862307277590E1,1.348666666667E1,1.9E0));
#1229=CARTESIAN_POINT('',(-6.862307277590E1,1.626E1,1.9E0));
#1230=B_SPLINE_SURFACE_WITH_KNOTS('',3,3,((#1214,#1215,#1216,#1217),(#1218,
#1219,#1220,#1221),(#1222,#1223,#1224,#1225),(#1226,#1227,#1228,#1229)),
.UNSPECIFIED.,.F.,.F.,.F.,(4,4),(4,4),(-3.482135149365E-2,7.348213514937E-1),(
-1.6E-1,8.16E0),.UNSPECIFIED.);
#1231=ORIENTED_EDGE('',*,*,#1168,.F.);
#1233=ORIENTED_EDGE('',*,*,#1232,.T.);
#1235=ORIENTED_EDGE('',*,*,#1234,.T.);
#1236=ORIENTED_EDGE('',*,*,#1198,.F.);
#1237=EDGE_LOOP('',(#1231,#1233,#1235,#1236));
#1238=FACE_OUTER_BOUND('',#1237,.F.);
#1239=ADVANCED_FACE('',(#1238),#1230,.T.);
#1240=FILL_AREA_STYLE_COLOUR('',#24);
#1241=FILL_AREA_STYLE('',(#1240));
#1242=SURFACE_STYLE_FILL_AREA(#1241);
#1243=SURFACE_SIDE_STYLE('',(#1242));
#1244=SURFACE_STYLE_USAGE(.BOTH.,#1243);
#1245=PRESENTATION_STYLE_ASSIGNMENT((#1244));
#1246=STYLED_ITEM('',(#1245),#1239);
#1247=CARTESIAN_POINT('',(-6.788825142441E1,7.94E0,2.234821351494E0));
#1248=CARTESIAN_POINT('',(-6.788825142441E1,1.071333333333E1,2.234821351494E0));
#1249=CARTESIAN_POINT('',(-6.788825142441E1,1.348666666667E1,2.234821351494E0));
#1250=CARTESIAN_POINT('',(-6.788825142441E1,1.626E1,2.234821351494E0));
#1251=CARTESIAN_POINT('',(-6.788825142441E1,7.94E0,2.111607117165E0));
#1252=CARTESIAN_POINT('',(-6.788825142441E1,1.071333333333E1,2.111607117165E0));
#1253=CARTESIAN_POINT('',(-6.788825142441E1,1.348666666667E1,2.111607117165E0));
#1254=CARTESIAN_POINT('',(-6.788825142441E1,1.626E1,2.111607117165E0));
#1255=CARTESIAN_POINT('',(-6.788825142441E1,7.94E0,1.988392882835E0));
#1256=CARTESIAN_POINT('',(-6.788825142441E1,1.071333333333E1,1.988392882835E0));
#1257=CARTESIAN_POINT('',(-6.788825142441E1,1.348666666667E1,1.988392882835E0));
#1258=CARTESIAN_POINT('',(-6.788825142441E1,1.626E1,1.988392882835E0));
#1259=CARTESIAN_POINT('',(-6.788825142441E1,7.94E0,1.865178648506E0));
#1260=CARTESIAN_POINT('',(-6.788825142441E1,1.071333333333E1,1.865178648506E0));
#1261=CARTESIAN_POINT('',(-6.788825142441E1,1.348666666667E1,1.865178648506E0));
#1262=CARTESIAN_POINT('',(-6.788825142441E1,1.626E1,1.865178648506E0));
#1263=B_SPLINE_SURFACE_WITH_KNOTS('',3,3,((#1247,#1248,#1249,#1250),(#1251,
#1252,#1253,#1254),(#1255,#1256,#1257,#1258),(#1259,#1260,#1261,#1262)),
.UNSPECIFIED.,.F.,.F.,.F.,(4,4),(4,4),(-3.482135149410E-2,3.348213514941E-1),(
-1.6E-1,8.16E0),.UNSPECIFIED.);
#1264=ORIENTED_EDGE('',*,*,#1166,.F.);
#1266=ORIENTED_EDGE('',*,*,#1265,.T.);
#1268=ORIENTED_EDGE('',*,*,#1267,.T.);
#1269=ORIENTED_EDGE('',*,*,#1232,.F.);
#1270=EDGE_LOOP('',(#1264,#1266,#1268,#1269));
#1271=FACE_OUTER_BOUND('',#1270,.F.);
#1272=ADVANCED_FACE('',(#1271),#1263,.T.);
#1273=FILL_AREA_STYLE_COLOUR('',#24);
#1274=FILL_AREA_STYLE('',(#1273));
#1275=SURFACE_STYLE_FILL_AREA(#1274);
#1276=SURFACE_SIDE_STYLE('',(#1275));
#1277=SURFACE_STYLE_USAGE(.BOTH.,#1276);
#1278=PRESENTATION_STYLE_ASSIGNMENT((#1277));
#1279=STYLED_ITEM('',(#1278),#1272);
#1280=CARTESIAN_POINT('',(-6.862307277590E1,7.94E0,2.2E0));
#1281=CARTESIAN_POINT('',(-6.862307277590E1,1.071333333333E1,2.2E0));
#1282=CARTESIAN_POINT('',(-6.862307277590E1,1.348666666667E1,2.2E0));
#1283=CARTESIAN_POINT('',(-6.862307277590E1,1.626E1,2.2E0));
#1284=CARTESIAN_POINT('',(-6.836652520824E1,7.94E0,2.2E0));
#1285=CARTESIAN_POINT('',(-6.836652520824E1,1.071333333333E1,2.2E0));
#1286=CARTESIAN_POINT('',(-6.836652520824E1,1.348666666667E1,2.2E0));
#1287=CARTESIAN_POINT('',(-6.836652520824E1,1.626E1,2.2E0));
#1288=CARTESIAN_POINT('',(-6.810997764058E1,7.94E0,2.2E0));
#1289=CARTESIAN_POINT('',(-6.810997764058E1,1.071333333333E1,2.2E0));
#1290=CARTESIAN_POINT('',(-6.810997764058E1,1.348666666667E1,2.2E0));
#1291=CARTESIAN_POINT('',(-6.810997764058E1,1.626E1,2.2E0));
#1292=CARTESIAN_POINT('',(-6.785343007292E1,7.94E0,2.2E0));
#1293=CARTESIAN_POINT('',(-6.785343007292E1,1.071333333333E1,2.2E0));
#1294=CARTESIAN_POINT('',(-6.785343007292E1,1.348666666667E1,2.2E0));
#1295=CARTESIAN_POINT('',(-6.785343007292E1,1.626E1,2.2E0));
#1296=B_SPLINE_SURFACE_WITH_KNOTS('',3,3,((#1280,#1281,#1282,#1283),(#1284,
#1285,#1286,#1287),(#1288,#1289,#1290,#1291),(#1292,#1293,#1294,#1295)),
.UNSPECIFIED.,.F.,.F.,.F.,(4,4),(4,4),(-3.482135149366E-2,7.348213514937E-1),(
-1.6E-1,8.16E0),.UNSPECIFIED.);
#1297=ORIENTED_EDGE('',*,*,#1164,.F.);
#1298=ORIENTED_EDGE('',*,*,#1202,.F.);
#1300=ORIENTED_EDGE('',*,*,#1299,.T.);
#1301=ORIENTED_EDGE('',*,*,#1265,.F.);
#1302=EDGE_LOOP('',(#1297,#1298,#1300,#1301));
#1303=FACE_OUTER_BOUND('',#1302,.F.);
#1304=ADVANCED_FACE('',(#1303),#1296,.T.);
#1305=FILL_AREA_STYLE_COLOUR('',#24);
#1306=FILL_AREA_STYLE('',(#1305));
#1307=SURFACE_STYLE_FILL_AREA(#1306);
#1308=SURFACE_SIDE_STYLE('',(#1307));
#1309=SURFACE_STYLE_USAGE(.BOTH.,#1308);
#1310=PRESENTATION_STYLE_ASSIGNMENT((#1309));
#1311=STYLED_ITEM('',(#1310),#1304);
#1312=CARTESIAN_POINT('',(-6.862307277590E1,1.61E1,2.234821351494E0));
#1313=CARTESIAN_POINT('',(-6.862307277590E1,1.61E1,2.111607117165E0));
#1314=CARTESIAN_POINT('',(-6.862307277590E1,1.61E1,1.988392882835E0));
#1315=CARTESIAN_POINT('',(-6.862307277590E1,1.61E1,1.865178648506E0));
#1316=CARTESIAN_POINT('',(-6.836652520824E1,1.61E1,2.234821351494E0));
#1317=CARTESIAN_POINT('',(-6.836652520824E1,1.61E1,2.111607117165E0));
#1318=CARTESIAN_POINT('',(-6.836652520824E1,1.61E1,1.988392882835E0));
#1319=CARTESIAN_POINT('',(-6.836652520824E1,1.61E1,1.865178648506E0));
#1320=CARTESIAN_POINT('',(-6.810997764058E1,1.61E1,2.234821351494E0));
#1321=CARTESIAN_POINT('',(-6.810997764058E1,1.61E1,2.111607117165E0));
#1322=CARTESIAN_POINT('',(-6.810997764058E1,1.61E1,1.988392882835E0));
#1323=CARTESIAN_POINT('',(-6.810997764058E1,1.61E1,1.865178648506E0));
#1324=CARTESIAN_POINT('',(-6.785343007292E1,1.61E1,2.234821351494E0));
#1325=CARTESIAN_POINT('',(-6.785343007292E1,1.61E1,2.111607117165E0));
#1326=CARTESIAN_POINT('',(-6.785343007292E1,1.61E1,1.988392882835E0));
#1327=CARTESIAN_POINT('',(-6.785343007292E1,1.61E1,1.865178648506E0));
#1328=B_SPLINE_SURFACE_WITH_KNOTS('',3,3,((#1312,#1313,#1314,#1315),(#1316,
#1317,#1318,#1319),(#1320,#1321,#1322,#1323),(#1324,#1325,#1326,#1327)),
.UNSPECIFIED.,.F.,.F.,.F.,(4,4),(4,4),(-3.848213514937E-1,3.848213514937E-1),(
-1.848213514941E-1,1.848213514941E-1),.UNSPECIFIED.);
#1329=ORIENTED_EDGE('',*,*,#1200,.F.);
#1330=ORIENTED_EDGE('',*,*,#1234,.F.);
#1331=ORIENTED_EDGE('',*,*,#1267,.F.);
#1332=ORIENTED_EDGE('',*,*,#1299,.F.);
#1333=EDGE_LOOP('',(#1329,#1330,#1331,#1332));
#1334=FACE_OUTER_BOUND('',#1333,.F.);
#1335=ADVANCED_FACE('',(#1334),#1328,.T.);
#1336=FILL_AREA_STYLE_COLOUR('',#24);
#1337=FILL_AREA_STYLE('',(#1336));
#1338=SURFACE_STYLE_FILL_AREA(#1337);
#1339=SURFACE_SIDE_STYLE('',(#1338));
#1340=SURFACE_STYLE_USAGE(.BOTH.,#1339);
#1341=PRESENTATION_STYLE_ASSIGNMENT((#1340));
#1342=STYLED_ITEM('',(#1341),#1335);
#1343=CLOSED_SHELL('',(#1172,#1206,#1239,#1272,#1304,#1335));
#1344=MANIFOLD_SOLID_BREP('',#1343);
#1345=DIRECTION('',(0.E0,0.E0,1.E0));
#1346=VECTOR('',#1345,3.E-1);
#1347=CARTESIAN_POINT('',(-7.112825142441E1,8.1E0,1.9E0));
#1348=LINE('',#1347,#1346);
#1349=DIRECTION('',(-1.E0,0.E0,0.E0));
#1350=VECTOR('',#1349,7.E-1);
#1351=CARTESIAN_POINT('',(-7.042825142441E1,8.1E0,1.9E0));
#1352=LINE('',#1351,#1350);
#1353=DIRECTION('',(0.E0,1.E0,0.E0));
#1354=VECTOR('',#1353,8.E0);
#1355=CARTESIAN_POINT('',(-7.112825142441E1,8.1E0,1.9E0));
#1356=LINE('',#1355,#1354);
#1357=DIRECTION('',(0.E0,0.E0,-1.E0));
#1358=VECTOR('',#1357,3.E-1);
#1359=CARTESIAN_POINT('',(-7.042825142441E1,8.1E0,2.2E0));
#1360=LINE('',#1359,#1358);
#1361=DIRECTION('',(0.E0,1.E0,0.E0));
#1362=VECTOR('',#1361,8.E0);
#1363=CARTESIAN_POINT('',(-7.042825142441E1,8.1E0,1.9E0));
#1364=LINE('',#1363,#1362);
#1365=DIRECTION('',(1.E0,0.E0,0.E0));
#1366=VECTOR('',#1365,7.E-1);
#1367=CARTESIAN_POINT('',(-7.112825142441E1,8.1E0,2.2E0));
#1368=LINE('',#1367,#1366);
#1369=DIRECTION('',(0.E0,-1.E0,0.E0));
#1370=VECTOR('',#1369,8.E0);
#1371=CARTESIAN_POINT('',(-7.112825142441E1,1.61E1,2.2E0));
#1372=LINE('',#1371,#1370);
#1373=DIRECTION('',(0.E0,1.E0,0.E0));
#1374=VECTOR('',#1373,8.E0);
#1375=CARTESIAN_POINT('',(-7.042825142441E1,8.1E0,2.2E0));
#1376=LINE('',#1375,#1374);
#1377=DIRECTION('',(0.E0,-1.184237892934E-14,1.E0));
#1378=VECTOR('',#1377,3.E-1);
#1379=CARTESIAN_POINT('',(-7.112825142441E1,1.61E1,1.9E0));
#1380=LINE('',#1379,#1378);
#1381=DIRECTION('',(-1.E0,0.E0,0.E0));
#1382=VECTOR('',#1381,7.E-1);
#1383=CARTESIAN_POINT('',(-7.042825142441E1,1.61E1,1.9E0));
#1384=LINE('',#1383,#1382);
#1385=DIRECTION('',(0.E0,-1.184237892934E-14,-1.E0));
#1386=VECTOR('',#1385,3.E-1);
#1387=CARTESIAN_POINT('',(-7.042825142441E1,1.61E1,2.2E0));
#1388=LINE('',#1387,#1386);
#1389=DIRECTION('',(1.E0,0.E0,0.E0));
#1390=VECTOR('',#1389,7.E-1);
#1391=CARTESIAN_POINT('',(-7.112825142441E1,1.61E1,2.2E0));
#1392=LINE('',#1391,#1390);
#1393=CARTESIAN_POINT('',(-7.112825142441E1,8.1E0,1.9E0));
#1394=CARTESIAN_POINT('',(-7.112825142441E1,8.1E0,2.2E0));
#1395=VERTEX_POINT('',#1393);
#1396=VERTEX_POINT('',#1394);
#1397=CARTESIAN_POINT('',(-7.042825142441E1,8.1E0,1.9E0));
#1398=VERTEX_POINT('',#1397);
#1399=CARTESIAN_POINT('',(-7.042825142441E1,8.1E0,2.2E0));
#1400=VERTEX_POINT('',#1399);
#1401=CARTESIAN_POINT('',(-7.112825142441E1,1.61E1,1.9E0));
#1402=VERTEX_POINT('',#1401);
#1403=CARTESIAN_POINT('',(-7.112825142441E1,1.61E1,2.2E0));
#1404=VERTEX_POINT('',#1403);
#1405=CARTESIAN_POINT('',(-7.042825142441E1,1.61E1,1.9E0));
#1406=VERTEX_POINT('',#1405);
#1407=CARTESIAN_POINT('',(-7.042825142441E1,1.61E1,2.2E0));
#1408=VERTEX_POINT('',#1407);
#1409=CARTESIAN_POINT('',(-7.116307277590E1,8.1E0,2.234821351494E0));
#1410=CARTESIAN_POINT('',(-7.116307277590E1,8.1E0,2.111607117165E0));
#1411=CARTESIAN_POINT('',(-7.116307277590E1,8.1E0,1.988392882835E0));
#1412=CARTESIAN_POINT('',(-7.116307277590E1,8.1E0,1.865178648506E0));
#1413=CARTESIAN_POINT('',(-7.090652520824E1,8.1E0,2.234821351494E0));
#1414=CARTESIAN_POINT('',(-7.090652520824E1,8.1E0,2.111607117165E0));
#1415=CARTESIAN_POINT('',(-7.090652520824E1,8.1E0,1.988392882835E0));
#1416=CARTESIAN_POINT('',(-7.090652520824E1,8.1E0,1.865178648506E0));
#1417=CARTESIAN_POINT('',(-7.064997764058E1,8.1E0,2.234821351494E0));
#1418=CARTESIAN_POINT('',(-7.064997764058E1,8.1E0,2.111607117165E0));
#1419=CARTESIAN_POINT('',(-7.064997764058E1,8.1E0,1.988392882835E0));
#1420=CARTESIAN_POINT('',(-7.064997764058E1,8.1E0,1.865178648506E0));
#1421=CARTESIAN_POINT('',(-7.039343007292E1,8.1E0,2.234821351494E0));
#1422=CARTESIAN_POINT('',(-7.039343007292E1,8.1E0,2.111607117165E0));
#1423=CARTESIAN_POINT('',(-7.039343007292E1,8.1E0,1.988392882835E0));
#1424=CARTESIAN_POINT('',(-7.039343007292E1,8.1E0,1.865178648506E0));
#1425=B_SPLINE_SURFACE_WITH_KNOTS('',3,3,((#1409,#1410,#1411,#1412),(#1413,
#1414,#1415,#1416),(#1417,#1418,#1419,#1420),(#1421,#1422,#1423,#1424)),
.UNSPECIFIED.,.F.,.F.,.F.,(4,4),(4,4),(-3.848213514936E-1,3.848213514936E-1),(
-1.848213514941E-1,1.848213514941E-1),.UNSPECIFIED.);
#1427=ORIENTED_EDGE('',*,*,#1426,.T.);
#1429=ORIENTED_EDGE('',*,*,#1428,.T.);
#1431=ORIENTED_EDGE('',*,*,#1430,.T.);
#1433=ORIENTED_EDGE('',*,*,#1432,.T.);
#1434=EDGE_LOOP('',(#1427,#1429,#1431,#1433));
#1435=FACE_OUTER_BOUND('',#1434,.F.);
#1436=ADVANCED_FACE('',(#1435),#1425,.F.);
#1437=FILL_AREA_STYLE_COLOUR('',#24);
#1438=FILL_AREA_STYLE('',(#1437));
#1439=SURFACE_STYLE_FILL_AREA(#1438);
#1440=SURFACE_SIDE_STYLE('',(#1439));
#1441=SURFACE_STYLE_USAGE(.BOTH.,#1440);
#1442=PRESENTATION_STYLE_ASSIGNMENT((#1441));
#1443=STYLED_ITEM('',(#1442),#1436);
#1444=CARTESIAN_POINT('',(-7.112825142441E1,7.94E0,1.865178648506E0));
#1445=CARTESIAN_POINT('',(-7.112825142441E1,1.071333333333E1,1.865178648506E0));
#1446=CARTESIAN_POINT('',(-7.112825142441E1,1.348666666667E1,1.865178648506E0));
#1447=CARTESIAN_POINT('',(-7.112825142441E1,1.626E1,1.865178648506E0));
#1448=CARTESIAN_POINT('',(-7.112825142441E1,7.94E0,1.988392882835E0));
#1449=CARTESIAN_POINT('',(-7.112825142441E1,1.071333333333E1,1.988392882835E0));
#1450=CARTESIAN_POINT('',(-7.112825142441E1,1.348666666667E1,1.988392882835E0));
#1451=CARTESIAN_POINT('',(-7.112825142441E1,1.626E1,1.988392882835E0));
#1452=CARTESIAN_POINT('',(-7.112825142441E1,7.94E0,2.111607117165E0));
#1453=CARTESIAN_POINT('',(-7.112825142441E1,1.071333333333E1,2.111607117165E0));
#1454=CARTESIAN_POINT('',(-7.112825142441E1,1.348666666667E1,2.111607117165E0));
#1455=CARTESIAN_POINT('',(-7.112825142441E1,1.626E1,2.111607117165E0));
#1456=CARTESIAN_POINT('',(-7.112825142441E1,7.94E0,2.234821351494E0));
#1457=CARTESIAN_POINT('',(-7.112825142441E1,1.071333333333E1,2.234821351494E0));
#1458=CARTESIAN_POINT('',(-7.112825142441E1,1.348666666667E1,2.234821351494E0));
#1459=CARTESIAN_POINT('',(-7.112825142441E1,1.626E1,2.234821351494E0));
#1460=B_SPLINE_SURFACE_WITH_KNOTS('',3,3,((#1444,#1445,#1446,#1447),(#1448,
#1449,#1450,#1451),(#1452,#1453,#1454,#1455),(#1456,#1457,#1458,#1459)),
.UNSPECIFIED.,.F.,.F.,.F.,(4,4),(4,4),(-3.482135149410E-2,3.348213514941E-1),(
-1.6E-1,8.16E0),.UNSPECIFIED.);
#1461=ORIENTED_EDGE('',*,*,#1426,.F.);
#1463=ORIENTED_EDGE('',*,*,#1462,.T.);
#1465=ORIENTED_EDGE('',*,*,#1464,.T.);
#1467=ORIENTED_EDGE('',*,*,#1466,.T.);
#1468=EDGE_LOOP('',(#1461,#1463,#1465,#1467));
#1469=FACE_OUTER_BOUND('',#1468,.F.);
#1470=ADVANCED_FACE('',(#1469),#1460,.T.);
#1471=FILL_AREA_STYLE_COLOUR('',#24);
#1472=FILL_AREA_STYLE('',(#1471));
#1473=SURFACE_STYLE_FILL_AREA(#1472);
#1474=SURFACE_SIDE_STYLE('',(#1473));
#1475=SURFACE_STYLE_USAGE(.BOTH.,#1474);
#1476=PRESENTATION_STYLE_ASSIGNMENT((#1475));
#1477=STYLED_ITEM('',(#1476),#1470);
#1478=CARTESIAN_POINT('',(-7.039343007292E1,7.94E0,1.9E0));
#1479=CARTESIAN_POINT('',(-7.039343007292E1,1.071333333333E1,1.9E0));
#1480=CARTESIAN_POINT('',(-7.039343007292E1,1.348666666667E1,1.9E0));
#1481=CARTESIAN_POINT('',(-7.039343007292E1,1.626E1,1.9E0));
#1482=CARTESIAN_POINT('',(-7.064997764058E1,7.94E0,1.9E0));
#1483=CARTESIAN_POINT('',(-7.064997764058E1,1.071333333333E1,1.9E0));
#1484=CARTESIAN_POINT('',(-7.064997764058E1,1.348666666667E1,1.9E0));
#1485=CARTESIAN_POINT('',(-7.064997764058E1,1.626E1,1.9E0));
#1486=CARTESIAN_POINT('',(-7.090652520824E1,7.94E0,1.9E0));
#1487=CARTESIAN_POINT('',(-7.090652520824E1,1.071333333333E1,1.9E0));
#1488=CARTESIAN_POINT('',(-7.090652520824E1,1.348666666667E1,1.9E0));
#1489=CARTESIAN_POINT('',(-7.090652520824E1,1.626E1,1.9E0));
#1490=CARTESIAN_POINT('',(-7.116307277590E1,7.94E0,1.9E0));
#1491=CARTESIAN_POINT('',(-7.116307277590E1,1.071333333333E1,1.9E0));
#1492=CARTESIAN_POINT('',(-7.116307277590E1,1.348666666667E1,1.9E0));
#1493=CARTESIAN_POINT('',(-7.116307277590E1,1.626E1,1.9E0));
#1494=B_SPLINE_SURFACE_WITH_KNOTS('',3,3,((#1478,#1479,#1480,#1481),(#1482,
#1483,#1484,#1485),(#1486,#1487,#1488,#1489),(#1490,#1491,#1492,#1493)),
.UNSPECIFIED.,.F.,.F.,.F.,(4,4),(4,4),(-3.482135149365E-2,7.348213514936E-1),(
-1.6E-1,8.16E0),.UNSPECIFIED.);
#1495=ORIENTED_EDGE('',*,*,#1432,.F.);
#1497=ORIENTED_EDGE('',*,*,#1496,.T.);
#1499=ORIENTED_EDGE('',*,*,#1498,.T.);
#1500=ORIENTED_EDGE('',*,*,#1462,.F.);
#1501=EDGE_LOOP('',(#1495,#1497,#1499,#1500));
#1502=FACE_OUTER_BOUND('',#1501,.F.);
#1503=ADVANCED_FACE('',(#1502),#1494,.T.);
#1504=FILL_AREA_STYLE_COLOUR('',#24);
#1505=FILL_AREA_STYLE('',(#1504));
#1506=SURFACE_STYLE_FILL_AREA(#1505);
#1507=SURFACE_SIDE_STYLE('',(#1506));
#1508=SURFACE_STYLE_USAGE(.BOTH.,#1507);
#1509=PRESENTATION_STYLE_ASSIGNMENT((#1508));
#1510=STYLED_ITEM('',(#1509),#1503);
#1511=CARTESIAN_POINT('',(-7.042825142441E1,7.94E0,2.234821351494E0));
#1512=CARTESIAN_POINT('',(-7.042825142441E1,1.071333333333E1,2.234821351494E0));
#1513=CARTESIAN_POINT('',(-7.042825142441E1,1.348666666667E1,2.234821351494E0));
#1514=CARTESIAN_POINT('',(-7.042825142441E1,1.626E1,2.234821351494E0));
#1515=CARTESIAN_POINT('',(-7.042825142441E1,7.94E0,2.111607117165E0));
#1516=CARTESIAN_POINT('',(-7.042825142441E1,1.071333333333E1,2.111607117165E0));
#1517=CARTESIAN_POINT('',(-7.042825142441E1,1.348666666667E1,2.111607117165E0));
#1518=CARTESIAN_POINT('',(-7.042825142441E1,1.626E1,2.111607117165E0));
#1519=CARTESIAN_POINT('',(-7.042825142441E1,7.94E0,1.988392882835E0));
#1520=CARTESIAN_POINT('',(-7.042825142441E1,1.071333333333E1,1.988392882835E0));
#1521=CARTESIAN_POINT('',(-7.042825142441E1,1.348666666667E1,1.988392882835E0));
#1522=CARTESIAN_POINT('',(-7.042825142441E1,1.626E1,1.988392882835E0));
#1523=CARTESIAN_POINT('',(-7.042825142441E1,7.94E0,1.865178648506E0));
#1524=CARTESIAN_POINT('',(-7.042825142441E1,1.071333333333E1,1.865178648506E0));
#1525=CARTESIAN_POINT('',(-7.042825142441E1,1.348666666667E1,1.865178648506E0));
#1526=CARTESIAN_POINT('',(-7.042825142441E1,1.626E1,1.865178648506E0));
#1527=B_SPLINE_SURFACE_WITH_KNOTS('',3,3,((#1511,#1512,#1513,#1514),(#1515,
#1516,#1517,#1518),(#1519,#1520,#1521,#1522),(#1523,#1524,#1525,#1526)),
.UNSPECIFIED.,.F.,.F.,.F.,(4,4),(4,4),(-3.482135149410E-2,3.348213514941E-1),(
-1.6E-1,8.16E0),.UNSPECIFIED.);
#1528=ORIENTED_EDGE('',*,*,#1430,.F.);
#1530=ORIENTED_EDGE('',*,*,#1529,.T.);
#1532=ORIENTED_EDGE('',*,*,#1531,.T.);
#1533=ORIENTED_EDGE('',*,*,#1496,.F.);
#1534=EDGE_LOOP('',(#1528,#1530,#1532,#1533));
#1535=FACE_OUTER_BOUND('',#1534,.F.);
#1536=ADVANCED_FACE('',(#1535),#1527,.T.);
#1537=FILL_AREA_STYLE_COLOUR('',#24);
#1538=FILL_AREA_STYLE('',(#1537));
#1539=SURFACE_STYLE_FILL_AREA(#1538);
#1540=SURFACE_SIDE_STYLE('',(#1539));
#1541=SURFACE_STYLE_USAGE(.BOTH.,#1540);
#1542=PRESENTATION_STYLE_ASSIGNMENT((#1541));
#1543=STYLED_ITEM('',(#1542),#1536);
#1544=CARTESIAN_POINT('',(-7.116307277590E1,7.94E0,2.2E0));
#1545=CARTESIAN_POINT('',(-7.116307277590E1,1.071333333333E1,2.2E0));
#1546=CARTESIAN_POINT('',(-7.116307277590E1,1.348666666667E1,2.2E0));
#1547=CARTESIAN_POINT('',(-7.116307277590E1,1.626E1,2.2E0));
#1548=CARTESIAN_POINT('',(-7.090652520824E1,7.94E0,2.2E0));
#1549=CARTESIAN_POINT('',(-7.090652520824E1,1.071333333333E1,2.2E0));
#1550=CARTESIAN_POINT('',(-7.090652520824E1,1.348666666667E1,2.2E0));
#1551=CARTESIAN_POINT('',(-7.090652520824E1,1.626E1,2.2E0));
#1552=CARTESIAN_POINT('',(-7.064997764058E1,7.94E0,2.2E0));
#1553=CARTESIAN_POINT('',(-7.064997764058E1,1.071333333333E1,2.2E0));
#1554=CARTESIAN_POINT('',(-7.064997764058E1,1.348666666667E1,2.2E0));
#1555=CARTESIAN_POINT('',(-7.064997764058E1,1.626E1,2.2E0));
#1556=CARTESIAN_POINT('',(-7.039343007292E1,7.94E0,2.2E0));
#1557=CARTESIAN_POINT('',(-7.039343007292E1,1.071333333333E1,2.2E0));
#1558=CARTESIAN_POINT('',(-7.039343007292E1,1.348666666667E1,2.2E0));
#1559=CARTESIAN_POINT('',(-7.039343007292E1,1.626E1,2.2E0));
#1560=B_SPLINE_SURFACE_WITH_KNOTS('',3,3,((#1544,#1545,#1546,#1547),(#1548,
#1549,#1550,#1551),(#1552,#1553,#1554,#1555),(#1556,#1557,#1558,#1559)),
.UNSPECIFIED.,.F.,.F.,.F.,(4,4),(4,4),(-3.482135149365E-2,7.348213514937E-1),(
-1.6E-1,8.16E0),.UNSPECIFIED.);
#1561=ORIENTED_EDGE('',*,*,#1428,.F.);
#1562=ORIENTED_EDGE('',*,*,#1466,.F.);
#1564=ORIENTED_EDGE('',*,*,#1563,.T.);
#1565=ORIENTED_EDGE('',*,*,#1529,.F.);
#1566=EDGE_LOOP('',(#1561,#1562,#1564,#1565));
#1567=FACE_OUTER_BOUND('',#1566,.F.);
#1568=ADVANCED_FACE('',(#1567),#1560,.T.);
#1569=FILL_AREA_STYLE_COLOUR('',#24);
#1570=FILL_AREA_STYLE('',(#1569));
#1571=SURFACE_STYLE_FILL_AREA(#1570);
#1572=SURFACE_SIDE_STYLE('',(#1571));
#1573=SURFACE_STYLE_USAGE(.BOTH.,#1572);
#1574=PRESENTATION_STYLE_ASSIGNMENT((#1573));
#1575=STYLED_ITEM('',(#1574),#1568);
#1576=CARTESIAN_POINT('',(-7.116307277590E1,1.61E1,2.234821351494E0));
#1577=CARTESIAN_POINT('',(-7.116307277590E1,1.61E1,2.111607117165E0));
#1578=CARTESIAN_POINT('',(-7.116307277590E1,1.61E1,1.988392882835E0));
#1579=CARTESIAN_POINT('',(-7.116307277590E1,1.61E1,1.865178648506E0));
#1580=CARTESIAN_POINT('',(-7.090652520824E1,1.61E1,2.234821351494E0));
#1581=CARTESIAN_POINT('',(-7.090652520824E1,1.61E1,2.111607117165E0));
#1582=CARTESIAN_POINT('',(-7.090652520824E1,1.61E1,1.988392882835E0));
#1583=CARTESIAN_POINT('',(-7.090652520824E1,1.61E1,1.865178648506E0));
#1584=CARTESIAN_POINT('',(-7.064997764058E1,1.61E1,2.234821351494E0));
#1585=CARTESIAN_POINT('',(-7.064997764058E1,1.61E1,2.111607117165E0));
#1586=CARTESIAN_POINT('',(-7.064997764058E1,1.61E1,1.988392882835E0));
#1587=CARTESIAN_POINT('',(-7.064997764058E1,1.61E1,1.865178648506E0));
#1588=CARTESIAN_POINT('',(-7.039343007292E1,1.61E1,2.234821351494E0));
#1589=CARTESIAN_POINT('',(-7.039343007292E1,1.61E1,2.111607117165E0));
#1590=CARTESIAN_POINT('',(-7.039343007292E1,1.61E1,1.988392882835E0));
#1591=CARTESIAN_POINT('',(-7.039343007292E1,1.61E1,1.865178648506E0));
#1592=B_SPLINE_SURFACE_WITH_KNOTS('',3,3,((#1576,#1577,#1578,#1579),(#1580,
#1581,#1582,#1583),(#1584,#1585,#1586,#1587),(#1588,#1589,#1590,#1591)),
.UNSPECIFIED.,.F.,.F.,.F.,(4,4),(4,4),(-3.848213514936E-1,3.848213514936E-1),(
-1.848213514941E-1,1.848213514941E-1),.UNSPECIFIED.);
#1593=ORIENTED_EDGE('',*,*,#1464,.F.);
#1594=ORIENTED_EDGE('',*,*,#1498,.F.);
#1595=ORIENTED_EDGE('',*,*,#1531,.F.);
#1596=ORIENTED_EDGE('',*,*,#1563,.F.);
#1597=EDGE_LOOP('',(#1593,#1594,#1595,#1596));
#1598=FACE_OUTER_BOUND('',#1597,.F.);
#1599=ADVANCED_FACE('',(#1598),#1592,.T.);
#1600=FILL_AREA_STYLE_COLOUR('',#24);
#1601=FILL_AREA_STYLE('',(#1600));
#1602=SURFACE_STYLE_FILL_AREA(#1601);
#1603=SURFACE_SIDE_STYLE('',(#1602));
#1604=SURFACE_STYLE_USAGE(.BOTH.,#1603);
#1605=PRESENTATION_STYLE_ASSIGNMENT((#1604));
#1606=STYLED_ITEM('',(#1605),#1599);
#1607=CLOSED_SHELL('',(#1436,#1470,#1503,#1536,#1568,#1599));
#1608=MANIFOLD_SOLID_BREP('',#1607);
#1609=DIRECTION('',(4.736951571734E-14,0.E0,1.E0));
#1610=VECTOR('',#1609,3.E-1);
#1611=CARTESIAN_POINT('',(-7.366825142441E1,8.1E0,1.9E0));
#1612=LINE('',#1611,#1610);
#1613=DIRECTION('',(-1.E0,0.E0,0.E0));
#1614=VECTOR('',#1613,7.E-1);
#1615=CARTESIAN_POINT('',(-7.296825142441E1,8.1E0,1.9E0));
#1616=LINE('',#1615,#1614);
#1617=DIRECTION('',(0.E0,1.E0,0.E0));
#1618=VECTOR('',#1617,8.E0);
#1619=CARTESIAN_POINT('',(-7.366825142441E1,8.1E0,1.9E0));
#1620=LINE('',#1619,#1618);
#1621=DIRECTION('',(0.E0,0.E0,-1.E0));
#1622=VECTOR('',#1621,3.E-1);
#1623=CARTESIAN_POINT('',(-7.296825142441E1,8.1E0,2.2E0));
#1624=LINE('',#1623,#1622);
#1625=DIRECTION('',(0.E0,1.E0,0.E0));
#1626=VECTOR('',#1625,8.E0);
#1627=CARTESIAN_POINT('',(-7.296825142441E1,8.1E0,1.9E0));
#1628=LINE('',#1627,#1626);
#1629=DIRECTION('',(1.E0,0.E0,0.E0));
#1630=VECTOR('',#1629,7.E-1);
#1631=CARTESIAN_POINT('',(-7.366825142441E1,8.1E0,2.2E0));
#1632=LINE('',#1631,#1630);
#1633=DIRECTION('',(0.E0,-1.E0,0.E0));
#1634=VECTOR('',#1633,8.E0);
#1635=CARTESIAN_POINT('',(-7.366825142441E1,1.61E1,2.2E0));
#1636=LINE('',#1635,#1634);
#1637=DIRECTION('',(0.E0,1.E0,0.E0));
#1638=VECTOR('',#1637,8.E0);
#1639=CARTESIAN_POINT('',(-7.296825142441E1,8.1E0,2.2E0));
#1640=LINE('',#1639,#1638);
#1641=DIRECTION('',(0.E0,0.E0,1.E0));
#1642=VECTOR('',#1641,3.E-1);
#1643=CARTESIAN_POINT('',(-7.366825142441E1,1.61E1,1.9E0));
#1644=LINE('',#1643,#1642);
#1645=DIRECTION('',(-1.E0,0.E0,0.E0));
#1646=VECTOR('',#1645,7.E-1);
#1647=CARTESIAN_POINT('',(-7.296825142441E1,1.61E1,1.9E0));
#1648=LINE('',#1647,#1646);
#1649=DIRECTION('',(0.E0,0.E0,-1.E0));
#1650=VECTOR('',#1649,3.E-1);
#1651=CARTESIAN_POINT('',(-7.296825142441E1,1.61E1,2.2E0));
#1652=LINE('',#1651,#1650);
#1653=DIRECTION('',(1.E0,0.E0,0.E0));
#1654=VECTOR('',#1653,7.E-1);
#1655=CARTESIAN_POINT('',(-7.366825142441E1,1.61E1,2.2E0));
#1656=LINE('',#1655,#1654);
#1657=CARTESIAN_POINT('',(-7.366825142441E1,8.1E0,1.9E0));
#1658=CARTESIAN_POINT('',(-7.366825142441E1,8.1E0,2.2E0));
#1659=VERTEX_POINT('',#1657);
#1660=VERTEX_POINT('',#1658);
#1661=CARTESIAN_POINT('',(-7.296825142441E1,8.1E0,1.9E0));
#1662=VERTEX_POINT('',#1661);
#1663=CARTESIAN_POINT('',(-7.296825142441E1,8.1E0,2.2E0));
#1664=VERTEX_POINT('',#1663);
#1665=CARTESIAN_POINT('',(-7.366825142441E1,1.61E1,1.9E0));
#1666=VERTEX_POINT('',#1665);
#1667=CARTESIAN_POINT('',(-7.366825142441E1,1.61E1,2.2E0));
#1668=VERTEX_POINT('',#1667);
#1669=CARTESIAN_POINT('',(-7.296825142441E1,1.61E1,1.9E0));
#1670=VERTEX_POINT('',#1669);
#1671=CARTESIAN_POINT('',(-7.296825142441E1,1.61E1,2.2E0));
#1672=VERTEX_POINT('',#1671);
#1673=CARTESIAN_POINT('',(-7.370307277590E1,8.1E0,2.234821351494E0));
#1674=CARTESIAN_POINT('',(-7.370307277590E1,8.1E0,2.111607117165E0));
#1675=CARTESIAN_POINT('',(-7.370307277590E1,8.1E0,1.988392882835E0));
#1676=CARTESIAN_POINT('',(-7.370307277590E1,8.1E0,1.865178648506E0));
#1677=CARTESIAN_POINT('',(-7.344652520824E1,8.1E0,2.234821351494E0));
#1678=CARTESIAN_POINT('',(-7.344652520824E1,8.1E0,2.111607117165E0));
#1679=CARTESIAN_POINT('',(-7.344652520824E1,8.1E0,1.988392882835E0));
#1680=CARTESIAN_POINT('',(-7.344652520824E1,8.1E0,1.865178648506E0));
#1681=CARTESIAN_POINT('',(-7.318997764058E1,8.1E0,2.234821351494E0));
#1682=CARTESIAN_POINT('',(-7.318997764058E1,8.1E0,2.111607117165E0));
#1683=CARTESIAN_POINT('',(-7.318997764058E1,8.1E0,1.988392882835E0));
#1684=CARTESIAN_POINT('',(-7.318997764058E1,8.1E0,1.865178648506E0));
#1685=CARTESIAN_POINT('',(-7.293343007292E1,8.1E0,2.234821351494E0));
#1686=CARTESIAN_POINT('',(-7.293343007292E1,8.1E0,2.111607117165E0));
#1687=CARTESIAN_POINT('',(-7.293343007292E1,8.1E0,1.988392882835E0));
#1688=CARTESIAN_POINT('',(-7.293343007292E1,8.1E0,1.865178648506E0));
#1689=B_SPLINE_SURFACE_WITH_KNOTS('',3,3,((#1673,#1674,#1675,#1676),(#1677,
#1678,#1679,#1680),(#1681,#1682,#1683,#1684),(#1685,#1686,#1687,#1688)),
.UNSPECIFIED.,.F.,.F.,.F.,(4,4),(4,4),(-3.848213514937E-1,3.848213514937E-1),(
-1.848213514941E-1,1.848213514941E-1),.UNSPECIFIED.);
#1691=ORIENTED_EDGE('',*,*,#1690,.T.);
#1693=ORIENTED_EDGE('',*,*,#1692,.T.);
#1695=ORIENTED_EDGE('',*,*,#1694,.T.);
#1697=ORIENTED_EDGE('',*,*,#1696,.T.);
#1698=EDGE_LOOP('',(#1691,#1693,#1695,#1697));
#1699=FACE_OUTER_BOUND('',#1698,.F.);
#1700=ADVANCED_FACE('',(#1699),#1689,.F.);
#1701=FILL_AREA_STYLE_COLOUR('',#24);
#1702=FILL_AREA_STYLE('',(#1701));
#1703=SURFACE_STYLE_FILL_AREA(#1702);
#1704=SURFACE_SIDE_STYLE('',(#1703));
#1705=SURFACE_STYLE_USAGE(.BOTH.,#1704);
#1706=PRESENTATION_STYLE_ASSIGNMENT((#1705));
#1707=STYLED_ITEM('',(#1706),#1700);
#1708=CARTESIAN_POINT('',(-7.366825142441E1,7.94E0,1.865178648506E0));
#1709=CARTESIAN_POINT('',(-7.366825142441E1,1.071333333333E1,1.865178648506E0));
#1710=CARTESIAN_POINT('',(-7.366825142441E1,1.348666666667E1,1.865178648506E0));
#1711=CARTESIAN_POINT('',(-7.366825142441E1,1.626E1,1.865178648506E0));
#1712=CARTESIAN_POINT('',(-7.366825142441E1,7.94E0,1.988392882835E0));
#1713=CARTESIAN_POINT('',(-7.366825142441E1,1.071333333333E1,1.988392882835E0));
#1714=CARTESIAN_POINT('',(-7.366825142441E1,1.348666666667E1,1.988392882835E0));
#1715=CARTESIAN_POINT('',(-7.366825142441E1,1.626E1,1.988392882835E0));
#1716=CARTESIAN_POINT('',(-7.366825142441E1,7.94E0,2.111607117165E0));
#1717=CARTESIAN_POINT('',(-7.366825142441E1,1.071333333333E1,2.111607117165E0));
#1718=CARTESIAN_POINT('',(-7.366825142441E1,1.348666666667E1,2.111607117165E0));
#1719=CARTESIAN_POINT('',(-7.366825142441E1,1.626E1,2.111607117165E0));
#1720=CARTESIAN_POINT('',(-7.366825142441E1,7.94E0,2.234821351494E0));
#1721=CARTESIAN_POINT('',(-7.366825142441E1,1.071333333333E1,2.234821351494E0));
#1722=CARTESIAN_POINT('',(-7.366825142441E1,1.348666666667E1,2.234821351494E0));
#1723=CARTESIAN_POINT('',(-7.366825142441E1,1.626E1,2.234821351494E0));
#1724=B_SPLINE_SURFACE_WITH_KNOTS('',3,3,((#1708,#1709,#1710,#1711),(#1712,
#1713,#1714,#1715),(#1716,#1717,#1718,#1719),(#1720,#1721,#1722,#1723)),
.UNSPECIFIED.,.F.,.F.,.F.,(4,4),(4,4),(-3.482135149410E-2,3.348213514941E-1),(
-1.6E-1,8.16E0),.UNSPECIFIED.);
#1725=ORIENTED_EDGE('',*,*,#1690,.F.);
#1727=ORIENTED_EDGE('',*,*,#1726,.T.);
#1729=ORIENTED_EDGE('',*,*,#1728,.T.);
#1731=ORIENTED_EDGE('',*,*,#1730,.T.);
#1732=EDGE_LOOP('',(#1725,#1727,#1729,#1731));
#1733=FACE_OUTER_BOUND('',#1732,.F.);
#1734=ADVANCED_FACE('',(#1733),#1724,.T.);
#1735=FILL_AREA_STYLE_COLOUR('',#24);
#1736=FILL_AREA_STYLE('',(#1735));
#1737=SURFACE_STYLE_FILL_AREA(#1736);
#1738=SURFACE_SIDE_STYLE('',(#1737));
#1739=SURFACE_STYLE_USAGE(.BOTH.,#1738);
#1740=PRESENTATION_STYLE_ASSIGNMENT((#1739));
#1741=STYLED_ITEM('',(#1740),#1734);
#1742=CARTESIAN_POINT('',(-7.293343007292E1,7.94E0,1.9E0));
#1743=CARTESIAN_POINT('',(-7.293343007292E1,1.071333333333E1,1.9E0));
#1744=CARTESIAN_POINT('',(-7.293343007292E1,1.348666666667E1,1.9E0));
#1745=CARTESIAN_POINT('',(-7.293343007292E1,1.626E1,1.9E0));
#1746=CARTESIAN_POINT('',(-7.318997764058E1,7.94E0,1.9E0));
#1747=CARTESIAN_POINT('',(-7.318997764058E1,1.071333333333E1,1.9E0));
#1748=CARTESIAN_POINT('',(-7.318997764058E1,1.348666666667E1,1.9E0));
#1749=CARTESIAN_POINT('',(-7.318997764058E1,1.626E1,1.9E0));
#1750=CARTESIAN_POINT('',(-7.344652520824E1,7.94E0,1.9E0));
#1751=CARTESIAN_POINT('',(-7.344652520824E1,1.071333333333E1,1.9E0));
#1752=CARTESIAN_POINT('',(-7.344652520824E1,1.348666666667E1,1.9E0));
#1753=CARTESIAN_POINT('',(-7.344652520824E1,1.626E1,1.9E0));
#1754=CARTESIAN_POINT('',(-7.370307277590E1,7.94E0,1.9E0));
#1755=CARTESIAN_POINT('',(-7.370307277590E1,1.071333333333E1,1.9E0));
#1756=CARTESIAN_POINT('',(-7.370307277590E1,1.348666666667E1,1.9E0));
#1757=CARTESIAN_POINT('',(-7.370307277590E1,1.626E1,1.9E0));
#1758=B_SPLINE_SURFACE_WITH_KNOTS('',3,3,((#1742,#1743,#1744,#1745),(#1746,
#1747,#1748,#1749),(#1750,#1751,#1752,#1753),(#1754,#1755,#1756,#1757)),
.UNSPECIFIED.,.F.,.F.,.F.,(4,4),(4,4),(-3.482135149367E-2,7.348213514937E-1),(
-1.6E-1,8.16E0),.UNSPECIFIED.);
#1759=ORIENTED_EDGE('',*,*,#1696,.F.);
#1761=ORIENTED_EDGE('',*,*,#1760,.T.);
#1763=ORIENTED_EDGE('',*,*,#1762,.T.);
#1764=ORIENTED_EDGE('',*,*,#1726,.F.);
#1765=EDGE_LOOP('',(#1759,#1761,#1763,#1764));
#1766=FACE_OUTER_BOUND('',#1765,.F.);
#1767=ADVANCED_FACE('',(#1766),#1758,.T.);
#1768=FILL_AREA_STYLE_COLOUR('',#24);
#1769=FILL_AREA_STYLE('',(#1768));
#1770=SURFACE_STYLE_FILL_AREA(#1769);
#1771=SURFACE_SIDE_STYLE('',(#1770));
#1772=SURFACE_STYLE_USAGE(.BOTH.,#1771);
#1773=PRESENTATION_STYLE_ASSIGNMENT((#1772));
#1774=STYLED_ITEM('',(#1773),#1767);
#1775=CARTESIAN_POINT('',(-7.296825142441E1,7.94E0,2.234821351494E0));
#1776=CARTESIAN_POINT('',(-7.296825142441E1,1.071333333333E1,2.234821351494E0));
#1777=CARTESIAN_POINT('',(-7.296825142441E1,1.348666666667E1,2.234821351494E0));
#1778=CARTESIAN_POINT('',(-7.296825142441E1,1.626E1,2.234821351494E0));
#1779=CARTESIAN_POINT('',(-7.296825142441E1,7.94E0,2.111607117165E0));
#1780=CARTESIAN_POINT('',(-7.296825142441E1,1.071333333333E1,2.111607117165E0));
#1781=CARTESIAN_POINT('',(-7.296825142441E1,1.348666666667E1,2.111607117165E0));
#1782=CARTESIAN_POINT('',(-7.296825142441E1,1.626E1,2.111607117165E0));
#1783=CARTESIAN_POINT('',(-7.296825142441E1,7.94E0,1.988392882835E0));
#1784=CARTESIAN_POINT('',(-7.296825142441E1,1.071333333333E1,1.988392882835E0));
#1785=CARTESIAN_POINT('',(-7.296825142441E1,1.348666666667E1,1.988392882835E0));
#1786=CARTESIAN_POINT('',(-7.296825142441E1,1.626E1,1.988392882835E0));
#1787=CARTESIAN_POINT('',(-7.296825142441E1,7.94E0,1.865178648506E0));
#1788=CARTESIAN_POINT('',(-7.296825142441E1,1.071333333333E1,1.865178648506E0));
#1789=CARTESIAN_POINT('',(-7.296825142441E1,1.348666666667E1,1.865178648506E0));
#1790=CARTESIAN_POINT('',(-7.296825142441E1,1.626E1,1.865178648506E0));
#1791=B_SPLINE_SURFACE_WITH_KNOTS('',3,3,((#1775,#1776,#1777,#1778),(#1779,
#1780,#1781,#1782),(#1783,#1784,#1785,#1786),(#1787,#1788,#1789,#1790)),
.UNSPECIFIED.,.F.,.F.,.F.,(4,4),(4,4),(-3.482135149410E-2,3.348213514941E-1),(
-1.6E-1,8.16E0),.UNSPECIFIED.);
#1792=ORIENTED_EDGE('',*,*,#1694,.F.);
#1794=ORIENTED_EDGE('',*,*,#1793,.T.);
#1796=ORIENTED_EDGE('',*,*,#1795,.T.);
#1797=ORIENTED_EDGE('',*,*,#1760,.F.);
#1798=EDGE_LOOP('',(#1792,#1794,#1796,#1797));
#1799=FACE_OUTER_BOUND('',#1798,.F.);
#1800=ADVANCED_FACE('',(#1799),#1791,.T.);
#1801=FILL_AREA_STYLE_COLOUR('',#24);
#1802=FILL_AREA_STYLE('',(#1801));
#1803=SURFACE_STYLE_FILL_AREA(#1802);
#1804=SURFACE_SIDE_STYLE('',(#1803));
#1805=SURFACE_STYLE_USAGE(.BOTH.,#1804);
#1806=PRESENTATION_STYLE_ASSIGNMENT((#1805));
#1807=STYLED_ITEM('',(#1806),#1800);
#1808=CARTESIAN_POINT('',(-7.370307277590E1,7.94E0,2.2E0));
#1809=CARTESIAN_POINT('',(-7.370307277590E1,1.071333333333E1,2.2E0));
#1810=CARTESIAN_POINT('',(-7.370307277590E1,1.348666666667E1,2.2E0));
#1811=CARTESIAN_POINT('',(-7.370307277590E1,1.626E1,2.2E0));
#1812=CARTESIAN_POINT('',(-7.344652520824E1,7.94E0,2.2E0));
#1813=CARTESIAN_POINT('',(-7.344652520824E1,1.071333333333E1,2.2E0));
#1814=CARTESIAN_POINT('',(-7.344652520824E1,1.348666666667E1,2.2E0));
#1815=CARTESIAN_POINT('',(-7.344652520824E1,1.626E1,2.2E0));
#1816=CARTESIAN_POINT('',(-7.318997764058E1,7.94E0,2.2E0));
#1817=CARTESIAN_POINT('',(-7.318997764058E1,1.071333333333E1,2.2E0));
#1818=CARTESIAN_POINT('',(-7.318997764058E1,1.348666666667E1,2.2E0));
#1819=CARTESIAN_POINT('',(-7.318997764058E1,1.626E1,2.2E0));
#1820=CARTESIAN_POINT('',(-7.293343007292E1,7.94E0,2.2E0));
#1821=CARTESIAN_POINT('',(-7.293343007292E1,1.071333333333E1,2.2E0));
#1822=CARTESIAN_POINT('',(-7.293343007292E1,1.348666666667E1,2.2E0));
#1823=CARTESIAN_POINT('',(-7.293343007292E1,1.626E1,2.2E0));
#1824=B_SPLINE_SURFACE_WITH_KNOTS('',3,3,((#1808,#1809,#1810,#1811),(#1812,
#1813,#1814,#1815),(#1816,#1817,#1818,#1819),(#1820,#1821,#1822,#1823)),
.UNSPECIFIED.,.F.,.F.,.F.,(4,4),(4,4),(-3.482135149367E-2,7.348213514937E-1),(
-1.6E-1,8.16E0),.UNSPECIFIED.);
#1825=ORIENTED_EDGE('',*,*,#1692,.F.);
#1826=ORIENTED_EDGE('',*,*,#1730,.F.);
#1828=ORIENTED_EDGE('',*,*,#1827,.T.);
#1829=ORIENTED_EDGE('',*,*,#1793,.F.);
#1830=EDGE_LOOP('',(#1825,#1826,#1828,#1829));
#1831=FACE_OUTER_BOUND('',#1830,.F.);
#1832=ADVANCED_FACE('',(#1831),#1824,.T.);
#1833=FILL_AREA_STYLE_COLOUR('',#24);
#1834=FILL_AREA_STYLE('',(#1833));
#1835=SURFACE_STYLE_FILL_AREA(#1834);
#1836=SURFACE_SIDE_STYLE('',(#1835));
#1837=SURFACE_STYLE_USAGE(.BOTH.,#1836);
#1838=PRESENTATION_STYLE_ASSIGNMENT((#1837));
#1839=STYLED_ITEM('',(#1838),#1832);
#1840=CARTESIAN_POINT('',(-7.370307277590E1,1.61E1,2.234821351494E0));
#1841=CARTESIAN_POINT('',(-7.370307277590E1,1.61E1,2.111607117165E0));
#1842=CARTESIAN_POINT('',(-7.370307277590E1,1.61E1,1.988392882835E0));
#1843=CARTESIAN_POINT('',(-7.370307277590E1,1.61E1,1.865178648506E0));
#1844=CARTESIAN_POINT('',(-7.344652520824E1,1.61E1,2.234821351494E0));
#1845=CARTESIAN_POINT('',(-7.344652520824E1,1.61E1,2.111607117165E0));
#1846=CARTESIAN_POINT('',(-7.344652520824E1,1.61E1,1.988392882835E0));
#1847=CARTESIAN_POINT('',(-7.344652520824E1,1.61E1,1.865178648506E0));
#1848=CARTESIAN_POINT('',(-7.318997764058E1,1.61E1,2.234821351494E0));
#1849=CARTESIAN_POINT('',(-7.318997764058E1,1.61E1,2.111607117165E0));
#1850=CARTESIAN_POINT('',(-7.318997764058E1,1.61E1,1.988392882835E0));
#1851=CARTESIAN_POINT('',(-7.318997764058E1,1.61E1,1.865178648506E0));
#1852=CARTESIAN_POINT('',(-7.293343007292E1,1.61E1,2.234821351494E0));
#1853=CARTESIAN_POINT('',(-7.293343007292E1,1.61E1,2.111607117165E0));
#1854=CARTESIAN_POINT('',(-7.293343007292E1,1.61E1,1.988392882835E0));
#1855=CARTESIAN_POINT('',(-7.293343007292E1,1.61E1,1.865178648506E0));
#1856=B_SPLINE_SURFACE_WITH_KNOTS('',3,3,((#1840,#1841,#1842,#1843),(#1844,
#1845,#1846,#1847),(#1848,#1849,#1850,#1851),(#1852,#1853,#1854,#1855)),
.UNSPECIFIED.,.F.,.F.,.F.,(4,4),(4,4),(-3.848213514937E-1,3.848213514937E-1),(
-1.848213514941E-1,1.848213514941E-1),.UNSPECIFIED.);
#1857=ORIENTED_EDGE('',*,*,#1728,.F.);
#1858=ORIENTED_EDGE('',*,*,#1762,.F.);
#1859=ORIENTED_EDGE('',*,*,#1795,.F.);
#1860=ORIENTED_EDGE('',*,*,#1827,.F.);
#1861=EDGE_LOOP('',(#1857,#1858,#1859,#1860));
#1862=FACE_OUTER_BOUND('',#1861,.F.);
#1863=ADVANCED_FACE('',(#1862),#1856,.T.);
#1864=FILL_AREA_STYLE_COLOUR('',#24);
#1865=FILL_AREA_STYLE('',(#1864));
#1866=SURFACE_STYLE_FILL_AREA(#1865);
#1867=SURFACE_SIDE_STYLE('',(#1866));
#1868=SURFACE_STYLE_USAGE(.BOTH.,#1867);
#1869=PRESENTATION_STYLE_ASSIGNMENT((#1868));
#1870=STYLED_ITEM('',(#1869),#1863);
#1871=CLOSED_SHELL('',(#1700,#1734,#1767,#1800,#1832,#1863));
#1872=MANIFOLD_SOLID_BREP('',#1871);
#1874=DIRECTION('',(1.E0,0.E0,0.E0));
#1875=VECTOR('',#1874,2.139403068878E1);
#1876=CARTESIAN_POINT('',(-7.512526676880E1,0.E0,-4.497015344392E0));
#1877=LINE('',#1876,#1875);
#1878=DRAUGHTING_PRE_DEFINED_CURVE_FONT('continuous');
#1879=CURVE_STYLE('',#1878,POSITIVE_LENGTH_MEASURE(2.E-2),#7);
#1880=PRESENTATION_STYLE_ASSIGNMENT((#1879));
#1881=STYLED_ITEM('',(#1880),#1877);
#1882=DIRECTION('',(-1.E0,-3.591037808787E-10,3.537265298930E-12));
#1883=VECTOR('',#1882,2.139402834586E1);
#1884=CARTESIAN_POINT('',(-5.373123842300E1,1.982547172385E-1,
-4.697007729226E0));
#1885=LINE('',#1884,#1883);
#1886=CURVE_STYLE('',#1878,POSITIVE_LENGTH_MEASURE(2.E-2),#7);
#1887=PRESENTATION_STYLE_ASSIGNMENT((#1886));
#1888=STYLED_ITEM('',(#1887),#1885);
#1889=DIRECTION('',(-8.726234487059E-3,-9.999238502044E-1,8.726203305885E-3));
#1890=VECTOR('',#1889,1.180264390563E1);
#1891=CARTESIAN_POINT('',(-5.362824578471E1,1.199999985394E1,
-4.799999999493E0));
#1892=LINE('',#1891,#1890);
#1893=CURVE_STYLE('',#1878,POSITIVE_LENGTH_MEASURE(2.E-2),#7);
#1894=PRESENTATION_STYLE_ASSIGNMENT((#1893));
#1895=STYLED_ITEM('',(#1894),#1892);
#1896=DIRECTION('',(-8.726202645985E-3,9.999238504822E-1,-8.726203306537E-3));
#1897=VECTOR('',#1896,1.180264390802E1);
#1898=CARTESIAN_POINT('',(-7.512526676886E1,1.982547095558E-1,
-4.697007729150E0));
#1899=LINE('',#1898,#1897);
#1900=CURVE_STYLE('',#1878,POSITIVE_LENGTH_MEASURE(2.E-2),#7);
#1901=PRESENTATION_STYLE_ASSIGNMENT((#1900));
#1902=STYLED_ITEM('',(#1901),#1899);
#1903=CARTESIAN_POINT('',(-7.292157682964E1,9.433438527089E0,
-4.777601957349E0));
#1904=DIRECTION('',(0.E0,8.726535498002E-3,9.999619230642E-1));
#1905=DIRECTION('',(1.E0,0.E0,0.E0));
#1906=AXIS2_PLACEMENT_3D('',#1903,#1904,#1905);
#1908=CURVE_STYLE('',#1878,POSITIVE_LENGTH_MEASURE(2.E-2),#7);
#1909=PRESENTATION_STYLE_ASSIGNMENT((#1908));
#1910=STYLED_ITEM('',(#1909),#1907);
#1911=CARTESIAN_POINT('',(-7.292157682964E1,9.433438527089E0,
-4.777601957349E0));
#1912=DIRECTION('',(0.E0,8.726535498002E-3,9.999619230642E-1));
#1913=DIRECTION('',(-1.E0,-7.891773285987E-14,0.E0));
#1914=AXIS2_PLACEMENT_3D('',#1911,#1912,#1913);
#1916=CURVE_STYLE('',#1878,POSITIVE_LENGTH_MEASURE(2.E-2),#7);
#1917=PRESENTATION_STYLE_ASSIGNMENT((#1916));
#1918=STYLED_ITEM('',(#1917),#1915);
#1919=CARTESIAN_POINT('',(-5.342825142441E1,1.2E1,-4.600007615387E0));
#1920=CARTESIAN_POINT('',(-5.342825142441E1,1.2E1,-4.620742083550E0));
#1921=CARTESIAN_POINT('',(-5.343475326814E1,1.200000001978E1,
-4.662391880935E0));
#1922=CARTESIAN_POINT('',(-5.346356501592E1,1.199999987326E1,
-4.719340077548E0));
#1923=CARTESIAN_POINT('',(-5.350906558148E1,1.199999984143E1,
-4.764793898236E0));
#1924=CARTESIAN_POINT('',(-5.356598196730E1,1.200000009543E1,
-4.793527573983E0));
#1925=CARTESIAN_POINT('',(-5.360755686047E1,1.199999985394E1,
-4.800000363800E0));
#1926=CARTESIAN_POINT('',(-5.362824578471E1,1.199999985394E1,
-4.799999999493E0));
#1928=CURVE_STYLE('',#1878,POSITIVE_LENGTH_MEASURE(2.E-2),#7);
#1929=PRESENTATION_STYLE_ASSIGNMENT((#1928));
#1930=STYLED_ITEM('',(#1929),#1927);
#1931=CARTESIAN_POINT('',(-5.342825142445E1,1.2E1,4.600007615385E0));
#1932=CARTESIAN_POINT('',(-5.342825142445E1,1.2E1,4.621944266409E0));
#1933=CARTESIAN_POINT('',(-5.343511848966E1,1.199999999858E1,4.663269193025E0));
#1934=CARTESIAN_POINT('',(-5.346401165188E1,1.200000000496E1,4.719798704505E0));
#1935=CARTESIAN_POINT('',(-5.350862371383E1,1.199999998158E1,4.764358741296E0));
#1936=CARTESIAN_POINT('',(-5.356511894086E1,1.200000006872E1,4.793168070077E0));
#1937=CARTESIAN_POINT('',(-5.360636253417E1,1.199999985194E1,4.799999999438E0));
#1938=CARTESIAN_POINT('',(-5.362824381747E1,1.199999985194E1,4.799999999446E0));
#1940=CURVE_STYLE('',#1878,POSITIVE_LENGTH_MEASURE(2.E-2),#7);
#1941=PRESENTATION_STYLE_ASSIGNMENT((#1940));
#1942=STYLED_ITEM('',(#1941),#1939);
#1943=DIRECTION('',(9.999957876436E-1,3.130546008132E-6,-2.902530830762E-3));
#1944=VECTOR('',#1943,2.505533837007E-1);
#1945=CARTESIAN_POINT('',(-5.387879811299E1,1.199999906958E1,
-4.799272760572E0));
#1946=LINE('',#1945,#1944);
#1947=CURVE_STYLE('',#1878,POSITIVE_LENGTH_MEASURE(2.E-2),#7);
#1948=PRESENTATION_STYLE_ASSIGNMENT((#1947));
#1949=STYLED_ITEM('',(#1948),#1946);
#1950=DIRECTION('',(-8.726203242328E-3,-9.999238504776E-1,-8.726203243641E-3));
#1951=VECTOR('',#1950,1.180264407281E1);
#1952=CARTESIAN_POINT('',(-5.342825142445E1,1.2E1,4.600007615385E0));
#1953=LINE('',#1952,#1951);
#1954=CURVE_STYLE('',#1878,POSITIVE_LENGTH_MEASURE(2.E-2),#7);
#1955=PRESENTATION_STYLE_ASSIGNMENT((#1954));
#1956=STYLED_ITEM('',(#1955),#1953);
#1957=DIRECTION('',(-4.155123467191E-12,3.649248769977E-14,1.E0));
#1958=VECTOR('',#1957,9.200015230772E0);
#1959=CARTESIAN_POINT('',(-5.342825142441E1,1.2E1,-4.600007615387E0));
#1960=LINE('',#1959,#1958);
#1961=CURVE_STYLE('',#1878,POSITIVE_LENGTH_MEASURE(2.E-2),#7);
#1962=PRESENTATION_STYLE_ASSIGNMENT((#1961));
#1963=STYLED_ITEM('',(#1962),#1960);
#1964=DIRECTION('',(8.726203244180E-3,9.999238504776E-1,-8.726203243938E-3));
#1965=VECTOR('',#1964,1.180264407281E1);
#1966=CARTESIAN_POINT('',(-5.353124369541E1,1.982546929004E-1,
-4.497015344392E0));
#1967=LINE('',#1966,#1965);
#1968=CURVE_STYLE('',#1878,POSITIVE_LENGTH_MEASURE(2.E-2),#7);
#1969=PRESENTATION_STYLE_ASSIGNMENT((#1968));
#1970=STYLED_ITEM('',(#1969),#1967);
#1971=DIRECTION('',(1.819406645450E-12,-1.509671031932E-14,-1.E0));
#1972=VECTOR('',#1971,8.994030688785E0);
#1973=CARTESIAN_POINT('',(-5.353124369542E1,1.982546929005E-1,
4.497015344393E0));
#1974=LINE('',#1973,#1972);
#1975=CURVE_STYLE('',#1878,POSITIVE_LENGTH_MEASURE(2.E-2),#7);
#1976=PRESENTATION_STYLE_ASSIGNMENT((#1975));
#1977=STYLED_ITEM('',(#1976),#1974);
#1978=DIRECTION('',(0.E0,0.E0,1.E0));
#1979=VECTOR('',#1978,8.994030688784E0);
#1980=CARTESIAN_POINT('',(-5.373123608002E1,0.E0,-4.497015344392E0));
#1981=LINE('',#1980,#1979);
#1982=CURVE_STYLE('',#1878,POSITIVE_LENGTH_MEASURE(2.E-2),#7);
#1983=PRESENTATION_STYLE_ASSIGNMENT((#1982));
#1984=STYLED_ITEM('',(#1983),#1981);
#1985=CARTESIAN_POINT('',(-5.373123608002E1,2.E-1,-4.497015344392E0));
#1986=DIRECTION('',(8.726203244207E-3,9.999238504776E-1,-8.726203243477E-3));
#1987=DIRECTION('',(9.999619230642E-1,-8.726535498636E-3,4.440892098500E-14));
#1988=AXIS2_PLACEMENT_3D('',#1985,#1986,#1987);
#1990=CURVE_STYLE('',#1878,POSITIVE_LENGTH_MEASURE(2.E-2),#7);
#1991=PRESENTATION_STYLE_ASSIGNMENT((#1990));
#1992=STYLED_ITEM('',(#1991),#1989);
#1993=CARTESIAN_POINT('',(-5.373123608002E1,2.E-1,-4.497015344392E0));
#1994=DIRECTION('',(-1.E0,0.E0,0.E0));
#1995=DIRECTION('',(0.E0,-8.726535497729E-3,-9.999619230642E-1));
#1996=AXIS2_PLACEMENT_3D('',#1993,#1994,#1995);
#1998=CURVE_STYLE('',#1878,POSITIVE_LENGTH_MEASURE(2.E-2),#7);
#1999=PRESENTATION_STYLE_ASSIGNMENT((#1998));
#2000=STYLED_ITEM('',(#1999),#1997);
#2001=CARTESIAN_POINT('',(-5.373123608002E1,2.E-1,-4.497015344392E0));
#2002=DIRECTION('',(0.E0,0.E0,1.E0));
#2003=DIRECTION('',(3.552713678800E-14,-1.E0,0.E0));
#2004=AXIS2_PLACEMENT_3D('',#2001,#2002,#2003);
#2006=CURVE_STYLE('',#1878,POSITIVE_LENGTH_MEASURE(2.E-2),#7);
#2007=PRESENTATION_STYLE_ASSIGNMENT((#2006));
#2008=STYLED_ITEM('',(#2007),#2005);
#2009=CARTESIAN_POINT('',(-5.373123608002E1,2.E-1,4.497015344392E0));
#2010=DIRECTION('',(0.E0,0.E0,-1.E0));
#2011=DIRECTION('',(9.999619230642E-1,-8.726535498376E-3,0.E0));
#2012=AXIS2_PLACEMENT_3D('',#2009,#2010,#2011);
#2014=CURVE_STYLE('',#1878,POSITIVE_LENGTH_MEASURE(2.E-2),#7);
#2015=PRESENTATION_STYLE_ASSIGNMENT((#2014));
#2016=STYLED_ITEM('',(#2015),#2013);
#2017=CARTESIAN_POINT('',(-5.373123608008E1,2.E-1,4.497015344392E0));
#2018=DIRECTION('',(8.726203239974E-3,9.999238504776E-1,8.726203243980E-3));
#2019=DIRECTION('',(3.018030270142E-10,-8.726535501043E-3,9.999619230641E-1));
#2020=AXIS2_PLACEMENT_3D('',#2017,#2018,#2019);
#2022=CURVE_STYLE('',#1878,POSITIVE_LENGTH_MEASURE(2.E-2),#7);
#2023=PRESENTATION_STYLE_ASSIGNMENT((#2022));
#2024=STYLED_ITEM('',(#2023),#2021);
#2025=DIRECTION('',(-1.E0,0.E0,0.E0));
#2026=VECTOR('',#2025,2.139403068878E1);
#2027=CARTESIAN_POINT('',(-5.373123608002E1,0.E0,4.497015344392E0));
#2028=LINE('',#2027,#2026);
#2029=CURVE_STYLE('',#1878,POSITIVE_LENGTH_MEASURE(2.E-2),#7);
#2030=PRESENTATION_STYLE_ASSIGNMENT((#2029));
#2031=STYLED_ITEM('',(#2030),#2028);
#2032=CARTESIAN_POINT('',(-5.373123608002E1,2.E-1,4.497015344392E0));
#2033=DIRECTION('',(1.E0,0.E0,0.E0));
#2034=DIRECTION('',(0.E0,-8.726535498493E-3,9.999619230642E-1));
#2035=AXIS2_PLACEMENT_3D('',#2032,#2033,#2034);
#2037=CURVE_STYLE('',#1878,POSITIVE_LENGTH_MEASURE(2.E-2),#7);
#2038=PRESENTATION_STYLE_ASSIGNMENT((#2037));
#2039=STYLED_ITEM('',(#2038),#2036);
#2040=CARTESIAN_POINT('',(-7.512526676880E1,2.E-1,4.497015344392E0));
#2041=DIRECTION('',(1.E0,0.E0,0.E0));
#2042=DIRECTION('',(0.E0,-8.726535497959E-3,9.999619230642E-1));
#2043=AXIS2_PLACEMENT_3D('',#2040,#2041,#2042);
#2045=CURVE_STYLE('',#1878,POSITIVE_LENGTH_MEASURE(2.E-2),#7);
#2046=PRESENTATION_STYLE_ASSIGNMENT((#2045));
#2047=STYLED_ITEM('',(#2046),#2044);
#2048=CARTESIAN_POINT('',(-7.512526676880E1,2.E-1,4.497015344392E0));
#2049=DIRECTION('',(0.E0,0.E0,1.E0));
#2050=DIRECTION('',(-9.999619230642E-1,-8.726535498625E-3,0.E0));
#2051=AXIS2_PLACEMENT_3D('',#2048,#2049,#2050);
#2053=CURVE_STYLE('',#1878,POSITIVE_LENGTH_MEASURE(2.E-2),#7);
#2054=PRESENTATION_STYLE_ASSIGNMENT((#2053));
#2055=STYLED_ITEM('',(#2054),#2052);
#2056=DIRECTION('',(0.E0,0.E0,-1.E0));
#2057=VECTOR('',#2056,8.994030688784E0);
#2058=CARTESIAN_POINT('',(-7.512526676880E1,-2.327305015370E-14,
4.497015344392E0));
#2059=LINE('',#2058,#2057);
#2060=CURVE_STYLE('',#1878,POSITIVE_LENGTH_MEASURE(2.E-2),#7);
#2061=PRESENTATION_STYLE_ASSIGNMENT((#2060));
#2062=STYLED_ITEM('',(#2061),#2059);
#2063=DIRECTION('',(8.726203242330E-3,-9.999238504776E-1,8.726203243642E-3));
#2064=VECTOR('',#2063,1.180264407281E1);
#2065=CARTESIAN_POINT('',(-7.542825142437E1,1.2E1,-4.600007615385E0));
#2066=LINE('',#2065,#2064);
#2067=CURVE_STYLE('',#1878,POSITIVE_LENGTH_MEASURE(2.E-2),#7);
#2068=PRESENTATION_STYLE_ASSIGNMENT((#2067));
#2069=STYLED_ITEM('',(#2068),#2066);
#2070=DIRECTION('',(-8.726203244180E-3,9.999238504776E-1,8.726203243937E-3));
#2071=VECTOR('',#2070,1.180264407281E1);
#2072=CARTESIAN_POINT('',(-7.532525915341E1,1.982546929004E-1,
4.497015344392E0));
#2073=LINE('',#2072,#2071);
#2074=CURVE_STYLE('',#1878,POSITIVE_LENGTH_MEASURE(2.E-2),#7);
#2075=PRESENTATION_STYLE_ASSIGNMENT((#2074));
#2076=STYLED_ITEM('',(#2075),#2073);
#2077=DIRECTION('',(-1.815456565890E-12,-1.520472030729E-14,1.E0));
#2078=VECTOR('',#2077,8.994030688785E0);
#2079=CARTESIAN_POINT('',(-7.532525915340E1,1.982546929005E-1,
-4.497015344393E0));
#2080=LINE('',#2079,#2078);
#2081=CURVE_STYLE('',#1878,POSITIVE_LENGTH_MEASURE(2.E-2),#7);
#2082=PRESENTATION_STYLE_ASSIGNMENT((#2081));
#2083=STYLED_ITEM('',(#2082),#2080);
#2084=CARTESIAN_POINT('',(-7.522825903135E1,1.199999985194E1,
-4.799999999446E0));
#2085=CARTESIAN_POINT('',(-7.524899350515E1,1.199999985194E1,
-4.799999999439E0));
#2086=CARTESIAN_POINT('',(-7.529064327119E1,1.200000008715E1,
-4.793498163514E0));
#2087=CARTESIAN_POINT('',(-7.534759133553E1,1.199999985253E1,
-4.764686477317E0));
#2088=CARTESIAN_POINT('',(-7.539304487962E1,1.199999986192E1,
-4.719186388656E0));
#2089=CARTESIAN_POINT('',(-7.542177907281E1,1.200000002905E1,
-4.662269778874E0));
#2090=CARTESIAN_POINT('',(-7.542825142437E1,1.2E1,-4.620694953512E0));
#2091=CARTESIAN_POINT('',(-7.542825142437E1,1.2E1,-4.600007615385E0));
#2093=CURVE_STYLE('',#1878,POSITIVE_LENGTH_MEASURE(2.E-2),#7);
#2094=PRESENTATION_STYLE_ASSIGNMENT((#2093));
#2095=STYLED_ITEM('',(#2094),#2092);
#2096=DIRECTION('',(9.999957877103E-1,-3.123807134622E-6,2.902507871339E-3));
#2097=VECTOR('',#2096,2.505553509357E-1);
#2098=CARTESIAN_POINT('',(-7.522825903135E1,1.199999985194E1,
-4.799999999446E0));
#2099=LINE('',#2098,#2097);
#2100=CURVE_STYLE('',#1878,POSITIVE_LENGTH_MEASURE(2.E-2),#7);
#2101=PRESENTATION_STYLE_ASSIGNMENT((#2100));
#2102=STYLED_ITEM('',(#2101),#2099);
#2103=CARTESIAN_POINT('',(-7.522825903079E1,1.199999985195E1,4.799999999484E0));
#2104=CARTESIAN_POINT('',(-7.525019569206E1,1.199999985195E1,4.799999999666E0));
#2105=CARTESIAN_POINT('',(-7.529152062065E1,1.200000006871E1,4.793132934086E0));
#2106=CARTESIAN_POINT('',(-7.534805013269E1,1.199999998158E1,4.764239769830E0));
#2107=CARTESIAN_POINT('',(-7.539261016880E1,1.200000000496E1,4.719627706395E0));
#2108=CARTESIAN_POINT('',(-7.542141949535E1,1.199999999858E1,4.663132479591E0));
#2109=CARTESIAN_POINT('',(-7.542825142441E1,1.2E1,4.621888887971E0));
#2110=CARTESIAN_POINT('',(-7.542825142441E1,1.2E1,4.600007615387E0));
#2112=CURVE_STYLE('',#1878,POSITIVE_LENGTH_MEASURE(2.E-2),#7);
#2113=PRESENTATION_STYLE_ASSIGNMENT((#2112));
#2114=STYLED_ITEM('',(#2113),#2111);
#2115=DIRECTION('',(4.148944844935E-12,3.629940575427E-14,-1.E0));
#2116=VECTOR('',#2115,9.200015230772E0);
#2117=CARTESIAN_POINT('',(-7.542825142441E1,1.2E1,4.600007615387E0));
#2118=LINE('',#2117,#2116);
#2119=CURVE_STYLE('',#1878,POSITIVE_LENGTH_MEASURE(2.E-2),#7);
#2120=PRESENTATION_STYLE_ASSIGNMENT((#2119));
#2121=STYLED_ITEM('',(#2120),#2118);
#2122=DIRECTION('',(-1.991940188134E-6,3.246209089597E-12,-9.999999999980E-1));
#2123=VECTOR('',#2122,5.989756490543E0);
#2124=CARTESIAN_POINT('',(-7.497769280459E1,1.199999906923E1,1.190483729963E0));
#2125=LINE('',#2124,#2123);
#2126=CURVE_STYLE('',#1878,POSITIVE_LENGTH_MEASURE(2.E-2),#7);
#2127=PRESENTATION_STYLE_ASSIGNMENT((#2126));
#2128=STYLED_ITEM('',(#2127),#2125);
#2129=CARTESIAN_POINT('',(-7.497770473583E1,1.199999906925E1,
-4.799272760568E0));
#2130=CARTESIAN_POINT('',(-7.497683210438E1,1.183334026169E1,
-4.797818351188E0));
#2131=CARTESIAN_POINT('',(-7.497703574447E1,1.166665975220E1,
-4.797818214801E0));
#2132=CARTESIAN_POINT('',(-7.497616311302E1,1.150000094464E1,
-4.796363805422E0));
#2134=CURVE_STYLE('',#1878,POSITIVE_LENGTH_MEASURE(2.E-2),#7);
#2135=PRESENTATION_STYLE_ASSIGNMENT((#2134));
#2136=STYLED_ITEM('',(#2135),#2133);
#2137=DIRECTION('',(5.468859528393E-5,-2.071246906551E-8,9.999999985046E-1));
#2138=VECTOR('',#2137,5.988701969923E0);
#2139=CARTESIAN_POINT('',(-7.497616311302E1,1.150000094464E1,
-4.796363805422E0));
#2140=LINE('',#2139,#2138);
#2141=CURVE_STYLE('',#1878,POSITIVE_LENGTH_MEASURE(2.E-2),#7);
#2142=PRESENTATION_STYLE_ASSIGNMENT((#2141));
#2143=STYLED_ITEM('',(#2142),#2140);
#2144=DIRECTION('',(-1.E0,8.689872992779E-13,0.E0));
#2145=VECTOR('',#2144,2.109582337722E1);
#2146=CARTESIAN_POINT('',(-5.388033973580E1,1.150000094462E1,
-4.796363805422E0));
#2147=LINE('',#2146,#2145);
#2148=CURVE_STYLE('',#1878,POSITIVE_LENGTH_MEASURE(2.E-2),#7);
#2149=PRESENTATION_STYLE_ASSIGNMENT((#2148));
#2150=STYLED_ITEM('',(#2149),#2147);
#2151=DIRECTION('',(-1.174430615489E-4,-4.447976340797E-8,-9.999999931036E-1));
#2152=VECTOR('',#2151,2.788701980200E0);
#2153=CARTESIAN_POINT('',(-5.388033973580E1,1.150000094464E1,4.796363805422E0));
#2154=LINE('',#2153,#2152);
#2155=CURVE_STYLE('',#1878,POSITIVE_LENGTH_MEASURE(2.E-2),#7);
#2156=PRESENTATION_STYLE_ASSIGNMENT((#2155));
#2157=STYLED_ITEM('',(#2156),#2154);
#2158=DIRECTION('',(4.276802185719E-6,6.970421392240E-12,9.999999999909E-1));
#2159=VECTOR('',#2158,2.789756490557E0);
#2160=CARTESIAN_POINT('',(-5.387881004423E1,1.199999906923E1,2.009516270037E0));
#2161=LINE('',#2160,#2159);
#2162=CURVE_STYLE('',#1878,POSITIVE_LENGTH_MEASURE(2.E-2),#7);
#2163=PRESENTATION_STYLE_ASSIGNMENT((#2162));
#2164=STYLED_ITEM('',(#2163),#2161);
#2165=CARTESIAN_POINT('',(-5.382825142529E1,1.199999985192E1,2.009952606134E0));
#2166=CARTESIAN_POINT('',(-5.384579076379E1,8.650263560534E0,1.992413267643E0));
#2167=CARTESIAN_POINT('',(-5.386332603170E1,5.300526976466E0,1.974873928374E0));
#2168=CARTESIAN_POINT('',(-5.388086537020E1,1.950790685077E0,1.957334589882E0));
#2170=CURVE_STYLE('',#1878,POSITIVE_LENGTH_MEASURE(2.E-2),#7);
#2171=PRESENTATION_STYLE_ASSIGNMENT((#2170));
#2172=STYLED_ITEM('',(#2171),#2169);
#2173=DIRECTION('',(9.999627609130E-1,1.548029856022E-5,8.629979578551E-3));
#2174=VECTOR('',#2173,5.056050175961E-2);
#2175=CARTESIAN_POINT('',(-5.387881004423E1,1.199999906923E1,2.009516270037E0));
#2176=LINE('',#2175,#2174);
#2177=CURVE_STYLE('',#1878,POSITIVE_LENGTH_MEASURE(2.E-2),#7);
#2178=PRESENTATION_STYLE_ASSIGNMENT((#2177));
#2179=STYLED_ITEM('',(#2178),#2176);
#2180=CARTESIAN_POINT('',(-5.388066724950E1,1.150000082060E1,2.007661844454E0));
#2181=CARTESIAN_POINT('',(-5.387979458985E1,1.166666501301E1,2.008534504100E0));
#2182=CARTESIAN_POINT('',(-5.387968270387E1,1.183333487682E1,2.008643610391E0));
#2183=CARTESIAN_POINT('',(-5.387881004423E1,1.199999906923E1,2.009516270037E0));
#2185=CURVE_STYLE('',#1878,POSITIVE_LENGTH_MEASURE(2.E-2),#7);
#2186=PRESENTATION_STYLE_ASSIGNMENT((#2185));
#2187=STYLED_ITEM('',(#2186),#2184);
#2188=DIRECTION('',(-2.074705065809E-5,-9.999861120141E-1,-5.270232292884E-3));
#2189=VECTOR('',#2188,9.549342756656E0);
#2190=CARTESIAN_POINT('',(-5.388066724950E1,1.150000082060E1,2.007661844454E0));
#2191=LINE('',#2190,#2189);
#2192=CURVE_STYLE('',#1878,POSITIVE_LENGTH_MEASURE(2.E-2),#7);
#2193=PRESENTATION_STYLE_ASSIGNMENT((#2192));
#2194=STYLED_ITEM('',(#2193),#2191);
#2195=DIRECTION('',(-5.228912728237E-14,4.139773781218E-11,1.E0));
#2196=VECTOR('',#2195,8.153236889073E-1);
#2197=CARTESIAN_POINT('',(-5.388066724950E1,1.150000082056E1,1.192338155547E0));
#2198=LINE('',#2197,#2196);
#2199=CURVE_STYLE('',#1878,POSITIVE_LENGTH_MEASURE(2.E-2),#7);
#2200=PRESENTATION_STYLE_ASSIGNMENT((#2199));
#2201=STYLED_ITEM('',(#2200),#2198);
#2202=DIRECTION('',(2.074705066412E-5,9.999861120141E-1,-5.270232292836E-3));
#2203=VECTOR('',#2202,9.549342756622E0);
#2204=CARTESIAN_POINT('',(-5.388086537020E1,1.950790685077E0,1.242665410118E0));
#2205=LINE('',#2204,#2203);
#2206=CURVE_STYLE('',#1878,POSITIVE_LENGTH_MEASURE(2.E-2),#7);
#2207=PRESENTATION_STYLE_ASSIGNMENT((#2206));
#2208=STYLED_ITEM('',(#2207),#2205);
#2209=DIRECTION('',(-9.999627609128E-1,-1.547977121484E-5,8.629979611E-3));
#2210=VECTOR('',#2209,5.056050162744E-2);
#2211=CARTESIAN_POINT('',(-5.382825142529E1,1.199999985192E1,1.190047393865E0));
#2212=LINE('',#2211,#2210);
#2213=CURVE_STYLE('',#1878,POSITIVE_LENGTH_MEASURE(2.E-2),#7);
#2214=PRESENTATION_STYLE_ASSIGNMENT((#2213));
#2215=STYLED_ITEM('',(#2214),#2212);
#2216=CARTESIAN_POINT('',(-5.388086537020E1,1.950790685077E0,1.242665410118E0));
#2217=CARTESIAN_POINT('',(-5.386332603170E1,5.300526976466E0,1.225126071626E0));
#2218=CARTESIAN_POINT('',(-5.384579076379E1,8.650263560534E0,1.207586732357E0));
#2219=CARTESIAN_POINT('',(-5.382825142529E1,1.199999985192E1,1.190047393865E0));
#2221=CURVE_STYLE('',#1878,POSITIVE_LENGTH_MEASURE(2.E-2),#7);
#2222=PRESENTATION_STYLE_ASSIGNMENT((#2221));
#2223=STYLED_ITEM('',(#2222),#2220);
#2224=DIRECTION('',(5.468859528629E-5,2.071504341319E-8,-9.999999985046E-1));
#2225=VECTOR('',#2224,5.988701969924E0);
#2226=CARTESIAN_POINT('',(-5.388066724950E1,1.150000082056E1,1.192338155547E0));
#2227=LINE('',#2226,#2225);
#2228=CURVE_STYLE('',#1878,POSITIVE_LENGTH_MEASURE(2.E-2),#7);
#2229=PRESENTATION_STYLE_ASSIGNMENT((#2228));
#2230=STYLED_ITEM('',(#2229),#2227);
#2231=CARTESIAN_POINT('',(-5.388033973580E1,1.150000094462E1,
-4.796363805422E0));
#2232=CARTESIAN_POINT('',(-5.387946710435E1,1.166665975223E1,
-4.797818214802E0));
#2233=CARTESIAN_POINT('',(-5.387967074444E1,1.183334026197E1,
-4.797818351192E0));
#2234=CARTESIAN_POINT('',(-5.387879811299E1,1.199999906958E1,
-4.799272760572E0));
#2236=CURVE_STYLE('',#1878,POSITIVE_LENGTH_MEASURE(2.E-2),#7);
#2237=PRESENTATION_STYLE_ASSIGNMENT((#2236));
#2238=STYLED_ITEM('',(#2237),#2235);
#2239=DIRECTION('',(-1.991918162785E-6,-5.305206026123E-11,9.999999999980E-1));
#2240=VECTOR('',#2239,5.989756490548E0);
#2241=CARTESIAN_POINT('',(-5.387879811299E1,1.199999906958E1,
-4.799272760572E0));
#2242=LINE('',#2241,#2240);
#2243=CURVE_STYLE('',#1878,POSITIVE_LENGTH_MEASURE(2.E-2),#7);
#2244=PRESENTATION_STYLE_ASSIGNMENT((#2243));
#2245=STYLED_ITEM('',(#2244),#2242);
#2246=CARTESIAN_POINT('',(-5.387881004409E1,1.199999906926E1,1.190483729963E0));
#2247=CARTESIAN_POINT('',(-5.387968269681E1,1.183333620027E1,1.191356382680E0));
#2248=CARTESIAN_POINT('',(-5.387979459678E1,1.166666368955E1,1.191465502830E0));
#2249=CARTESIAN_POINT('',(-5.388066724950E1,1.150000082056E1,1.192338155547E0));
#2251=CURVE_STYLE('',#1878,POSITIVE_LENGTH_MEASURE(2.E-2),#7);
#2252=PRESENTATION_STYLE_ASSIGNMENT((#2251));
#2253=STYLED_ITEM('',(#2252),#2250);
#2254=DIRECTION('',(0.E0,0.E0,-1.E0));
#2255=VECTOR('',#2254,7.146691797641E-1);
#2256=CARTESIAN_POINT('',(-5.388086537020E1,1.950790685077E0,1.957334589882E0));
#2257=LINE('',#2256,#2255);
#2258=CURVE_STYLE('',#1878,POSITIVE_LENGTH_MEASURE(2.E-2),#7);
#2259=PRESENTATION_STYLE_ASSIGNMENT((#2258));
#2260=STYLED_ITEM('',(#2259),#2257);
#2261=DIRECTION('',(1.386585132286E-13,0.E0,1.E0));
#2262=VECTOR('',#2261,8.199052122692E-1);
#2263=CARTESIAN_POINT('',(-5.382825142529E1,1.199999985192E1,1.190047393865E0));
#2264=LINE('',#2263,#2262);
#2265=CURVE_STYLE('',#1878,POSITIVE_LENGTH_MEASURE(2.E-2),#7);
#2266=PRESENTATION_STYLE_ASSIGNMENT((#2265));
#2267=STYLED_ITEM('',(#2266),#2264);
#2268=DIRECTION('',(8.726202626770E-3,-9.999238504824E-1,-8.726203308366E-3));
#2269=VECTOR('',#2268,1.180264392468E1);
#2270=CARTESIAN_POINT('',(-7.522825903079E1,1.199999985195E1,4.799999999484E0));
#2271=LINE('',#2270,#2269);
#2272=CURVE_STYLE('',#1878,POSITIVE_LENGTH_MEASURE(2.E-2),#7);
#2273=PRESENTATION_STYLE_ASSIGNMENT((#2272));
#2274=STYLED_ITEM('',(#2273),#2271);
#2275=DIRECTION('',(-9.999957877098E-1,3.123842384464E-6,2.902508031199E-3));
#2276=VECTOR('',#2275,2.505553503701E-1);
#2277=CARTESIAN_POINT('',(-7.497770473583E1,1.199999906925E1,4.799272760568E0));
#2278=LINE('',#2277,#2276);
#2279=CURVE_STYLE('',#1878,POSITIVE_LENGTH_MEASURE(2.E-2),#7);
#2280=PRESENTATION_STYLE_ASSIGNMENT((#2279));
#2281=STYLED_ITEM('',(#2280),#2278);
#2282=DIRECTION('',(-1.E0,-8.689872992779E-13,0.E0));
#2283=VECTOR('',#2282,2.109582337722E1);
#2284=CARTESIAN_POINT('',(-5.388033973580E1,1.150000094464E1,4.796363805422E0));
#2285=LINE('',#2284,#2283);
#2286=CURVE_STYLE('',#1878,POSITIVE_LENGTH_MEASURE(2.E-2),#7);
#2287=PRESENTATION_STYLE_ASSIGNMENT((#2286));
#2288=STYLED_ITEM('',(#2287),#2285);
#2289=CARTESIAN_POINT('',(-5.387879811299E1,1.199999906925E1,4.799272760568E0));
#2290=CARTESIAN_POINT('',(-5.387967077173E1,1.183333504924E1,4.797818305700E0));
#2291=CARTESIAN_POINT('',(-5.387946707706E1,1.166666496465E1,4.797818260290E0));
#2292=CARTESIAN_POINT('',(-5.388033973580E1,1.150000094464E1,4.796363805422E0));
#2294=CURVE_STYLE('',#1878,POSITIVE_LENGTH_MEASURE(2.E-2),#7);
#2295=PRESENTATION_STYLE_ASSIGNMENT((#2294));
#2296=STYLED_ITEM('',(#2295),#2293);
#2297=DIRECTION('',(-9.999957877103E-1,-3.123807134622E-6,-2.902507871336E-3));
#2298=VECTOR('',#2297,2.505553509357E-1);
#2299=CARTESIAN_POINT('',(-5.362824381747E1,1.199999985194E1,4.799999999446E0));
#2300=LINE('',#2299,#2298);
#2301=CURVE_STYLE('',#1878,POSITIVE_LENGTH_MEASURE(2.E-2),#7);
#2302=PRESENTATION_STYLE_ASSIGNMENT((#2301));
#2303=STYLED_ITEM('',(#2302),#2300);
#2304=DIRECTION('',(8.726202638389E-3,9.999238504823E-1,8.726203306518E-3));
#2305=VECTOR('',#2304,1.180264392468E1);
#2306=CARTESIAN_POINT('',(-5.373123608002E1,1.982546929002E-1,
4.697007729005E0));
#2307=LINE('',#2306,#2305);
#2308=CURVE_STYLE('',#1878,POSITIVE_LENGTH_MEASURE(2.E-2),#7);
#2309=PRESENTATION_STYLE_ASSIGNMENT((#2308));
#2310=STYLED_ITEM('',(#2309),#2307);
#2311=DIRECTION('',(1.E0,-1.694159296180E-13,-7.666205091083E-13));
#2312=VECTOR('',#2311,2.139403068835E1);
#2313=CARTESIAN_POINT('',(-7.512526676837E1,1.982546929038E-1,
4.697007729021E0));
#2314=LINE('',#2313,#2312);
#2315=CURVE_STYLE('',#1878,POSITIVE_LENGTH_MEASURE(2.E-2),#7);
#2316=PRESENTATION_STYLE_ASSIGNMENT((#2315));
#2317=STYLED_ITEM('',(#2316),#2314);
#2318=CARTESIAN_POINT('',(-7.512526676874E1,2.E-1,4.497015344392E0));
#2319=DIRECTION('',(8.726203239981E-3,-9.999238504776E-1,-8.726203243980E-3));
#2320=DIRECTION('',(8.285283567626E-9,-8.726535426110E-3,9.999619230648E-1));
#2321=AXIS2_PLACEMENT_3D('',#2318,#2319,#2320);
#2323=CURVE_STYLE('',#1878,POSITIVE_LENGTH_MEASURE(2.E-2),#7);
#2324=PRESENTATION_STYLE_ASSIGNMENT((#2323));
#2325=STYLED_ITEM('',(#2324),#2322);
#2326=DIRECTION('',(-1.174430615463E-4,4.448529178680E-8,9.999999931036E-1));
#2327=VECTOR('',#2326,2.788701980200E0);
#2328=CARTESIAN_POINT('',(-7.497583559932E1,1.150000082056E1,2.007661844453E0));
#2329=LINE('',#2328,#2327);
#2330=CURVE_STYLE('',#1878,POSITIVE_LENGTH_MEASURE(2.E-2),#7);
#2331=PRESENTATION_STYLE_ASSIGNMENT((#2330));
#2332=STYLED_ITEM('',(#2331),#2329);
#2333=CARTESIAN_POINT('',(-7.497616311302E1,1.150000094462E1,4.796363805421E0));
#2334=CARTESIAN_POINT('',(-7.497703574447E1,1.166665975220E1,4.797818214801E0));
#2335=CARTESIAN_POINT('',(-7.497683210438E1,1.183334026167E1,4.797818351188E0));
#2336=CARTESIAN_POINT('',(-7.497770473583E1,1.199999906925E1,4.799272760568E0));
#2338=CURVE_STYLE('',#1878,POSITIVE_LENGTH_MEASURE(2.E-2),#7);
#2339=PRESENTATION_STYLE_ASSIGNMENT((#2338));
#2340=STYLED_ITEM('',(#2339),#2337);
#2341=DIRECTION('',(4.276754893572E-6,-6.970421392240E-12,-9.999999999909E-1));
#2342=VECTOR('',#2341,2.789756490556E0);
#2343=CARTESIAN_POINT('',(-7.497770473583E1,1.199999906925E1,4.799272760568E0));
#2344=LINE('',#2343,#2342);
#2345=CURVE_STYLE('',#1878,POSITIVE_LENGTH_MEASURE(2.E-2),#7);
#2346=PRESENTATION_STYLE_ASSIGNMENT((#2345));
#2347=STYLED_ITEM('',(#2346),#2344);
#2348=CARTESIAN_POINT('',(-7.497769280473E1,1.199999906923E1,2.009516270037E0));
#2349=CARTESIAN_POINT('',(-7.497682014508E1,1.183333487679E1,2.008643610391E0));
#2350=CARTESIAN_POINT('',(-7.497670825897E1,1.166666501300E1,2.008534504099E0));
#2351=CARTESIAN_POINT('',(-7.497583559932E1,1.150000082056E1,2.007661844453E0));
#2353=CURVE_STYLE('',#1878,POSITIVE_LENGTH_MEASURE(2.E-2),#7);
#2354=PRESENTATION_STYLE_ASSIGNMENT((#2353));
#2355=STYLED_ITEM('',(#2354),#2352);
#2356=DIRECTION('',(9.999627609128E-1,-1.548029860065E-5,-8.629979610972E-3));
#2357=VECTOR('',#2356,5.056050162755E-2);
#2358=CARTESIAN_POINT('',(-7.502825142353E1,1.199999985192E1,2.009952606135E0));
#2359=LINE('',#2358,#2357);
#2360=CURVE_STYLE('',#1878,POSITIVE_LENGTH_MEASURE(2.E-2),#7);
#2361=PRESENTATION_STYLE_ASSIGNMENT((#2360));
#2362=STYLED_ITEM('',(#2361),#2359);
#2363=CARTESIAN_POINT('',(-7.497563747862E1,1.950790685077E0,1.957334589882E0));
#2364=CARTESIAN_POINT('',(-7.499317681711E1,5.300526976466E0,1.974873928374E0));
#2365=CARTESIAN_POINT('',(-7.501071208503E1,8.650263560534E0,1.992413267643E0));
#2366=CARTESIAN_POINT('',(-7.502825142353E1,1.199999985192E1,2.009952606135E0));
#2368=CURVE_STYLE('',#1878,POSITIVE_LENGTH_MEASURE(2.E-2),#7);
#2369=PRESENTATION_STYLE_ASSIGNMENT((#2368));
#2370=STYLED_ITEM('',(#2369),#2367);
#2371=DIRECTION('',(-2.074705066635E-5,9.999861120141E-1,5.270232292836E-3));
#2372=VECTOR('',#2371,9.549342756622E0);
#2373=CARTESIAN_POINT('',(-7.497563747862E1,1.950790685077E0,1.957334589882E0));
#2374=LINE('',#2373,#2372);
#2375=CURVE_STYLE('',#1878,POSITIVE_LENGTH_MEASURE(2.E-2),#7);
#2376=PRESENTATION_STYLE_ASSIGNMENT((#2375));
#2377=STYLED_ITEM('',(#2376),#2374);
#2378=DIRECTION('',(2.074705066181E-5,-9.999861120141E-1,5.270232292884E-3));
#2379=VECTOR('',#2378,9.549342756656E0);
#2380=CARTESIAN_POINT('',(-7.497583559932E1,1.150000082060E1,1.192338155546E0));
#2381=LINE('',#2380,#2379);
#2382=CURVE_STYLE('',#1878,POSITIVE_LENGTH_MEASURE(2.E-2),#7);
#2383=PRESENTATION_STYLE_ASSIGNMENT((#2382));
#2384=STYLED_ITEM('',(#2383),#2381);
#2385=DIRECTION('',(3.485941818825E-14,4.139555909854E-11,-1.E0));
#2386=VECTOR('',#2385,8.153236889073E-1);
#2387=CARTESIAN_POINT('',(-7.497583559932E1,1.150000082056E1,2.007661844453E0));
#2388=LINE('',#2387,#2386);
#2389=CURVE_STYLE('',#1878,POSITIVE_LENGTH_MEASURE(2.E-2),#7);
#2390=PRESENTATION_STYLE_ASSIGNMENT((#2389));
#2391=STYLED_ITEM('',(#2390),#2388);
#2392=DIRECTION('',(0.E0,0.E0,1.E0));
#2393=VECTOR('',#2392,7.146691797641E-1);
#2394=CARTESIAN_POINT('',(-7.497563747862E1,1.950790685077E0,1.242665410118E0));
#2395=LINE('',#2394,#2393);
#2396=CURVE_STYLE('',#1878,POSITIVE_LENGTH_MEASURE(2.E-2),#7);
#2397=PRESENTATION_STYLE_ASSIGNMENT((#2396));
#2398=STYLED_ITEM('',(#2397),#2395);
#2399=DIRECTION('',(-1.386585132286E-13,0.E0,-1.E0));
#2400=VECTOR('',#2399,8.199052122692E-1);
#2401=CARTESIAN_POINT('',(-7.502825142353E1,1.199999985192E1,2.009952606135E0));
#2402=LINE('',#2401,#2400);
#2403=CURVE_STYLE('',#1878,POSITIVE_LENGTH_MEASURE(2.E-2),#7);
#2404=PRESENTATION_STYLE_ASSIGNMENT((#2403));
#2405=STYLED_ITEM('',(#2404),#2402);
#2406=CARTESIAN_POINT('',(-7.502825142353E1,1.199999985192E1,1.190047393866E0));
#2407=CARTESIAN_POINT('',(-7.501071208439E1,8.650263437414E0,1.207586733002E0));
#2408=CARTESIAN_POINT('',(-7.499317681776E1,5.300527099586E0,1.225126070982E0));
#2409=CARTESIAN_POINT('',(-7.497563747862E1,1.950790685077E0,1.242665410118E0));
#2411=CURVE_STYLE('',#1878,POSITIVE_LENGTH_MEASURE(2.E-2),#7);
#2412=PRESENTATION_STYLE_ASSIGNMENT((#2411));
#2413=STYLED_ITEM('',(#2412),#2410);
#2414=DIRECTION('',(-9.999627609130E-1,1.548029856022E-5,-8.629979578549E-3));
#2415=VECTOR('',#2414,5.056050175959E-2);
#2416=CARTESIAN_POINT('',(-7.497769280459E1,1.199999906923E1,1.190483729963E0));
#2417=LINE('',#2416,#2415);
#2418=CURVE_STYLE('',#1878,POSITIVE_LENGTH_MEASURE(2.E-2),#7);
#2419=PRESENTATION_STYLE_ASSIGNMENT((#2418));
#2420=STYLED_ITEM('',(#2419),#2417);
#2421=CARTESIAN_POINT('',(-7.497583559932E1,1.150000082060E1,1.192338155546E0));
#2422=CARTESIAN_POINT('',(-7.497670825897E1,1.166666501301E1,1.191465495900E0));
#2423=CARTESIAN_POINT('',(-7.497682014495E1,1.183333487682E1,1.191356389609E0));
#2424=CARTESIAN_POINT('',(-7.497769280459E1,1.199999906923E1,1.190483729963E0));
#2426=CURVE_STYLE('',#1878,POSITIVE_LENGTH_MEASURE(2.E-2),#7);
#2427=PRESENTATION_STYLE_ASSIGNMENT((#2426));
#2428=STYLED_ITEM('',(#2427),#2425);
#2429=CARTESIAN_POINT('',(-7.512526676880E1,2.E-1,-4.497015344392E0));
#2430=DIRECTION('',(0.E0,0.E0,1.E0));
#2431=DIRECTION('',(-9.999619230642E-1,-8.726535498376E-3,0.E0));
#2432=AXIS2_PLACEMENT_3D('',#2429,#2430,#2431);
#2434=CURVE_STYLE('',#1878,POSITIVE_LENGTH_MEASURE(2.E-2),#7);
#2435=PRESENTATION_STYLE_ASSIGNMENT((#2434));
#2436=STYLED_ITEM('',(#2435),#2433);
#2437=CARTESIAN_POINT('',(-7.512526676880E1,2.E-1,-4.497015344392E0));
#2438=DIRECTION('',(1.E0,0.E0,0.E0));
#2439=DIRECTION('',(0.E0,-1.E0,1.332267629550E-14));
#2440=AXIS2_PLACEMENT_3D('',#2437,#2438,#2439);
#2442=CURVE_STYLE('',#1878,POSITIVE_LENGTH_MEASURE(2.E-2),#7);
#2443=PRESENTATION_STYLE_ASSIGNMENT((#2442));
#2444=STYLED_ITEM('',(#2443),#2441);
#2445=CARTESIAN_POINT('',(-7.512526676874E1,2.E-1,-4.497015344392E0));
#2446=DIRECTION('',(-8.726203239981E-3,9.999238504776E-1,-8.726203243980E-3));
#2447=DIRECTION('',(-3.012701199624E-10,-8.726535501038E-3,-9.999619230641E-1));
#2448=AXIS2_PLACEMENT_3D('',#2445,#2446,#2447);
#2450=CURVE_STYLE('',#1878,POSITIVE_LENGTH_MEASURE(2.E-2),#7);
#2451=PRESENTATION_STYLE_ASSIGNMENT((#2450));
#2452=STYLED_ITEM('',(#2451),#2449);
#2453=DIRECTION('',(0.E0,-8.726535498681E-3,-9.999619230642E-1));
#2454=VECTOR('',#2453,9.999999999976E-2);
#2455=CARTESIAN_POINT('',(-7.224630774561E1,9.434311180639E0,
-4.677605765043E0));
#2456=LINE('',#2455,#2454);
#2457=CURVE_STYLE('',#1878,POSITIVE_LENGTH_MEASURE(2.E-2),#7);
#2458=PRESENTATION_STYLE_ASSIGNMENT((#2457));
#2459=STYLED_ITEM('',(#2458),#2456);
#2460=DIRECTION('',(-2.842170943047E-13,8.726535500013E-3,9.999619230642E-1));
#2461=VECTOR('',#2460,9.999999999976E-2);
#2462=CARTESIAN_POINT('',(-7.359684591367E1,9.433438527089E0,
-4.777601957349E0));
#2463=LINE('',#2462,#2461);
#2464=CURVE_STYLE('',#1878,POSITIVE_LENGTH_MEASURE(2.E-2),#7);
#2465=PRESENTATION_STYLE_ASSIGNMENT((#2464));
#2466=STYLED_ITEM('',(#2465),#2463);
#2467=CARTESIAN_POINT('',(-7.292157682964E1,9.434311180639E0,
-4.677605765043E0));
#2468=DIRECTION('',(0.E0,-8.726535498002E-3,-9.999619230642E-1));
#2469=DIRECTION('',(-1.E0,5.734688587817E-13,0.E0));
#2470=AXIS2_PLACEMENT_3D('',#2467,#2468,#2469);
#2472=CURVE_STYLE('',#1878,POSITIVE_LENGTH_MEASURE(2.E-2),#7);
#2473=PRESENTATION_STYLE_ASSIGNMENT((#2472));
#2474=STYLED_ITEM('',(#2473),#2471);
#2475=CARTESIAN_POINT('',(-7.292157682964E1,9.434311180639E0,
-4.677605765043E0));
#2476=DIRECTION('',(0.E0,-8.726535498002E-3,-9.999619230642E-1));
#2477=DIRECTION('',(1.E0,5.419017656378E-13,0.E0));
#2478=AXIS2_PLACEMENT_3D('',#2475,#2476,#2477);
#2480=CURVE_STYLE('',#1878,POSITIVE_LENGTH_MEASURE(2.E-2),#7);
#2481=PRESENTATION_STYLE_ASSIGNMENT((#2480));
#2482=STYLED_ITEM('',(#2481),#2479);
#2483=CARTESIAN_POINT('',(-7.512526676880E1,0.E0,-4.497015344392E0));
#2484=CARTESIAN_POINT('',(-5.373123608002E1,0.E0,-4.497015344392E0));
#2485=VERTEX_POINT('',#2483);
#2486=VERTEX_POINT('',#2484);
#2487=CARTESIAN_POINT('',(-7.512526676880E1,-2.327305015370E-14,
4.497015344392E0));
#2488=VERTEX_POINT('',#2487);
#2489=CARTESIAN_POINT('',(-5.373123608002E1,0.E0,4.497015344392E0));
#2490=VERTEX_POINT('',#2489);
#2491=CARTESIAN_POINT('',(-5.373123842300E1,1.982547172385E-1,
-4.697007729226E0));
#2492=CARTESIAN_POINT('',(-7.512526676886E1,1.982547095558E-1,
-4.697007729150E0));
#2493=VERTEX_POINT('',#2491);
#2494=VERTEX_POINT('',#2492);
#2495=CARTESIAN_POINT('',(-5.362824578471E1,1.199999985394E1,
-4.799999999493E0));
#2496=VERTEX_POINT('',#2495);
#2497=CARTESIAN_POINT('',(-5.387879811299E1,1.199999906958E1,
-4.799272760572E0));
#2498=VERTEX_POINT('',#2497);
#2499=VERTEX_POINT('',#2231);
#2500=CARTESIAN_POINT('',(-7.497616311302E1,1.150000094464E1,
-4.796363805422E0));
#2501=VERTEX_POINT('',#2500);
#2502=VERTEX_POINT('',#2129);
#2503=CARTESIAN_POINT('',(-7.522825903135E1,1.199999985194E1,
-4.799999999446E0));
#2504=VERTEX_POINT('',#2503);
#2505=CARTESIAN_POINT('',(-7.224630774561E1,9.433438527089E0,
-4.777601957349E0));
#2506=CARTESIAN_POINT('',(-7.359684591367E1,9.433438527089E0,
-4.777601957349E0));
#2507=VERTEX_POINT('',#2505);
#2508=VERTEX_POINT('',#2506);
#2509=VERTEX_POINT('',#1919);
#2510=CARTESIAN_POINT('',(-5.353124369541E1,1.982546929003E-1,
-4.497015344392E0));
#2511=VERTEX_POINT('',#2510);
#2512=VERTEX_POINT('',#1931);
#2513=VERTEX_POINT('',#1938);
#2514=CARTESIAN_POINT('',(-5.387881004409E1,1.199999906926E1,1.190483729963E0));
#2515=VERTEX_POINT('',#2514);
#2516=CARTESIAN_POINT('',(-5.382825142529E1,1.199999985192E1,1.190047393865E0));
#2517=VERTEX_POINT('',#2516);
#2518=CARTESIAN_POINT('',(-5.382825142529E1,1.199999985192E1,2.009952606134E0));
#2519=VERTEX_POINT('',#2518);
#2520=CARTESIAN_POINT('',(-5.387881004423E1,1.199999906923E1,2.009516270037E0));
#2521=VERTEX_POINT('',#2520);
#2522=CARTESIAN_POINT('',(-5.387879811299E1,1.199999906925E1,4.799272760568E0));
#2523=VERTEX_POINT('',#2522);
#2524=CARTESIAN_POINT('',(-5.353124369542E1,1.982546929005E-1,
4.497015344393E0));
#2525=VERTEX_POINT('',#2524);
#2526=CARTESIAN_POINT('',(-5.373123608002E1,1.982546928998E-1,
4.697007729005E0));
#2527=VERTEX_POINT('',#2526);
#2528=CARTESIAN_POINT('',(-7.512526676880E1,1.982546929004E-1,
4.697007729005E0));
#2529=VERTEX_POINT('',#2528);
#2530=CARTESIAN_POINT('',(-7.532525915341E1,1.982546929003E-1,
4.497015344392E0));
#2531=VERTEX_POINT('',#2530);
#2532=CARTESIAN_POINT('',(-7.532525915340E1,1.982546929005E-1,
-4.497015344393E0));
#2533=VERTEX_POINT('',#2532);
#2534=CARTESIAN_POINT('',(-7.542825142437E1,1.2E1,-4.600007615385E0));
#2535=VERTEX_POINT('',#2534);
#2536=CARTESIAN_POINT('',(-7.542825142441E1,1.2E1,4.600007615387E0));
#2537=VERTEX_POINT('',#2536);
#2538=VERTEX_POINT('',#2103);
#2539=CARTESIAN_POINT('',(-7.497770473583E1,1.199999906925E1,4.799272760568E0));
#2540=VERTEX_POINT('',#2539);
#2541=CARTESIAN_POINT('',(-7.497769280473E1,1.199999906923E1,2.009516270037E0));
#2542=VERTEX_POINT('',#2541);
#2543=CARTESIAN_POINT('',(-7.502825142353E1,1.199999985192E1,2.009952606135E0));
#2544=VERTEX_POINT('',#2543);
#2545=CARTESIAN_POINT('',(-7.502825142353E1,1.199999985192E1,1.190047393866E0));
#2546=VERTEX_POINT('',#2545);
#2547=CARTESIAN_POINT('',(-7.497769280459E1,1.199999906923E1,1.190483729963E0));
#2548=VERTEX_POINT('',#2547);
#2549=CARTESIAN_POINT('',(-7.497583559932E1,1.150000082060E1,1.192338155546E0));
#2550=VERTEX_POINT('',#2549);
#2551=CARTESIAN_POINT('',(-5.388033973580E1,1.150000094464E1,4.796363805422E0));
#2552=CARTESIAN_POINT('',(-5.388066724950E1,1.150000082060E1,2.007661844454E0));
#2553=VERTEX_POINT('',#2551);
#2554=VERTEX_POINT('',#2552);
#2555=CARTESIAN_POINT('',(-7.497616311302E1,1.150000094462E1,4.796363805421E0));
#2556=VERTEX_POINT('',#2555);
#2557=CARTESIAN_POINT('',(-7.497583559932E1,1.150000082056E1,2.007661844453E0));
#2558=VERTEX_POINT('',#2557);
#2559=CARTESIAN_POINT('',(-5.388066724950E1,1.150000082056E1,1.192338155547E0));
#2560=VERTEX_POINT('',#2559);
#2561=CARTESIAN_POINT('',(-5.388086537020E1,1.950790685077E0,1.957334589882E0));
#2562=VERTEX_POINT('',#2561);
#2563=CARTESIAN_POINT('',(-5.388086537020E1,1.950790685077E0,1.242665410118E0));
#2564=VERTEX_POINT('',#2563);
#2565=CARTESIAN_POINT('',(-7.497563747862E1,1.950790685077E0,1.957334589882E0));
#2566=VERTEX_POINT('',#2565);
#2567=CARTESIAN_POINT('',(-7.497563747862E1,1.950790685077E0,1.242665410118E0));
#2568=VERTEX_POINT('',#2567);
#2569=CARTESIAN_POINT('',(-7.224630774561E1,9.434311180639E0,
-4.677605765043E0));
#2570=VERTEX_POINT('',#2569);
#2571=CARTESIAN_POINT('',(-7.359684591367E1,9.434311180639E0,
-4.677605765043E0));
#2572=VERTEX_POINT('',#2571);
#2573=CARTESIAN_POINT('',(-7.555314738258E1,0.E0,-4.676895958168E0));
#2574=CARTESIAN_POINT('',(-7.555314738258E1,0.E0,-1.558965319389E0));
#2575=CARTESIAN_POINT('',(-7.555314738258E1,0.E0,1.558965319389E0));
#2576=CARTESIAN_POINT('',(-7.555314738258E1,0.E0,4.676895958168E0));
#2577=CARTESIAN_POINT('',(-6.813655007713E1,0.E0,-4.676895958168E0));
#2578=CARTESIAN_POINT('',(-6.813655007713E1,0.E0,-1.558965319389E0));
#2579=CARTESIAN_POINT('',(-6.813655007713E1,0.E0,1.558965319389E0));
#2580=CARTESIAN_POINT('',(-6.813655007713E1,0.E0,4.676895958168E0));
#2581=CARTESIAN_POINT('',(-6.071995277169E1,0.E0,-4.676895958168E0));
#2582=CARTESIAN_POINT('',(-6.071995277169E1,0.E0,-1.558965319389E0));
#2583=CARTESIAN_POINT('',(-6.071995277169E1,0.E0,1.558965319389E0));
#2584=CARTESIAN_POINT('',(-6.071995277169E1,0.E0,4.676895958168E0));
#2585=CARTESIAN_POINT('',(-5.330335546624E1,0.E0,-4.676895958168E0));
#2586=CARTESIAN_POINT('',(-5.330335546624E1,0.E0,-1.558965319389E0));
#2587=CARTESIAN_POINT('',(-5.330335546624E1,0.E0,1.558965319389E0));
#2588=CARTESIAN_POINT('',(-5.330335546624E1,0.E0,4.676895958168E0));
#2589=B_SPLINE_SURFACE_WITH_KNOTS('',3,3,((#2573,#2574,#2575,#2576),(#2577,
#2578,#2579,#2580),(#2581,#2582,#2583,#2584),(#2585,#2586,#2587,#2588)),
.UNSPECIFIED.,.F.,.F.,.F.,(4,4),(4,4),(-1.112489595817E1,1.112489595817E1),(
-4.676895958168E0,4.676895958168E0),.UNSPECIFIED.);
#2591=ORIENTED_EDGE('',*,*,#2590,.F.);
#2593=ORIENTED_EDGE('',*,*,#2592,.F.);
#2595=ORIENTED_EDGE('',*,*,#2594,.F.);
#2597=ORIENTED_EDGE('',*,*,#2596,.F.);
#2598=EDGE_LOOP('',(#2591,#2593,#2595,#2597));
#2599=FACE_OUTER_BOUND('',#2598,.F.);
#2600=ADVANCED_FACE('',(#2599),#2589,.T.);
#2601=CARTESIAN_POINT('',(-7.555314738258E1,0.E0,-4.497015344392E0));
#2602=CARTESIAN_POINT('',(-5.330335546624E1,0.E0,-4.497015344392E0));
#2604=CARTESIAN_POINT('',(-7.555314738258E1,2.E-1,-4.497015344392E0));
#2605=DIRECTION('',(1.E0,0.E0,0.E0));
#2606=AXIS1_PLACEMENT('',#2604,#2605);
#2607=SURFACE_OF_REVOLUTION('',#2603,#2606);
#2609=ORIENTED_EDGE('',*,*,#2608,.T.);
#2611=ORIENTED_EDGE('',*,*,#2610,.F.);
#2612=ORIENTED_EDGE('',*,*,#2590,.T.);
#2614=ORIENTED_EDGE('',*,*,#2613,.F.);
#2615=EDGE_LOOP('',(#2609,#2611,#2612,#2614));
#2616=FACE_OUTER_BOUND('',#2615,.F.);
#2617=ADVANCED_FACE('',(#2616),#2607,.T.);
#2618=CARTESIAN_POINT('',(-5.319624472522E1,-3.778017166789E-2,
-4.694947883947E0));
#2619=CARTESIAN_POINT('',(-5.319624472522E1,4.053491391576E0,
-4.730651869976E0));
#2620=CARTESIAN_POINT('',(-5.319624472522E1,8.144762954819E0,
-4.766355856005E0));
#2621=CARTESIAN_POINT('',(-5.319624472522E1,1.223603451806E1,
-4.802059842033E0));
#2622=CARTESIAN_POINT('',(-6.068424958799E1,-3.778017166789E-2,
-4.694947883947E0));
#2623=CARTESIAN_POINT('',(-6.068424958799E1,4.053491391576E0,
-4.730651869976E0));
#2624=CARTESIAN_POINT('',(-6.068424958799E1,8.144762954819E0,
-4.766355856005E0));
#2625=CARTESIAN_POINT('',(-6.068424958799E1,1.223603451806E1,
-4.802059842033E0));
#2626=CARTESIAN_POINT('',(-6.817225445076E1,-3.778017166789E-2,
-4.694947883947E0));
#2627=CARTESIAN_POINT('',(-6.817225445076E1,4.053491391576E0,
-4.730651869976E0));
#2628=CARTESIAN_POINT('',(-6.817225445076E1,8.144762954819E0,
-4.766355856005E0));
#2629=CARTESIAN_POINT('',(-6.817225445076E1,1.223603451806E1,
-4.802059842033E0));
#2630=CARTESIAN_POINT('',(-7.566025931354E1,-3.778017166789E-2,
-4.694947883947E0));
#2631=CARTESIAN_POINT('',(-7.566025931354E1,4.053491391576E0,
-4.730651869976E0));
#2632=CARTESIAN_POINT('',(-7.566025931354E1,8.144762954819E0,
-4.766355856005E0));
#2633=CARTESIAN_POINT('',(-7.566025931354E1,1.223603451806E1,
-4.802059842033E0));
#2634=B_SPLINE_SURFACE_WITH_KNOTS('',3,3,((#2618,#2619,#2620,#2621),(#2622,
#2623,#2624,#2625),(#2626,#2627,#2628,#2629),(#2630,#2631,#2632,#2633)),
.UNSPECIFIED.,.F.,.F.,.F.,(4,4),(4,4),(-2.355403626305E1,-1.090021674739E0),(
-1.203823855091E1,2.360435058808E-1),.UNSPECIFIED.);
#2635=ORIENTED_EDGE('',*,*,#2608,.F.);
#2637=ORIENTED_EDGE('',*,*,#2636,.F.);
#2639=ORIENTED_EDGE('',*,*,#2638,.F.);
#2641=ORIENTED_EDGE('',*,*,#2640,.F.);
#2643=ORIENTED_EDGE('',*,*,#2642,.T.);
#2645=ORIENTED_EDGE('',*,*,#2644,.F.);
#2647=ORIENTED_EDGE('',*,*,#2646,.F.);
#2649=ORIENTED_EDGE('',*,*,#2648,.F.);
#2650=EDGE_LOOP('',(#2635,#2637,#2639,#2641,#2643,#2645,#2647,#2649));
#2651=FACE_OUTER_BOUND('',#2650,.F.);
#2653=ORIENTED_EDGE('',*,*,#2652,.F.);
#2655=ORIENTED_EDGE('',*,*,#2654,.F.);
#2656=EDGE_LOOP('',(#2653,#2655));
#2657=FACE_BOUND('',#2656,.F.);
#2658=ADVANCED_FACE('',(#2651,#2657),#2634,.T.);
#2659=CARTESIAN_POINT('',(-5.353330366838E1,-3.779483018888E-2,
-4.494955371412E0));
#2660=CARTESIAN_POINT('',(-5.342618507342E1,1.223678037046E1,
-4.602073966376E0));
#2662=CARTESIAN_POINT('',(-5.373329605313E1,-3.604953085754E-2,
-4.494955371344E0));
#2663=DIRECTION('',(8.726203239974E-3,9.999238504776E-1,-8.726203243980E-3));
#2664=AXIS1_PLACEMENT('',#2662,#2663);
#2665=SURFACE_OF_REVOLUTION('',#2661,#2664);
#2667=ORIENTED_EDGE('',*,*,#2666,.T.);
#2668=ORIENTED_EDGE('',*,*,#2636,.T.);
#2670=ORIENTED_EDGE('',*,*,#2669,.F.);
#2672=ORIENTED_EDGE('',*,*,#2671,.T.);
#2673=EDGE_LOOP('',(#2667,#2668,#2670,#2672));
#2674=FACE_OUTER_BOUND('',#2673,.F.);
#2675=ADVANCED_FACE('',(#2674),#2665,.T.);
#2676=CARTESIAN_POINT('',(-5.391340003229E1,1.2E1,-4.992000002309E0));
#2677=CARTESIAN_POINT('',(-5.391340003229E1,1.2E1,-1.664000000771E0));
#2678=CARTESIAN_POINT('',(-5.391340003229E1,1.2E1,1.664000000766E0));
#2679=CARTESIAN_POINT('',(-5.391340003229E1,1.2E1,4.992000002304E0));
#2680=CARTESIAN_POINT('',(-5.374007671250E1,1.2E1,-4.992000002309E0));
#2681=CARTESIAN_POINT('',(-5.374007671250E1,1.2E1,-1.664000000771E0));
#2682=CARTESIAN_POINT('',(-5.374007671250E1,1.2E1,1.664000000766E0));
#2683=CARTESIAN_POINT('',(-5.374007671250E1,1.2E1,4.992000002304E0));
#2684=CARTESIAN_POINT('',(-5.356675339271E1,1.2E1,-4.992000002309E0));
#2685=CARTESIAN_POINT('',(-5.356675339271E1,1.2E1,-1.664000000771E0));
#2686=CARTESIAN_POINT('',(-5.356675339271E1,1.2E1,1.664000000766E0));
#2687=CARTESIAN_POINT('',(-5.356675339271E1,1.2E1,4.992000002304E0));
#2688=CARTESIAN_POINT('',(-5.339343007292E1,1.2E1,-4.992000002309E0));
#2689=CARTESIAN_POINT('',(-5.339343007292E1,1.2E1,-1.664000000771E0));
#2690=CARTESIAN_POINT('',(-5.339343007292E1,1.2E1,1.664000000766E0));
#2691=CARTESIAN_POINT('',(-5.339343007292E1,1.2E1,4.992000002304E0));
#2692=B_SPLINE_SURFACE_WITH_KNOTS('',3,3,((#2676,#2677,#2678,#2679),(#2680,
#2681,#2682,#2683),(#2684,#2685,#2686,#2687),(#2688,#2689,#2690,#2691)),
.UNSPECIFIED.,.F.,.F.,.F.,(4,4),(4,4),(1.051485139212E1,1.103482135149E1),(
-4.992000002309E0,4.992000002304E0),.UNSPECIFIED.);
#2694=ORIENTED_EDGE('',*,*,#2693,.T.);
#2696=ORIENTED_EDGE('',*,*,#2695,.T.);
#2698=ORIENTED_EDGE('',*,*,#2697,.F.);
#2700=ORIENTED_EDGE('',*,*,#2699,.T.);
#2702=ORIENTED_EDGE('',*,*,#2701,.F.);
#2704=ORIENTED_EDGE('',*,*,#2703,.T.);
#2706=ORIENTED_EDGE('',*,*,#2705,.F.);
#2707=ORIENTED_EDGE('',*,*,#2638,.T.);
#2708=ORIENTED_EDGE('',*,*,#2666,.F.);
#2710=ORIENTED_EDGE('',*,*,#2709,.T.);
#2711=EDGE_LOOP('',(#2694,#2696,#2698,#2700,#2702,#2704,#2706,#2707,#2708,
#2710));
#2712=FACE_OUTER_BOUND('',#2711,.F.);
#2713=ADVANCED_FACE('',(#2712),#2692,.F.);
#2714=CARTESIAN_POINT('',(-5.373329605304E1,-3.779483442009E-2,
4.694947755988E0));
#2715=CARTESIAN_POINT('',(-5.362617745619E1,1.223678058622E1,4.802066352871E0));
#2717=CARTESIAN_POINT('',(-5.373329605313E1,-3.604953085682E-2,
4.494955371344E0));
#2718=DIRECTION('',(8.726203239974E-3,9.999238504776E-1,8.726203243980E-3));
#2719=AXIS1_PLACEMENT('',#2717,#2718);
#2720=SURFACE_OF_REVOLUTION('',#2716,#2719);
#2721=ORIENTED_EDGE('',*,*,#2693,.F.);
#2723=ORIENTED_EDGE('',*,*,#2722,.T.);
#2725=ORIENTED_EDGE('',*,*,#2724,.F.);
#2727=ORIENTED_EDGE('',*,*,#2726,.T.);
#2728=EDGE_LOOP('',(#2721,#2723,#2725,#2727));
#2729=FACE_OUTER_BOUND('',#2728,.F.);
#2730=ADVANCED_FACE('',(#2729),#2720,.T.);
#2731=CARTESIAN_POINT('',(-5.353330354083E1,-3.778021324174E-2,
4.784007920003E0));
#2732=CARTESIAN_POINT('',(-5.349759955355E1,4.053491493219E0,4.784007920003E0));
#2733=CARTESIAN_POINT('',(-5.346189556627E1,8.144763199679E0,4.784007920003E0));
#2734=CARTESIAN_POINT('',(-5.342619157899E1,1.223603490614E1,4.784007920003E0));
#2735=CARTESIAN_POINT('',(-5.353330354083E1,-3.778021324174E-2,
1.594669306668E0));
#2736=CARTESIAN_POINT('',(-5.349759955355E1,4.053491493219E0,1.594669306668E0));
#2737=CARTESIAN_POINT('',(-5.346189556627E1,8.144763199679E0,1.594669306668E0));
#2738=CARTESIAN_POINT('',(-5.342619157899E1,1.223603490614E1,1.594669306668E0));
#2739=CARTESIAN_POINT('',(-5.353330354083E1,-3.778021324174E-2,
-1.594669306667E0));
#2740=CARTESIAN_POINT('',(-5.349759955355E1,4.053491493219E0,
-1.594669306667E0));
#2741=CARTESIAN_POINT('',(-5.346189556627E1,8.144763199679E0,
-1.594669306667E0));
#2742=CARTESIAN_POINT('',(-5.342619157899E1,1.223603490614E1,
-1.594669306667E0));
#2743=CARTESIAN_POINT('',(-5.353330354083E1,-3.778021324174E-2,
-4.784007920002E0));
#2744=CARTESIAN_POINT('',(-5.349759955355E1,4.053491493219E0,
-4.784007920002E0));
#2745=CARTESIAN_POINT('',(-5.346189556627E1,8.144763199679E0,
-4.784007920002E0));
#2746=CARTESIAN_POINT('',(-5.342619157899E1,1.223603490614E1,
-4.784007920002E0));
#2747=B_SPLINE_SURFACE_WITH_KNOTS('',3,3,((#2731,#2732,#2733,#2734),(#2735,
#2736,#2737,#2738),(#2739,#2740,#2741,#2742),(#2743,#2744,#2745,#2746)),
.UNSPECIFIED.,.F.,.F.,.F.,(4,4),(4,4),(-1.090603748386E1,-1.338021643858E0),(
-1.203823859248E1,2.360438939702E-1),.UNSPECIFIED.);
#2748=ORIENTED_EDGE('',*,*,#2722,.F.);
#2749=ORIENTED_EDGE('',*,*,#2709,.F.);
#2750=ORIENTED_EDGE('',*,*,#2671,.F.);
#2752=ORIENTED_EDGE('',*,*,#2751,.F.);
#2753=EDGE_LOOP('',(#2748,#2749,#2750,#2752));
#2754=FACE_OUTER_BOUND('',#2753,.F.);
#2755=ADVANCED_FACE('',(#2754),#2747,.T.);
#2756=CARTESIAN_POINT('',(-5.373123608002E1,0.E0,-4.676895958168E0));
#2757=CARTESIAN_POINT('',(-5.373123608002E1,0.E0,4.676895958168E0));
#2759=CARTESIAN_POINT('',(-5.373123608002E1,2.E-1,-4.676895958168E0));
#2760=DIRECTION('',(0.E0,0.E0,1.E0));
#2761=AXIS1_PLACEMENT('',#2759,#2760);
#2762=SURFACE_OF_REVOLUTION('',#2758,#2761);
#2763=ORIENTED_EDGE('',*,*,#2751,.T.);
#2765=ORIENTED_EDGE('',*,*,#2764,.F.);
#2766=ORIENTED_EDGE('',*,*,#2596,.T.);
#2768=ORIENTED_EDGE('',*,*,#2767,.F.);
#2769=EDGE_LOOP('',(#2763,#2765,#2766,#2768));
#2770=FACE_OUTER_BOUND('',#2769,.F.);
#2771=ADVANCED_FACE('',(#2770),#2762,.T.);
#2772=CARTESIAN_POINT('',(-5.376755841121E1,6.308615520986E-3,
-4.462892978771E0));
#2773=CARTESIAN_POINT('',(-5.363577207853E1,-1.769669484853E-2,
-4.458873180637E0));
#2774=CARTESIAN_POINT('',(-5.353239550237E1,6.627068830591E-2,
-4.473800111093E0));
#2775=CARTESIAN_POINT('',(-5.353124369541E1,1.982546929003E-1,
-4.497015344392E0));
#2776=CARTESIAN_POINT('',(-5.376778402580E1,-1.954425617110E-2,
-4.609883765238E0));
#2777=CARTESIAN_POINT('',(-5.363602427173E1,-4.659517382717E-2,
-4.623180272065E0));
#2778=CARTESIAN_POINT('',(-5.353254899980E1,4.868162503741E-2,
-4.573805645250E0));
#2779=CARTESIAN_POINT('',(-5.353124369541E1,1.982546929003E-1,
-4.497015344392E0));
#2780=CARTESIAN_POINT('',(-5.376686710941E1,8.552395509462E-2,
-4.715876894396E0));
#2781=CARTESIAN_POINT('',(-5.363499933766E1,7.085063763814E-2,
-4.741659961723E0));
#2782=CARTESIAN_POINT('',(-5.353192517353E1,1.201650345972E-1,
-4.645918324916E0));
#2783=CARTESIAN_POINT('',(-5.353124369541E1,1.982546929003E-1,
-4.497015344392E0));
#2784=CARTESIAN_POINT('',(-5.376558246918E1,2.327291456964E-1,
-4.691306694106E0));
#2785=CARTESIAN_POINT('',(-5.363356335990E1,2.353973911601E-1,
-4.714195259735E0));
#2786=CARTESIAN_POINT('',(-5.353105116546E1,2.203164391214E-1,
-4.629201930213E0));
#2787=CARTESIAN_POINT('',(-5.353124369541E1,1.982546929003E-1,
-4.497015344392E0));
#2788=(BOUNDED_SURFACE()B_SPLINE_SURFACE(3,3,((#2772,#2773,#2774,#2775),(#2776,
#2777,#2778,#2779),(#2780,#2781,#2782,#2783),(#2784,#2785,#2786,#2787)),
.UNSPECIFIED.,.F.,.F.,.F.)B_SPLINE_SURFACE_WITH_KNOTS((4,4),(4,4),(0.E0,1.E0),(
0.E0,1.E0),.UNSPECIFIED.)GEOMETRIC_REPRESENTATION_ITEM()RATIONAL_B_SPLINE_SURFACE(((1.543335226184E0,1.176000853420E0,1.176000853420E0,1.543335226184E0),(
1.108621963901E0,8.447551468724E-1,8.447551468724E-1,1.108621963901E0),(
1.108621963901E0,8.447551468724E-1,8.447551468724E-1,1.108621963901E0),(
1.543335226184E0,1.176000853420E0,1.176000853420E0,1.543335226184E0)))REPRESENTATION_ITEM('')SURFACE());
#2789=ORIENTED_EDGE('',*,*,#2669,.T.);
#2790=ORIENTED_EDGE('',*,*,#2613,.T.);
#2791=ORIENTED_EDGE('',*,*,#2764,.T.);
#2792=EDGE_LOOP('',(#2789,#2790,#2791));
#2793=FACE_OUTER_BOUND('',#2792,.F.);
#2794=ADVANCED_FACE('',(#2793),#2788,.T.);
#2795=CARTESIAN_POINT('',(-5.353694754787E1,2.329254535577E-1,
4.462841073635E0));
#2796=CARTESIAN_POINT('',(-5.351536013599E1,1.016000073917E-1,
4.459043968112E0));
#2797=CARTESIAN_POINT('',(-5.360010706253E1,0.E0,4.473950480512E0));
#2798=CARTESIAN_POINT('',(-5.373123608002E1,0.E0,4.497015344392E0));
#2799=CARTESIAN_POINT('',(-5.351088816136E1,2.329254535577E-1,
4.610994635964E0));
#2800=CARTESIAN_POINT('',(-5.348640528930E1,1.016000073917E-1,
4.623658882718E0));
#2801=CARTESIAN_POINT('',(-5.358251908804E1,0.E0,4.573942131331E0));
#2802=CARTESIAN_POINT('',(-5.373123608002E1,0.E0,4.497015344392E0));
#2803=CARTESIAN_POINT('',(-5.361725678845E1,2.329254535577E-1,
4.717363263049E0));
#2804=CARTESIAN_POINT('',(-5.360459254169E1,1.016000073917E-1,
4.741846135113E0));
#2805=CARTESIAN_POINT('',(-5.365430929308E1,0.E0,4.645732336374E0));
#2806=CARTESIAN_POINT('',(-5.373123608002E1,0.E0,4.497015344392E0));
#2807=CARTESIAN_POINT('',(-5.376541035078E1,2.329254535577E-1,
4.691303876545E0));
#2808=CARTESIAN_POINT('',(-5.376920745630E1,1.016000073917E-1,
4.712891288422E0));
#2809=CARTESIAN_POINT('',(-5.375430094390E1,0.E0,4.628144361878E0));
#2810=CARTESIAN_POINT('',(-5.373123608002E1,0.E0,4.497015344392E0));
#2811=(BOUNDED_SURFACE()B_SPLINE_SURFACE(3,3,((#2795,#2796,#2797,#2798),(#2799,
#2800,#2801,#2802),(#2803,#2804,#2805,#2806),(#2807,#2808,#2809,#2810)),
.UNSPECIFIED.,.F.,.F.,.F.)B_SPLINE_SURFACE_WITH_KNOTS((4,4),(4,4),(0.E0,1.E0),(
0.E0,1.E0),.UNSPECIFIED.)GEOMETRIC_REPRESENTATION_ITEM()RATIONAL_B_SPLINE_SURFACE(((1.543731906890E0,1.179706129999E0,1.179706129999E0,1.543731906890E0),(
1.105229765755E0,8.446067117609E-1,8.446067117609E-1,1.105229765755E0),(
1.105229765755E0,8.446067117609E-1,8.446067117609E-1,1.105229765755E0),(
1.543731906890E0,1.179706129999E0,1.179706129999E0,1.543731906890E0)))REPRESENTATION_ITEM('')SURFACE());
#2812=ORIENTED_EDGE('',*,*,#2767,.T.);
#2814=ORIENTED_EDGE('',*,*,#2813,.F.);
#2815=ORIENTED_EDGE('',*,*,#2724,.T.);
#2816=EDGE_LOOP('',(#2812,#2814,#2815));
#2817=FACE_OUTER_BOUND('',#2816,.F.);
#2818=ADVANCED_FACE('',(#2817),#2811,.T.);
#2819=CARTESIAN_POINT('',(-5.330335546624E1,0.E0,4.497015344392E0));
#2820=CARTESIAN_POINT('',(-7.555314738258E1,0.E0,4.497015344392E0));
#2822=CARTESIAN_POINT('',(-5.330335546624E1,2.E-1,4.497015344392E0));
#2823=DIRECTION('',(-1.E0,0.E0,0.E0));
#2824=AXIS1_PLACEMENT('',#2822,#2823);
#2825=SURFACE_OF_REVOLUTION('',#2821,#2824);
#2826=ORIENTED_EDGE('',*,*,#2594,.T.);
#2828=ORIENTED_EDGE('',*,*,#2827,.F.);
#2830=ORIENTED_EDGE('',*,*,#2829,.T.);
#2831=ORIENTED_EDGE('',*,*,#2813,.T.);
#2832=EDGE_LOOP('',(#2826,#2828,#2830,#2831));
#2833=FACE_OUTER_BOUND('',#2832,.F.);
#2834=ADVANCED_FACE('',(#2833),#2825,.T.);
#2835=CARTESIAN_POINT('',(-7.508894443761E1,6.308615520235E-3,
4.462892978771E0));
#2836=CARTESIAN_POINT('',(-7.522073077030E1,-1.769669484627E-2,
4.458873180638E0));
#2837=CARTESIAN_POINT('',(-7.532410734645E1,6.627068830793E-2,
4.473800111093E0));
#2838=CARTESIAN_POINT('',(-7.532525915341E1,1.982546929003E-1,
4.497015344392E0));
#2839=CARTESIAN_POINT('',(-7.508871882302E1,-1.954425617196E-2,
4.609883765238E0));
#2840=CARTESIAN_POINT('',(-7.522047857709E1,-4.659517382462E-2,
4.623180272064E0));
#2841=CARTESIAN_POINT('',(-7.532395384902E1,4.868162503969E-2,
4.573805645249E0));
#2842=CARTESIAN_POINT('',(-7.532525915341E1,1.982546929003E-1,
4.497015344392E0));
#2843=CARTESIAN_POINT('',(-7.508963573941E1,8.552395509413E-2,
4.715876894397E0));
#2844=CARTESIAN_POINT('',(-7.522150351116E1,7.085063763944E-2,
4.741659961720E0));
#2845=CARTESIAN_POINT('',(-7.532457767529E1,1.201650345984E-1,
4.645918324914E0));
#2846=CARTESIAN_POINT('',(-7.532525915341E1,1.982546929003E-1,
4.497015344392E0));
#2847=CARTESIAN_POINT('',(-7.509092037965E1,2.327291456965E-1,
4.691306694107E0));
#2848=CARTESIAN_POINT('',(-7.522293948892E1,2.353973911597E-1,
4.714195259732E0));
#2849=CARTESIAN_POINT('',(-7.532545168336E1,2.203164391210E-1,
4.629201930211E0));
#2850=CARTESIAN_POINT('',(-7.532525915341E1,1.982546929003E-1,
4.497015344392E0));
#2851=(BOUNDED_SURFACE()B_SPLINE_SURFACE(3,3,((#2835,#2836,#2837,#2838),(#2839,
#2840,#2841,#2842),(#2843,#2844,#2845,#2846),(#2847,#2848,#2849,#2850)),
.UNSPECIFIED.,.F.,.F.,.F.)B_SPLINE_SURFACE_WITH_KNOTS((4,4),(4,4),(0.E0,1.E0),(
0.E0,1.E0),.UNSPECIFIED.)GEOMETRIC_REPRESENTATION_ITEM()RATIONAL_B_SPLINE_SURFACE(((1.543335226177E0,1.176000853423E0,1.176000853423E0,1.543335226177E0),(
1.108621963896E0,8.447551468742E-1,8.447551468742E-1,1.108621963896E0),(
1.108621963896E0,8.447551468742E-1,8.447551468742E-1,1.108621963896E0),(
1.543335226177E0,1.176000853423E0,1.176000853423E0,1.543335226177E0)))REPRESENTATION_ITEM('')SURFACE());
#2852=ORIENTED_EDGE('',*,*,#2827,.T.);
#2854=ORIENTED_EDGE('',*,*,#2853,.F.);
#2856=ORIENTED_EDGE('',*,*,#2855,.F.);
#2857=EDGE_LOOP('',(#2852,#2854,#2856));
#2858=FACE_OUTER_BOUND('',#2857,.F.);
#2859=ADVANCED_FACE('',(#2858),#2851,.T.);
#2860=CARTESIAN_POINT('',(-7.512526676880E1,0.E0,4.676895958168E0));
#2861=CARTESIAN_POINT('',(-7.512526676880E1,0.E0,-4.676895958168E0));
#2863=CARTESIAN_POINT('',(-7.512526676880E1,2.E-1,4.676895958168E0));
#2864=DIRECTION('',(0.E0,0.E0,-1.E0));
#2865=AXIS1_PLACEMENT('',#2863,#2864);
#2866=SURFACE_OF_REVOLUTION('',#2862,#2865);
#2868=ORIENTED_EDGE('',*,*,#2867,.T.);
#2869=ORIENTED_EDGE('',*,*,#2853,.T.);
#2870=ORIENTED_EDGE('',*,*,#2592,.T.);
#2872=ORIENTED_EDGE('',*,*,#2871,.F.);
#2873=EDGE_LOOP('',(#2868,#2869,#2870,#2872));
#2874=FACE_OUTER_BOUND('',#2873,.F.);
#2875=ADVANCED_FACE('',(#2874),#2866,.T.);
#2876=CARTESIAN_POINT('',(-7.532319930799E1,-3.778021324174E-2,
-4.784007920003E0));
#2877=CARTESIAN_POINT('',(-7.535890329527E1,4.053491493219E0,
-4.784007920003E0));
#2878=CARTESIAN_POINT('',(-7.539460728255E1,8.144763199679E0,
-4.784007920003E0));
#2879=CARTESIAN_POINT('',(-7.543031126983E1,1.223603490614E1,
-4.784007920003E0));
#2880=CARTESIAN_POINT('',(-7.532319930799E1,-3.778021324174E-2,
-1.594669306668E0));
#2881=CARTESIAN_POINT('',(-7.535890329527E1,4.053491493219E0,
-1.594669306668E0));
#2882=CARTESIAN_POINT('',(-7.539460728255E1,8.144763199679E0,
-1.594669306668E0));
#2883=CARTESIAN_POINT('',(-7.543031126983E1,1.223603490614E1,
-1.594669306668E0));
#2884=CARTESIAN_POINT('',(-7.532319930799E1,-3.778021324174E-2,
1.594669306667E0));
#2885=CARTESIAN_POINT('',(-7.535890329527E1,4.053491493219E0,1.594669306667E0));
#2886=CARTESIAN_POINT('',(-7.539460728255E1,8.144763199679E0,1.594669306667E0));
#2887=CARTESIAN_POINT('',(-7.543031126983E1,1.223603490614E1,1.594669306667E0));
#2888=CARTESIAN_POINT('',(-7.532319930799E1,-3.778021324174E-2,
4.784007920002E0));
#2889=CARTESIAN_POINT('',(-7.535890329527E1,4.053491493219E0,4.784007920002E0));
#2890=CARTESIAN_POINT('',(-7.539460728255E1,8.144763199679E0,4.784007920002E0));
#2891=CARTESIAN_POINT('',(-7.543031126983E1,1.223603490614E1,4.784007920002E0));
#2892=B_SPLINE_SURFACE_WITH_KNOTS('',3,3,((#2876,#2877,#2878,#2879),(#2880,
#2881,#2882,#2883),(#2884,#2885,#2886,#2887),(#2888,#2889,#2890,#2891)),
.UNSPECIFIED.,.F.,.F.,.F.,(4,4),(4,4),(-1.090603748386E1,-1.338021643858E0),(
-1.203823859248E1,2.360438939702E-1),.UNSPECIFIED.);
#2894=ORIENTED_EDGE('',*,*,#2893,.F.);
#2896=ORIENTED_EDGE('',*,*,#2895,.F.);
#2898=ORIENTED_EDGE('',*,*,#2897,.F.);
#2899=ORIENTED_EDGE('',*,*,#2867,.F.);
#2900=EDGE_LOOP('',(#2894,#2896,#2898,#2899));
#2901=FACE_OUTER_BOUND('',#2900,.F.);
#2902=ADVANCED_FACE('',(#2901),#2892,.T.);
#2903=CARTESIAN_POINT('',(-7.512320679582E1,-3.779483019212E-2,
-4.694947756025E0));
#2904=CARTESIAN_POINT('',(-7.523032539075E1,1.223678037059E1,
-4.802066350989E0));
#2906=CARTESIAN_POINT('',(-7.512320679569E1,-3.604953085682E-2,
-4.494955371344E0));
#2907=DIRECTION('',(-8.726203239981E-3,9.999238504776E-1,-8.726203243980E-3));
#2908=AXIS1_PLACEMENT('',#2906,#2907);
#2909=SURFACE_OF_REVOLUTION('',#2905,#2908);
#2911=ORIENTED_EDGE('',*,*,#2910,.T.);
#2912=ORIENTED_EDGE('',*,*,#2893,.T.);
#2914=ORIENTED_EDGE('',*,*,#2913,.F.);
#2915=ORIENTED_EDGE('',*,*,#2648,.T.);
#2916=EDGE_LOOP('',(#2911,#2912,#2914,#2915));
#2917=FACE_OUTER_BOUND('',#2916,.F.);
#2918=ADVANCED_FACE('',(#2917),#2909,.T.);
#2919=CARTESIAN_POINT('',(-7.546307277590E1,1.2E1,-4.992000002304E0));
#2920=CARTESIAN_POINT('',(-7.546307277590E1,1.2E1,-1.664000000768E0));
#2921=CARTESIAN_POINT('',(-7.546307277590E1,1.2E1,1.664000000768E0));
#2922=CARTESIAN_POINT('',(-7.546307277590E1,1.2E1,4.992000002304E0));
#2923=CARTESIAN_POINT('',(-7.528974945611E1,1.2E1,-4.992000002304E0));
#2924=CARTESIAN_POINT('',(-7.528974945611E1,1.2E1,-1.664000000768E0));
#2925=CARTESIAN_POINT('',(-7.528974945611E1,1.2E1,1.664000000768E0));
#2926=CARTESIAN_POINT('',(-7.528974945611E1,1.2E1,4.992000002304E0));
#2927=CARTESIAN_POINT('',(-7.511642613632E1,1.2E1,-4.992000002304E0));
#2928=CARTESIAN_POINT('',(-7.511642613632E1,1.2E1,-1.664000000768E0));
#2929=CARTESIAN_POINT('',(-7.511642613632E1,1.2E1,1.664000000768E0));
#2930=CARTESIAN_POINT('',(-7.511642613632E1,1.2E1,4.992000002304E0));
#2931=CARTESIAN_POINT('',(-7.494310281653E1,1.2E1,-4.992000002304E0));
#2932=CARTESIAN_POINT('',(-7.494310281653E1,1.2E1,-1.664000000768E0));
#2933=CARTESIAN_POINT('',(-7.494310281653E1,1.2E1,1.664000000768E0));
#2934=CARTESIAN_POINT('',(-7.494310281653E1,1.2E1,4.992000002304E0));
#2935=B_SPLINE_SURFACE_WITH_KNOTS('',3,3,((#2919,#2920,#2921,#2922),(#2923,
#2924,#2925,#2926),(#2927,#2928,#2929,#2930),(#2931,#2932,#2933,#2934)),
.UNSPECIFIED.,.F.,.F.,.F.,(4,4),(4,4),(-1.103482135149E1,-1.051485139212E1),(
-4.992000002304E0,4.992000002304E0),.UNSPECIFIED.);
#2936=ORIENTED_EDGE('',*,*,#2910,.F.);
#2937=ORIENTED_EDGE('',*,*,#2646,.T.);
#2939=ORIENTED_EDGE('',*,*,#2938,.F.);
#2941=ORIENTED_EDGE('',*,*,#2940,.T.);
#2943=ORIENTED_EDGE('',*,*,#2942,.F.);
#2945=ORIENTED_EDGE('',*,*,#2944,.T.);
#2947=ORIENTED_EDGE('',*,*,#2946,.F.);
#2949=ORIENTED_EDGE('',*,*,#2948,.T.);
#2951=ORIENTED_EDGE('',*,*,#2950,.T.);
#2952=ORIENTED_EDGE('',*,*,#2895,.T.);
#2953=EDGE_LOOP('',(#2936,#2937,#2939,#2941,#2943,#2945,#2947,#2949,#2951,
#2952));
#2954=FACE_OUTER_BOUND('',#2953,.F.);
#2955=ADVANCED_FACE('',(#2954),#2935,.F.);
#2956=CARTESIAN_POINT('',(-7.497545109441E1,1.146518125383E1,
-4.917601776492E0));
#2957=CARTESIAN_POINT('',(-7.497644530798E1,1.165506032343E1,
-4.917601776492E0));
#2958=CARTESIAN_POINT('',(-7.497743952155E1,1.184493939303E1,
-4.917601776492E0));
#2959=CARTESIAN_POINT('',(-7.497843373512E1,1.203481846264E1,
-4.917601776492E0));
#2960=CARTESIAN_POINT('',(-7.497545109441E1,1.146518125383E1,
-2.841354552677E0));
#2961=CARTESIAN_POINT('',(-7.497644530798E1,1.165506032343E1,
-2.841354552677E0));
#2962=CARTESIAN_POINT('',(-7.497743952155E1,1.184493939303E1,
-2.841354552677E0));
#2963=CARTESIAN_POINT('',(-7.497843373512E1,1.203481846264E1,
-2.841354552677E0));
#2964=CARTESIAN_POINT('',(-7.497545109441E1,1.146518125383E1,
-7.651073288609E-1));
#2965=CARTESIAN_POINT('',(-7.497644530798E1,1.165506032343E1,
-7.651073288609E-1));
#2966=CARTESIAN_POINT('',(-7.497743952155E1,1.184493939303E1,
-7.651073288609E-1));
#2967=CARTESIAN_POINT('',(-7.497843373512E1,1.203481846264E1,
-7.651073288609E-1));
#2968=CARTESIAN_POINT('',(-7.497545109441E1,1.146518125383E1,1.311139894955E0));
#2969=CARTESIAN_POINT('',(-7.497644530798E1,1.165506032343E1,1.311139894955E0));
#2970=CARTESIAN_POINT('',(-7.497743952155E1,1.184493939303E1,1.311139894955E0));
#2971=CARTESIAN_POINT('',(-7.497843373512E1,1.203481846264E1,1.311139894955E0));
#2972=B_SPLINE_SURFACE_WITH_KNOTS('',3,3,((#2956,#2957,#2958,#2959),(#2960,
#2961,#2962,#2963),(#2964,#2965,#2966,#2967),(#2968,#2969,#2970,#2971)),
.UNSPECIFIED.,.F.,.F.,.F.,(4,4),(4,4),(2.044277873677E-1,6.433169458815E0),(
-5.348260774315E-1,3.481893992968E-2),.UNSPECIFIED.);
#2974=ORIENTED_EDGE('',*,*,#2973,.T.);
#2976=ORIENTED_EDGE('',*,*,#2975,.T.);
#2977=ORIENTED_EDGE('',*,*,#2938,.T.);
#2978=ORIENTED_EDGE('',*,*,#2644,.T.);
#2979=EDGE_LOOP('',(#2974,#2976,#2977,#2978));
#2980=FACE_OUTER_BOUND('',#2979,.F.);
#2981=ADVANCED_FACE('',(#2980),#2972,.F.);
#2982=CARTESIAN_POINT('',(-7.539782392839E1,1.15E1,4.987462023637E0));
#2983=CARTESIAN_POINT('',(-7.539782392839E1,1.15E1,1.662487341212E0));
#2984=CARTESIAN_POINT('',(-7.539782392839E1,1.15E1,-1.662487341212E0));
#2985=CARTESIAN_POINT('',(-7.539782392839E1,1.15E1,-4.987462023637E0));
#2986=CARTESIAN_POINT('',(-6.808477559240E1,1.15E1,4.987462023637E0));
#2987=CARTESIAN_POINT('',(-6.808477559240E1,1.15E1,1.662487341212E0));
#2988=CARTESIAN_POINT('',(-6.808477559240E1,1.15E1,-1.662487341212E0));
#2989=CARTESIAN_POINT('',(-6.808477559240E1,1.15E1,-4.987462023637E0));
#2990=CARTESIAN_POINT('',(-6.077172725642E1,1.15E1,4.987462023637E0));
#2991=CARTESIAN_POINT('',(-6.077172725642E1,1.15E1,1.662487341212E0));
#2992=CARTESIAN_POINT('',(-6.077172725642E1,1.15E1,-1.662487341212E0));
#2993=CARTESIAN_POINT('',(-6.077172725642E1,1.15E1,-4.987462023637E0));
#2994=CARTESIAN_POINT('',(-5.345867892043E1,1.15E1,4.987462023637E0));
#2995=CARTESIAN_POINT('',(-5.345867892043E1,1.15E1,1.662487341212E0));
#2996=CARTESIAN_POINT('',(-5.345867892043E1,1.15E1,-1.662487341212E0));
#2997=CARTESIAN_POINT('',(-5.345867892043E1,1.15E1,-4.987462023637E0));
#2998=B_SPLINE_SURFACE_WITH_KNOTS('',3,3,((#2982,#2983,#2984,#2985),(#2986,
#2987,#2988,#2989),(#2990,#2991,#2992,#2993),(#2994,#2995,#2996,#2997)),
.UNSPECIFIED.,.F.,.F.,.F.,(4,4),(4,4),(-1.096957250398E1,1.096957250398E1),(
-4.987462023637E0,4.987462023637E0),.UNSPECIFIED.);
#3000=ORIENTED_EDGE('',*,*,#2999,.F.);
#3002=ORIENTED_EDGE('',*,*,#3001,.T.);
#3004=ORIENTED_EDGE('',*,*,#3003,.F.);
#3006=ORIENTED_EDGE('',*,*,#3005,.T.);
#3007=ORIENTED_EDGE('',*,*,#2973,.F.);
#3008=ORIENTED_EDGE('',*,*,#2642,.F.);
#3010=ORIENTED_EDGE('',*,*,#3009,.F.);
#3012=ORIENTED_EDGE('',*,*,#3011,.T.);
#3013=EDGE_LOOP('',(#3000,#3002,#3004,#3006,#3007,#3008,#3010,#3012));
#3014=FACE_OUTER_BOUND('',#3013,.F.);
#3015=ADVANCED_FACE('',(#3014),#2998,.T.);
#3016=CARTESIAN_POINT('',(-5.388105175441E1,1.146518125383E1,4.853601776492E0));
#3017=CARTESIAN_POINT('',(-5.388005754084E1,1.165506032343E1,4.853601776492E0));
#3018=CARTESIAN_POINT('',(-5.387906332727E1,1.184493939303E1,4.853601776492E0));
#3019=CARTESIAN_POINT('',(-5.387806911370E1,1.203481846264E1,4.853601776492E0));
#3020=CARTESIAN_POINT('',(-5.388105175441E1,1.146518125383E1,3.886687886010E0));
#3021=CARTESIAN_POINT('',(-5.388005754084E1,1.165506032343E1,3.886687886010E0));
#3022=CARTESIAN_POINT('',(-5.387906332727E1,1.184493939303E1,3.886687886010E0));
#3023=CARTESIAN_POINT('',(-5.387806911370E1,1.203481846264E1,3.886687886010E0));
#3024=CARTESIAN_POINT('',(-5.388105175441E1,1.146518125383E1,2.919773995528E0));
#3025=CARTESIAN_POINT('',(-5.388005754084E1,1.165506032343E1,2.919773995528E0));
#3026=CARTESIAN_POINT('',(-5.387906332727E1,1.184493939303E1,2.919773995528E0));
#3027=CARTESIAN_POINT('',(-5.387806911370E1,1.203481846264E1,2.919773995528E0));
#3028=CARTESIAN_POINT('',(-5.388105175441E1,1.146518125383E1,1.952860105045E0));
#3029=CARTESIAN_POINT('',(-5.388005754084E1,1.165506032343E1,1.952860105045E0));
#3030=CARTESIAN_POINT('',(-5.387906332727E1,1.184493939303E1,1.952860105045E0));
#3031=CARTESIAN_POINT('',(-5.387806911370E1,1.203481846264E1,1.952860105045E0));
#3032=B_SPLINE_SURFACE_WITH_KNOTS('',3,3,((#3016,#3017,#3018,#3019),(#3020,
#3021,#3022,#3023),(#3024,#3025,#3026,#3027),(#3028,#3029,#3030,#3031)),
.UNSPECIFIED.,.F.,.F.,.F.,(4,4),(4,4),(2.684277873677E-1,3.169169458815E0),(
-5.348260774315E-1,3.481893992968E-2),.UNSPECIFIED.);
#3033=ORIENTED_EDGE('',*,*,#2999,.T.);
#3035=ORIENTED_EDGE('',*,*,#3034,.T.);
#3036=ORIENTED_EDGE('',*,*,#2697,.T.);
#3038=ORIENTED_EDGE('',*,*,#3037,.T.);
#3039=EDGE_LOOP('',(#3033,#3035,#3036,#3038));
#3040=FACE_OUTER_BOUND('',#3039,.F.);
#3041=ADVANCED_FACE('',(#3040),#3032,.F.);
#3042=CARTESIAN_POINT('',(-5.379343007491E1,1.749806502348E0,1.956282229566E0));
#3043=CARTESIAN_POINT('',(-5.379343007491E1,5.233532267563E0,1.974523141713E0));
#3044=CARTESIAN_POINT('',(-5.379343007491E1,8.717258032777E0,1.992764053861E0));
#3045=CARTESIAN_POINT('',(-5.379343007491E1,1.220098379799E1,2.011004966008E0));
#3046=CARTESIAN_POINT('',(-5.383417957585E1,1.749806502348E0,1.956282229566E0));
#3047=CARTESIAN_POINT('',(-5.383417957585E1,5.233532267563E0,1.974523141713E0));
#3048=CARTESIAN_POINT('',(-5.383417957585E1,8.717258032777E0,1.992764053861E0));
#3049=CARTESIAN_POINT('',(-5.383417957585E1,1.220098379799E1,2.011004966008E0));
#3050=CARTESIAN_POINT('',(-5.387492907679E1,1.749806502348E0,1.956282229566E0));
#3051=CARTESIAN_POINT('',(-5.387492907679E1,5.233532267563E0,1.974523141713E0));
#3052=CARTESIAN_POINT('',(-5.387492907679E1,8.717258032777E0,1.992764053861E0));
#3053=CARTESIAN_POINT('',(-5.387492907679E1,1.220098379799E1,2.011004966008E0));
#3054=CARTESIAN_POINT('',(-5.391567857773E1,1.749806502348E0,1.956282229566E0));
#3055=CARTESIAN_POINT('',(-5.391567857773E1,5.233532267563E0,1.974523141713E0));
#3056=CARTESIAN_POINT('',(-5.391567857773E1,8.717258032777E0,1.992764053861E0));
#3057=CARTESIAN_POINT('',(-5.391567857773E1,1.220098379799E1,2.011004966008E0));
#3058=B_SPLINE_SURFACE_WITH_KNOTS('',3,3,((#3042,#3043,#3044,#3045),(#3046,
#3047,#3048,#3049),(#3050,#3051,#3052,#3053),(#3054,#3055,#3056,#3057)),
.UNSPECIFIED.,.F.,.F.,.F.,(4,4),(4,4),(2.872082143613E-1,4.094567171714E-1),(
1.199822949224E0,1.165114350899E1),.UNSPECIFIED.);
#3060=ORIENTED_EDGE('',*,*,#3059,.T.);
#3062=ORIENTED_EDGE('',*,*,#3061,.F.);
#3063=ORIENTED_EDGE('',*,*,#2699,.F.);
#3064=ORIENTED_EDGE('',*,*,#3034,.F.);
#3065=EDGE_LOOP('',(#3060,#3062,#3063,#3064));
#3066=FACE_OUTER_BOUND('',#3065,.F.);
#3067=ADVANCED_FACE('',(#3066),#3058,.T.);
#3068=CARTESIAN_POINT('',(-5.388086944221E1,1.759806483189E0,2.042155944585E0));
#3069=CARTESIAN_POINT('',(-5.388086944221E1,5.070199247156E0,2.042155944585E0));
#3070=CARTESIAN_POINT('',(-5.388086944221E1,8.380592011124E0,2.042155944585E0));
#3071=CARTESIAN_POINT('',(-5.388086944221E1,1.169098477509E1,2.042155944585E0));
#3072=CARTESIAN_POINT('',(-5.388086944221E1,1.759806483189E0,1.747385314862E0));
#3073=CARTESIAN_POINT('',(-5.388086944221E1,5.070199247156E0,1.747385314862E0));
#3074=CARTESIAN_POINT('',(-5.388086944221E1,8.380592011124E0,1.747385314862E0));
#3075=CARTESIAN_POINT('',(-5.388086944221E1,1.169098477509E1,1.747385314862E0));
#3076=CARTESIAN_POINT('',(-5.388086944221E1,1.759806483189E0,1.452614685139E0));
#3077=CARTESIAN_POINT('',(-5.388086944221E1,5.070199247156E0,1.452614685139E0));
#3078=CARTESIAN_POINT('',(-5.388086944221E1,8.380592011124E0,1.452614685139E0));
#3079=CARTESIAN_POINT('',(-5.388086944221E1,1.169098477509E1,1.452614685139E0));
#3080=CARTESIAN_POINT('',(-5.388086944221E1,1.759806483189E0,1.157844055415E0));
#3081=CARTESIAN_POINT('',(-5.388086944221E1,5.070199247156E0,1.157844055415E0));
#3082=CARTESIAN_POINT('',(-5.388086944221E1,8.380592011124E0,1.157844055415E0));
#3083=CARTESIAN_POINT('',(-5.388086944221E1,1.169098477509E1,1.157844055415E0));
#3084=B_SPLINE_SURFACE_WITH_KNOTS('',3,3,((#3068,#3069,#3070,#3071),(#3072,
#3073,#3074,#3075),(#3076,#3077,#3078,#3079),(#3080,#3081,#3082,#3083)),
.UNSPECIFIED.,.F.,.F.,.F.,(4,4),(4,4),(2.305226037612E0,3.189537926782E0),(
-9.740193516811E0,1.909847750868E-1),.UNSPECIFIED.);
#3085=ORIENTED_EDGE('',*,*,#3059,.F.);
#3086=ORIENTED_EDGE('',*,*,#3011,.F.);
#3088=ORIENTED_EDGE('',*,*,#3087,.F.);
#3090=ORIENTED_EDGE('',*,*,#3089,.F.);
#3091=EDGE_LOOP('',(#3085,#3086,#3088,#3090));
#3092=FACE_OUTER_BOUND('',#3091,.F.);
#3093=ADVANCED_FACE('',(#3092),#3084,.T.);
#3094=CARTESIAN_POINT('',(-5.391567857773E1,1.749806502348E0,1.243717770434E0));
#3095=CARTESIAN_POINT('',(-5.391567857773E1,5.233532267563E0,1.225476858287E0));
#3096=CARTESIAN_POINT('',(-5.391567857773E1,8.717258032777E0,1.207235946139E0));
#3097=CARTESIAN_POINT('',(-5.391567857773E1,1.220098379799E1,1.188995033992E0));
#3098=CARTESIAN_POINT('',(-5.387492907679E1,1.749806502348E0,1.243717770434E0));
#3099=CARTESIAN_POINT('',(-5.387492907679E1,5.233532267563E0,1.225476858287E0));
#3100=CARTESIAN_POINT('',(-5.387492907679E1,8.717258032777E0,1.207235946139E0));
#3101=CARTESIAN_POINT('',(-5.387492907679E1,1.220098379799E1,1.188995033992E0));
#3102=CARTESIAN_POINT('',(-5.383417957585E1,1.749806502348E0,1.243717770434E0));
#3103=CARTESIAN_POINT('',(-5.383417957585E1,5.233532267563E0,1.225476858287E0));
#3104=CARTESIAN_POINT('',(-5.383417957585E1,8.717258032777E0,1.207235946139E0));
#3105=CARTESIAN_POINT('',(-5.383417957585E1,1.220098379799E1,1.188995033992E0));
#3106=CARTESIAN_POINT('',(-5.379343007491E1,1.749806502348E0,1.243717770434E0));
#3107=CARTESIAN_POINT('',(-5.379343007491E1,5.233532267563E0,1.225476858287E0));
#3108=CARTESIAN_POINT('',(-5.379343007491E1,8.717258032777E0,1.207235946139E0));
#3109=CARTESIAN_POINT('',(-5.379343007491E1,1.220098379799E1,1.188995033992E0));
#3110=B_SPLINE_SURFACE_WITH_KNOTS('',3,3,((#3094,#3095,#3096,#3097),(#3098,
#3099,#3100,#3101),(#3102,#3103,#3104,#3105),(#3106,#3107,#3108,#3109)),
.UNSPECIFIED.,.F.,.F.,.F.,(4,4),(4,4),(7.445550182315E-1,8.668035210434E-1),(
1.199822949224E0,1.165114350898E1),.UNSPECIFIED.);
#3111=ORIENTED_EDGE('',*,*,#3087,.T.);
#3113=ORIENTED_EDGE('',*,*,#3112,.F.);
#3114=ORIENTED_EDGE('',*,*,#2703,.F.);
#3116=ORIENTED_EDGE('',*,*,#3115,.F.);
#3117=EDGE_LOOP('',(#3111,#3113,#3114,#3116));
#3118=FACE_OUTER_BOUND('',#3117,.F.);
#3119=ADVANCED_FACE('',(#3118),#3110,.T.);
#3120=CARTESIAN_POINT('',(-5.388105175441E1,1.146518125377E1,1.311139894955E0));
#3121=CARTESIAN_POINT('',(-5.388005754084E1,1.165506032342E1,1.311139894955E0));
#3122=CARTESIAN_POINT('',(-5.387906332727E1,1.184493939307E1,1.311139894955E0));
#3123=CARTESIAN_POINT('',(-5.387806911369E1,1.203481846272E1,1.311139894955E0));
#3124=CARTESIAN_POINT('',(-5.388105175441E1,1.146518125377E1,
-7.651073288608E-1));
#3125=CARTESIAN_POINT('',(-5.388005754084E1,1.165506032342E1,
-7.651073288608E-1));
#3126=CARTESIAN_POINT('',(-5.387906332727E1,1.184493939307E1,
-7.651073288608E-1));
#3127=CARTESIAN_POINT('',(-5.387806911369E1,1.203481846272E1,
-7.651073288608E-1));
#3128=CARTESIAN_POINT('',(-5.388105175441E1,1.146518125377E1,
-2.841354552677E0));
#3129=CARTESIAN_POINT('',(-5.388005754084E1,1.165506032342E1,
-2.841354552677E0));
#3130=CARTESIAN_POINT('',(-5.387906332727E1,1.184493939307E1,
-2.841354552677E0));
#3131=CARTESIAN_POINT('',(-5.387806911369E1,1.203481846272E1,
-2.841354552677E0));
#3132=CARTESIAN_POINT('',(-5.388105175441E1,1.146518125377E1,
-4.917601776493E0));
#3133=CARTESIAN_POINT('',(-5.388005754084E1,1.165506032342E1,
-4.917601776493E0));
#3134=CARTESIAN_POINT('',(-5.387906332727E1,1.184493939307E1,
-4.917601776493E0));
#3135=CARTESIAN_POINT('',(-5.387806911369E1,1.203481846272E1,
-4.917601776493E0));
#3136=B_SPLINE_SURFACE_WITH_KNOTS('',3,3,((#3120,#3121,#3122,#3123),(#3124,
#3125,#3126,#3127),(#3128,#3129,#3130,#3131),(#3132,#3133,#3134,#3135)),
.UNSPECIFIED.,.F.,.F.,.F.,(4,4),(4,4),(3.810889668905E0,1.003963134035E1),(
-5.348260774886E-1,3.481894000969E-2),.UNSPECIFIED.);
#3137=ORIENTED_EDGE('',*,*,#3009,.T.);
#3138=ORIENTED_EDGE('',*,*,#2640,.T.);
#3139=ORIENTED_EDGE('',*,*,#2705,.T.);
#3140=ORIENTED_EDGE('',*,*,#3112,.T.);
#3141=EDGE_LOOP('',(#3137,#3138,#3139,#3140));
#3142=FACE_OUTER_BOUND('',#3141,.F.);
#3143=ADVANCED_FACE('',(#3142),#3136,.F.);
#3144=CARTESIAN_POINT('',(-5.388192180250E1,1.749806508139E0,2.044773958514E0));
#3145=CARTESIAN_POINT('',(-5.386368088980E1,5.233532379230E0,2.044773958514E0));
#3146=CARTESIAN_POINT('',(-5.384543997709E1,8.717258250320E0,2.044773958514E0));
#3147=CARTESIAN_POINT('',(-5.382719906439E1,1.220098412141E1,2.044773958514E0));
#3148=CARTESIAN_POINT('',(-5.388192180250E1,1.749806508139E0,1.748257986171E0));
#3149=CARTESIAN_POINT('',(-5.386368088980E1,5.233532379230E0,1.748257986171E0));
#3150=CARTESIAN_POINT('',(-5.384543997709E1,8.717258250320E0,1.748257986171E0));
#3151=CARTESIAN_POINT('',(-5.382719906439E1,1.220098412141E1,1.748257986171E0));
#3152=CARTESIAN_POINT('',(-5.388192180250E1,1.749806508139E0,1.451742013828E0));
#3153=CARTESIAN_POINT('',(-5.386368088980E1,5.233532379230E0,1.451742013828E0));
#3154=CARTESIAN_POINT('',(-5.384543997709E1,8.717258250320E0,1.451742013828E0));
#3155=CARTESIAN_POINT('',(-5.382719906439E1,1.220098412141E1,1.451742013828E0));
#3156=CARTESIAN_POINT('',(-5.388192180250E1,1.749806508139E0,1.155226041485E0));
#3157=CARTESIAN_POINT('',(-5.386368088980E1,5.233532379230E0,1.155226041485E0));
#3158=CARTESIAN_POINT('',(-5.384543997709E1,8.717258250320E0,1.155226041485E0));
#3159=CARTESIAN_POINT('',(-5.382719906439E1,1.220098412141E1,1.155226041485E0));
#3160=B_SPLINE_SURFACE_WITH_KNOTS('',3,3,((#3144,#3145,#3146,#3147),(#3148,
#3149,#3150,#3151),(#3152,#3153,#3154,#3155),(#3156,#3157,#3158,#3159)),
.UNSPECIFIED.,.F.,.F.,.F.,(4,4),(4,4),(2.272556053463E-1,1.116803522375E0),(
-1.025033400090E1,2.009868764868E-1),.UNSPECIFIED.);
#3161=ORIENTED_EDGE('',*,*,#3089,.T.);
#3162=ORIENTED_EDGE('',*,*,#3115,.T.);
#3163=ORIENTED_EDGE('',*,*,#2701,.T.);
#3164=ORIENTED_EDGE('',*,*,#3061,.T.);
#3165=EDGE_LOOP('',(#3161,#3162,#3163,#3164));
#3166=FACE_OUTER_BOUND('',#3165,.F.);
#3167=ADVANCED_FACE('',(#3166),#3160,.F.);
#3168=CARTESIAN_POINT('',(-7.566025933733E1,-3.778020562746E-2,
4.694947883651E0));
#3169=CARTESIAN_POINT('',(-7.566025933733E1,4.053491368854E0,4.730651869778E0));
#3170=CARTESIAN_POINT('',(-7.566025933733E1,8.144762943335E0,4.766355855904E0));
#3171=CARTESIAN_POINT('',(-7.566025933733E1,1.223603451782E1,4.802059842031E0));
#3172=CARTESIAN_POINT('',(-6.817225406205E1,-3.778020562746E-2,
4.694947883651E0));
#3173=CARTESIAN_POINT('',(-6.817225406205E1,4.053491368854E0,4.730651869778E0));
#3174=CARTESIAN_POINT('',(-6.817225406205E1,8.144762943335E0,4.766355855904E0));
#3175=CARTESIAN_POINT('',(-6.817225406205E1,1.223603451782E1,4.802059842031E0));
#3176=CARTESIAN_POINT('',(-6.068424878677E1,-3.778020562746E-2,
4.694947883651E0));
#3177=CARTESIAN_POINT('',(-6.068424878677E1,4.053491368854E0,4.730651869778E0));
#3178=CARTESIAN_POINT('',(-6.068424878677E1,8.144762943335E0,4.766355855904E0));
#3179=CARTESIAN_POINT('',(-6.068424878677E1,1.223603451782E1,4.802059842031E0));
#3180=CARTESIAN_POINT('',(-5.319624351149E1,-3.778020562746E-2,
4.694947883651E0));
#3181=CARTESIAN_POINT('',(-5.319624351149E1,4.053491368854E0,4.730651869778E0));
#3182=CARTESIAN_POINT('',(-5.319624351149E1,8.144762943335E0,4.766355855904E0));
#3183=CARTESIAN_POINT('',(-5.319624351149E1,1.223603451782E1,4.802059842031E0));
#3184=B_SPLINE_SURFACE_WITH_KNOTS('',3,3,((#3168,#3169,#3170,#3171),(#3172,
#3173,#3174,#3175),(#3176,#3177,#3178,#3179),(#3180,#3181,#3182,#3183)),
.UNSPECIFIED.,.F.,.F.,.F.,(4,4),(4,4),(-2.355403747678E1,-1.090021650937E0),(
-1.203823858486E1,2.360435056292E-1),.UNSPECIFIED.);
#3186=ORIENTED_EDGE('',*,*,#3185,.F.);
#3187=ORIENTED_EDGE('',*,*,#2948,.F.);
#3189=ORIENTED_EDGE('',*,*,#3188,.F.);
#3190=ORIENTED_EDGE('',*,*,#3001,.F.);
#3191=ORIENTED_EDGE('',*,*,#3037,.F.);
#3192=ORIENTED_EDGE('',*,*,#2695,.F.);
#3193=ORIENTED_EDGE('',*,*,#2726,.F.);
#3194=ORIENTED_EDGE('',*,*,#2829,.F.);
#3195=EDGE_LOOP('',(#3186,#3187,#3189,#3190,#3191,#3192,#3193,#3194));
#3196=FACE_OUTER_BOUND('',#3195,.F.);
#3197=ADVANCED_FACE('',(#3196),#3184,.T.);
#3198=CARTESIAN_POINT('',(-7.532319918040E1,-3.779483441927E-2,
4.494955371375E0));
#3199=CARTESIAN_POINT('',(-7.543031777729E1,1.223678058621E1,4.602073968259E0));
#3201=CARTESIAN_POINT('',(-7.512320679569E1,-3.604953085753E-2,
4.494955371344E0));
#3202=DIRECTION('',(-8.726203239981E-3,9.999238504776E-1,8.726203243980E-3));
#3203=AXIS1_PLACEMENT('',#3201,#3202);
#3204=SURFACE_OF_REVOLUTION('',#3200,#3203);
#3205=ORIENTED_EDGE('',*,*,#2950,.F.);
#3206=ORIENTED_EDGE('',*,*,#3185,.T.);
#3207=ORIENTED_EDGE('',*,*,#2855,.T.);
#3208=ORIENTED_EDGE('',*,*,#2897,.T.);
#3209=EDGE_LOOP('',(#3205,#3206,#3207,#3208));
#3210=FACE_OUTER_BOUND('',#3209,.F.);
#3211=ADVANCED_FACE('',(#3210),#3204,.T.);
#3212=CARTESIAN_POINT('',(-7.497545109441E1,1.146518125377E1,1.952860105045E0));
#3213=CARTESIAN_POINT('',(-7.497644530798E1,1.165506032339E1,1.952860105045E0));
#3214=CARTESIAN_POINT('',(-7.497743952155E1,1.184493939302E1,1.952860105045E0));
#3215=CARTESIAN_POINT('',(-7.497843373512E1,1.203481846264E1,1.952860105045E0));
#3216=CARTESIAN_POINT('',(-7.497545109441E1,1.146518125377E1,2.919773995527E0));
#3217=CARTESIAN_POINT('',(-7.497644530798E1,1.165506032339E1,2.919773995527E0));
#3218=CARTESIAN_POINT('',(-7.497743952155E1,1.184493939302E1,2.919773995527E0));
#3219=CARTESIAN_POINT('',(-7.497843373512E1,1.203481846264E1,2.919773995527E0));
#3220=CARTESIAN_POINT('',(-7.497545109441E1,1.146518125377E1,3.886687886009E0));
#3221=CARTESIAN_POINT('',(-7.497644530798E1,1.165506032339E1,3.886687886009E0));
#3222=CARTESIAN_POINT('',(-7.497743952155E1,1.184493939302E1,3.886687886009E0));
#3223=CARTESIAN_POINT('',(-7.497843373512E1,1.203481846264E1,3.886687886009E0));
#3224=CARTESIAN_POINT('',(-7.497545109441E1,1.146518125377E1,4.853601776492E0));
#3225=CARTESIAN_POINT('',(-7.497644530798E1,1.165506032339E1,4.853601776492E0));
#3226=CARTESIAN_POINT('',(-7.497743952155E1,1.184493939302E1,4.853601776492E0));
#3227=CARTESIAN_POINT('',(-7.497843373512E1,1.203481846264E1,4.853601776492E0));
#3228=B_SPLINE_SURFACE_WITH_KNOTS('',3,3,((#3212,#3213,#3214,#3215),(#3216,
#3217,#3218,#3219),(#3220,#3221,#3222,#3223),(#3224,#3225,#3226,#3227)),
.UNSPECIFIED.,.F.,.F.,.F.,(4,4),(4,4),(7.074889668905E0,9.975631340352E0),(
-5.348260774886E-1,3.481893992970E-2),.UNSPECIFIED.);
#3229=ORIENTED_EDGE('',*,*,#3003,.T.);
#3230=ORIENTED_EDGE('',*,*,#3188,.T.);
#3231=ORIENTED_EDGE('',*,*,#2946,.T.);
#3233=ORIENTED_EDGE('',*,*,#3232,.T.);
#3234=EDGE_LOOP('',(#3229,#3230,#3231,#3233));
#3235=FACE_OUTER_BOUND('',#3234,.F.);
#3236=ADVANCED_FACE('',(#3235),#3228,.F.);
#3237=CARTESIAN_POINT('',(-7.494082427109E1,1.749806502348E0,1.956282229566E0));
#3238=CARTESIAN_POINT('',(-7.494082427109E1,5.233532267563E0,1.974523141713E0));
#3239=CARTESIAN_POINT('',(-7.494082427109E1,8.717258032777E0,1.992764053861E0));
#3240=CARTESIAN_POINT('',(-7.494082427109E1,1.220098379799E1,2.011004966008E0));
#3241=CARTESIAN_POINT('',(-7.498157377203E1,1.749806502348E0,1.956282229566E0));
#3242=CARTESIAN_POINT('',(-7.498157377203E1,5.233532267563E0,1.974523141713E0));
#3243=CARTESIAN_POINT('',(-7.498157377203E1,8.717258032777E0,1.992764053861E0));
#3244=CARTESIAN_POINT('',(-7.498157377203E1,1.220098379799E1,2.011004966008E0));
#3245=CARTESIAN_POINT('',(-7.502232327297E1,1.749806502348E0,1.956282229566E0));
#3246=CARTESIAN_POINT('',(-7.502232327297E1,5.233532267563E0,1.974523141713E0));
#3247=CARTESIAN_POINT('',(-7.502232327297E1,8.717258032777E0,1.992764053861E0));
#3248=CARTESIAN_POINT('',(-7.502232327297E1,1.220098379799E1,2.011004966008E0));
#3249=CARTESIAN_POINT('',(-7.506307277391E1,1.749806502348E0,1.956282229566E0));
#3250=CARTESIAN_POINT('',(-7.506307277391E1,5.233532267563E0,1.974523141713E0));
#3251=CARTESIAN_POINT('',(-7.506307277391E1,8.717258032777E0,1.992764053861E0));
#3252=CARTESIAN_POINT('',(-7.506307277391E1,1.220098379799E1,2.011004966008E0));
#3253=B_SPLINE_SURFACE_WITH_KNOTS('',3,3,((#3237,#3238,#3239,#3240),(#3241,
#3242,#3243,#3244),(#3245,#3246,#3247,#3248),(#3249,#3250,#3251,#3252)),
.UNSPECIFIED.,.F.,.F.,.F.,(4,4),(4,4),(7.445550182315E-1,8.668035210433E-1),(
1.199822949224E0,1.165114350898E1),.UNSPECIFIED.);
#3255=ORIENTED_EDGE('',*,*,#3254,.T.);
#3256=ORIENTED_EDGE('',*,*,#3232,.F.);
#3257=ORIENTED_EDGE('',*,*,#2944,.F.);
#3259=ORIENTED_EDGE('',*,*,#3258,.F.);
#3260=EDGE_LOOP('',(#3255,#3256,#3257,#3259));
#3261=FACE_OUTER_BOUND('',#3260,.F.);
#3262=ADVANCED_FACE('',(#3261),#3253,.T.);
#3263=CARTESIAN_POINT('',(-7.497563340661E1,1.759806483189E0,1.157844055415E0));
#3264=CARTESIAN_POINT('',(-7.497563340661E1,5.070199247156E0,1.157844055415E0));
#3265=CARTESIAN_POINT('',(-7.497563340661E1,8.380592011124E0,1.157844055415E0));
#3266=CARTESIAN_POINT('',(-7.497563340661E1,1.169098477509E1,1.157844055415E0));
#3267=CARTESIAN_POINT('',(-7.497563340661E1,1.759806483189E0,1.452614685138E0));
#3268=CARTESIAN_POINT('',(-7.497563340661E1,5.070199247156E0,1.452614685138E0));
#3269=CARTESIAN_POINT('',(-7.497563340661E1,8.380592011124E0,1.452614685138E0));
#3270=CARTESIAN_POINT('',(-7.497563340661E1,1.169098477509E1,1.452614685138E0));
#3271=CARTESIAN_POINT('',(-7.497563340661E1,1.759806483189E0,1.747385314861E0));
#3272=CARTESIAN_POINT('',(-7.497563340661E1,5.070199247156E0,1.747385314861E0));
#3273=CARTESIAN_POINT('',(-7.497563340661E1,8.380592011124E0,1.747385314861E0));
#3274=CARTESIAN_POINT('',(-7.497563340661E1,1.169098477509E1,1.747385314861E0));
#3275=CARTESIAN_POINT('',(-7.497563340661E1,1.759806483189E0,2.042155944585E0));
#3276=CARTESIAN_POINT('',(-7.497563340661E1,5.070199247156E0,2.042155944585E0));
#3277=CARTESIAN_POINT('',(-7.497563340661E1,8.380592011124E0,2.042155944585E0));
#3278=CARTESIAN_POINT('',(-7.497563340661E1,1.169098477509E1,2.042155944585E0));
#3279=B_SPLINE_SURFACE_WITH_KNOTS('',3,3,((#3263,#3264,#3265,#3266),(#3267,
#3268,#3269,#3270),(#3271,#3272,#3273,#3274),(#3275,#3276,#3277,#3278)),
.UNSPECIFIED.,.F.,.F.,.F.,(4,4),(4,4),(5.505226037612E0,6.389537926782E0),(
-9.740193516811E0,1.909847750868E-1),.UNSPECIFIED.);
#3280=ORIENTED_EDGE('',*,*,#3254,.F.);
#3282=ORIENTED_EDGE('',*,*,#3281,.F.);
#3284=ORIENTED_EDGE('',*,*,#3283,.F.);
#3285=ORIENTED_EDGE('',*,*,#3005,.F.);
#3286=EDGE_LOOP('',(#3280,#3282,#3284,#3285));
#3287=FACE_OUTER_BOUND('',#3286,.F.);
#3288=ADVANCED_FACE('',(#3287),#3279,.T.);
#3289=CARTESIAN_POINT('',(-7.497458104632E1,1.749806508139E0,1.155226041486E0));
#3290=CARTESIAN_POINT('',(-7.499282195902E1,5.233532379230E0,1.155226041486E0));
#3291=CARTESIAN_POINT('',(-7.501106287173E1,8.717258250320E0,1.155226041486E0));
#3292=CARTESIAN_POINT('',(-7.502930378443E1,1.220098412141E1,1.155226041486E0));
#3293=CARTESIAN_POINT('',(-7.497458104632E1,1.749806508139E0,1.451742013829E0));
#3294=CARTESIAN_POINT('',(-7.499282195902E1,5.233532379230E0,1.451742013829E0));
#3295=CARTESIAN_POINT('',(-7.501106287173E1,8.717258250320E0,1.451742013829E0));
#3296=CARTESIAN_POINT('',(-7.502930378443E1,1.220098412141E1,1.451742013829E0));
#3297=CARTESIAN_POINT('',(-7.497458104632E1,1.749806508139E0,1.748257986172E0));
#3298=CARTESIAN_POINT('',(-7.499282195902E1,5.233532379230E0,1.748257986172E0));
#3299=CARTESIAN_POINT('',(-7.501106287173E1,8.717258250320E0,1.748257986172E0));
#3300=CARTESIAN_POINT('',(-7.502930378443E1,1.220098412141E1,1.748257986172E0));
#3301=CARTESIAN_POINT('',(-7.497458104632E1,1.749806508139E0,2.044773958515E0));
#3302=CARTESIAN_POINT('',(-7.499282195902E1,5.233532379230E0,2.044773958515E0));
#3303=CARTESIAN_POINT('',(-7.501106287173E1,8.717258250320E0,2.044773958515E0));
#3304=CARTESIAN_POINT('',(-7.502930378443E1,1.220098412141E1,2.044773958515E0));
#3305=B_SPLINE_SURFACE_WITH_KNOTS('',3,3,((#3289,#3290,#3291,#3292),(#3293,
#3294,#3295,#3296),(#3297,#3298,#3299,#3300),(#3301,#3302,#3303,#3304)),
.UNSPECIFIED.,.F.,.F.,.F.,(4,4),(4,4),(2.272556053465E-1,1.116803522375E0),(
-1.025033400090E1,2.009868764868E-1),.UNSPECIFIED.);
#3306=ORIENTED_EDGE('',*,*,#3281,.T.);
#3307=ORIENTED_EDGE('',*,*,#3258,.T.);
#3308=ORIENTED_EDGE('',*,*,#2942,.T.);
#3310=ORIENTED_EDGE('',*,*,#3309,.T.);
#3311=EDGE_LOOP('',(#3306,#3307,#3308,#3310));
#3312=FACE_OUTER_BOUND('',#3311,.F.);
#3313=ADVANCED_FACE('',(#3312),#3305,.F.);
#3314=CARTESIAN_POINT('',(-7.506307277391E1,1.749806502348E0,1.243717770434E0));
#3315=CARTESIAN_POINT('',(-7.506307277391E1,5.233532267563E0,1.225476858287E0));
#3316=CARTESIAN_POINT('',(-7.506307277391E1,8.717258032777E0,1.207235946139E0));
#3317=CARTESIAN_POINT('',(-7.506307277391E1,1.220098379799E1,1.188995033992E0));
#3318=CARTESIAN_POINT('',(-7.502232327297E1,1.749806502348E0,1.243717770434E0));
#3319=CARTESIAN_POINT('',(-7.502232327297E1,5.233532267563E0,1.225476858287E0));
#3320=CARTESIAN_POINT('',(-7.502232327297E1,8.717258032777E0,1.207235946139E0));
#3321=CARTESIAN_POINT('',(-7.502232327297E1,1.220098379799E1,1.188995033992E0));
#3322=CARTESIAN_POINT('',(-7.498157377203E1,1.749806502348E0,1.243717770434E0));
#3323=CARTESIAN_POINT('',(-7.498157377203E1,5.233532267563E0,1.225476858287E0));
#3324=CARTESIAN_POINT('',(-7.498157377203E1,8.717258032777E0,1.207235946139E0));
#3325=CARTESIAN_POINT('',(-7.498157377203E1,1.220098379799E1,1.188995033992E0));
#3326=CARTESIAN_POINT('',(-7.494082427109E1,1.749806502348E0,1.243717770434E0));
#3327=CARTESIAN_POINT('',(-7.494082427109E1,5.233532267563E0,1.225476858287E0));
#3328=CARTESIAN_POINT('',(-7.494082427109E1,8.717258032777E0,1.207235946139E0));
#3329=CARTESIAN_POINT('',(-7.494082427109E1,1.220098379799E1,1.188995033992E0));
#3330=B_SPLINE_SURFACE_WITH_KNOTS('',3,3,((#3314,#3315,#3316,#3317),(#3318,
#3319,#3320,#3321),(#3322,#3323,#3324,#3325),(#3326,#3327,#3328,#3329)),
.UNSPECIFIED.,.F.,.F.,.F.,(4,4),(4,4),(2.872082143613E-1,4.094567171714E-1),(
1.199822949224E0,1.165114350899E1),.UNSPECIFIED.);
#3331=ORIENTED_EDGE('',*,*,#3283,.T.);
#3332=ORIENTED_EDGE('',*,*,#3309,.F.);
#3333=ORIENTED_EDGE('',*,*,#2940,.F.);
#3334=ORIENTED_EDGE('',*,*,#2975,.F.);
#3335=EDGE_LOOP('',(#3331,#3332,#3333,#3334));
#3336=FACE_OUTER_BOUND('',#3335,.F.);
#3337=ADVANCED_FACE('',(#3336),#3330,.T.);
#3338=CARTESIAN_POINT('',(-7.531955530095E1,2.329254535577E-1,
-4.462841073635E0));
#3339=CARTESIAN_POINT('',(-7.534114271283E1,1.016000073917E-1,
-4.459043968112E0));
#3340=CARTESIAN_POINT('',(-7.525639578629E1,0.E0,-4.473950480512E0));
#3341=CARTESIAN_POINT('',(-7.512526676880E1,0.E0,-4.497015344392E0));
#3342=CARTESIAN_POINT('',(-7.534561468746E1,2.329254535577E-1,
-4.610994635964E0));
#3343=CARTESIAN_POINT('',(-7.537009755952E1,1.016000073917E-1,
-4.623658882718E0));
#3344=CARTESIAN_POINT('',(-7.527398376078E1,0.E0,-4.573942131331E0));
#3345=CARTESIAN_POINT('',(-7.512526676880E1,0.E0,-4.497015344392E0));
#3346=CARTESIAN_POINT('',(-7.523924606037E1,2.329254535577E-1,
-4.717363263049E0));
#3347=CARTESIAN_POINT('',(-7.525191030713E1,1.016000073917E-1,
-4.741846135113E0));
#3348=CARTESIAN_POINT('',(-7.520219355574E1,0.E0,-4.645732336374E0));
#3349=CARTESIAN_POINT('',(-7.512526676880E1,0.E0,-4.497015344392E0));
#3350=CARTESIAN_POINT('',(-7.509109249804E1,2.329254535577E-1,
-4.691303876545E0));
#3351=CARTESIAN_POINT('',(-7.508729539252E1,1.016000073917E-1,
-4.712891288422E0));
#3352=CARTESIAN_POINT('',(-7.510220190492E1,0.E0,-4.628144361878E0));
#3353=CARTESIAN_POINT('',(-7.512526676880E1,0.E0,-4.497015344392E0));
#3354=(BOUNDED_SURFACE()B_SPLINE_SURFACE(3,3,((#3338,#3339,#3340,#3341),(#3342,
#3343,#3344,#3345),(#3346,#3347,#3348,#3349),(#3350,#3351,#3352,#3353)),
.UNSPECIFIED.,.F.,.F.,.F.)B_SPLINE_SURFACE_WITH_KNOTS((4,4),(4,4),(0.E0,1.E0),(
0.E0,1.E0),.UNSPECIFIED.)GEOMETRIC_REPRESENTATION_ITEM()RATIONAL_B_SPLINE_SURFACE(((1.543731906890E0,1.179706129999E0,1.179706129999E0,1.543731906890E0),(
1.105229765755E0,8.446067117609E-1,8.446067117609E-1,1.105229765755E0),(
1.105229765755E0,8.446067117609E-1,8.446067117609E-1,1.105229765755E0),(
1.543731906890E0,1.179706129999E0,1.179706129999E0,1.543731906890E0)))REPRESENTATION_ITEM('')SURFACE());
#3355=ORIENTED_EDGE('',*,*,#2871,.T.);
#3356=ORIENTED_EDGE('',*,*,#2610,.T.);
#3357=ORIENTED_EDGE('',*,*,#2913,.T.);
#3358=EDGE_LOOP('',(#3355,#3356,#3357));
#3359=FACE_OUTER_BOUND('',#3358,.F.);
#3360=ADVANCED_FACE('',(#3359),#3354,.T.);
#3361=CARTESIAN_POINT('',(-7.359684591367E1,9.434615050399E0,
-4.642785739440E0));
#3362=CARTESIAN_POINT('',(-7.359684591367E1,9.433134657329E0,
-4.812421982952E0));
#3364=CARTESIAN_POINT('',(-7.292157682964E1,9.434592204463E0,
-4.645403624415E0));
#3365=DIRECTION('',(0.E0,-8.726535498002E-3,-9.999619230642E-1));
#3366=AXIS1_PLACEMENT('',#3364,#3365);
#3367=SURFACE_OF_REVOLUTION('',#3363,#3366);
#3368=ORIENTED_EDGE('',*,*,#2652,.T.);
#3370=ORIENTED_EDGE('',*,*,#3369,.T.);
#3372=ORIENTED_EDGE('',*,*,#3371,.T.);
#3374=ORIENTED_EDGE('',*,*,#3373,.T.);
#3375=EDGE_LOOP('',(#3368,#3370,#3372,#3374));
#3376=FACE_OUTER_BOUND('',#3375,.F.);
#3377=ADVANCED_FACE('',(#3376),#3367,.F.);
#3378=CARTESIAN_POINT('',(-7.359684591367E1,9.434615050399E0,
-4.642785739440E0));
#3379=CARTESIAN_POINT('',(-7.359684591367E1,9.433134657329E0,
-4.812421982952E0));
#3381=CARTESIAN_POINT('',(-7.292157682964E1,9.434592204463E0,
-4.645403624415E0));
#3382=DIRECTION('',(0.E0,-8.726535498002E-3,-9.999619230642E-1));
#3383=AXIS1_PLACEMENT('',#3381,#3382);
#3384=SURFACE_OF_REVOLUTION('',#3380,#3383);
#3385=ORIENTED_EDGE('',*,*,#2654,.T.);
#3386=ORIENTED_EDGE('',*,*,#3373,.F.);
#3388=ORIENTED_EDGE('',*,*,#3387,.T.);
#3389=ORIENTED_EDGE('',*,*,#3369,.F.);
#3390=EDGE_LOOP('',(#3385,#3386,#3388,#3389));
#3391=FACE_OUTER_BOUND('',#3390,.F.);
#3392=ADVANCED_FACE('',(#3391),#3384,.F.);
#3393=CARTESIAN_POINT('',(-7.221148639411E1,8.724251569750E0,
-4.671409168695E0));
#3394=CARTESIAN_POINT('',(-7.221148639411E1,9.197624643676E0,
-4.675540232927E0));
#3395=CARTESIAN_POINT('',(-7.221148639411E1,9.670997717602E0,
-4.679671297158E0));
#3396=CARTESIAN_POINT('',(-7.221148639411E1,1.014437079153E1,
-4.683802361390E0));
#3397=CARTESIAN_POINT('',(-7.268488001780E1,8.724251569750E0,
-4.671409168695E0));
#3398=CARTESIAN_POINT('',(-7.268488001780E1,9.197624643676E0,
-4.675540232927E0));
#3399=CARTESIAN_POINT('',(-7.268488001780E1,9.670997717602E0,
-4.679671297158E0));
#3400=CARTESIAN_POINT('',(-7.268488001780E1,1.014437079153E1,
-4.683802361390E0));
#3401=CARTESIAN_POINT('',(-7.315827364148E1,8.724251569750E0,
-4.671409168695E0));
#3402=CARTESIAN_POINT('',(-7.315827364148E1,9.197624643676E0,
-4.675540232927E0));
#3403=CARTESIAN_POINT('',(-7.315827364148E1,9.670997717602E0,
-4.679671297158E0));
#3404=CARTESIAN_POINT('',(-7.315827364148E1,1.014437079153E1,
-4.683802361390E0));
#3405=CARTESIAN_POINT('',(-7.363166726517E1,8.724251569750E0,
-4.671409168695E0));
#3406=CARTESIAN_POINT('',(-7.363166726517E1,9.197624643676E0,
-4.675540232927E0));
#3407=CARTESIAN_POINT('',(-7.363166726517E1,9.670997717602E0,
-4.679671297158E0));
#3408=CARTESIAN_POINT('',(-7.363166726517E1,1.014437079153E1,
-4.683802361390E0));
#3409=B_SPLINE_SURFACE_WITH_KNOTS('',3,3,((#3393,#3394,#3395,#3396),(#3397,
#3398,#3399,#3400),(#3401,#3402,#3403,#3404),(#3405,#3406,#3407,#3408)),
.UNSPECIFIED.,.F.,.F.,.F.,(4,4),(4,4),(7.783234969701E0,9.203415840755E0),(
8.764684594920E0,1.018485789255E1),.UNSPECIFIED.);
#3410=ORIENTED_EDGE('',*,*,#3371,.F.);
#3411=ORIENTED_EDGE('',*,*,#3387,.F.);
#3412=EDGE_LOOP('',(#3410,#3411));
#3413=FACE_OUTER_BOUND('',#3412,.F.);
#3414=ADVANCED_FACE('',(#3413),#3409,.T.);
#3415=OPEN_SHELL('',(#2600,#2617,#2658,#2675,#2713,#2730,#2755,#2771,#2794,
#2818,#2834,#2859,#2875,#2902,#2918,#2955,#2981,#3015,#3041,#3067,#3093,#3119,
#3143,#3167,#3197,#3211,#3236,#3262,#3288,#3313,#3337,#3360,#3377,#3392,#3414));
#3416=FILL_AREA_STYLE_COLOUR('',#7);
#3417=FILL_AREA_STYLE('',(#3416));
#3418=SURFACE_STYLE_FILL_AREA(#3417);
#3419=SURFACE_SIDE_STYLE('',(#3418));
#3420=SURFACE_STYLE_USAGE(.BOTH.,#3419);
#3421=PRESENTATION_STYLE_ASSIGNMENT((#3420));
#1873=STYLED_ITEM('',(#3421),#3415);
#3422=SHELL_BASED_SURFACE_MODEL('',(#3415));
#3423=PRESENTATION_LAYER_ASSIGNMENT('COLOR19','',(#1873));
#3424=PRESENTATION_LAYER_ASSIGNMENT('11040095_WR_S-3WR3_M_-B_3_1','',(#1873));
#3425=PRESENTATION_LAYER_ASSIGNMENT('PIN_2_1','',(#288,#552,#816,#1080,#1344,
#1608,#1872));
#3426=PRESENTATION_LAYER_ASSIGNMENT('PIN_2_1_1','',(#288,#552,#816,#1080,#1344,
#1608,#1872));
#3427=PRESENTATION_LAYER_ASSIGNMENT('PIN_2_1_2','',(#288,#552,#816,#1080,#1344,
#1608,#1872));
#3428=PRESENTATION_LAYER_ASSIGNMENT('PIN_2_1_3','',(#288,#552,#816,#1080,#1344,
#1608,#1872));
#3429=PRESENTATION_LAYER_ASSIGNMENT('PIN_2_1_4','',(#288,#552,#816,#1080,#1344,
#1608,#1872));
#3430=PRESENTATION_LAYER_ASSIGNMENT('PIN_2_1_5','',(#288,#552,#816,#1080,#1344,
#1608,#1872));
#3431=PRESENTATION_LAYER_ASSIGNMENT('PIN_2_1_6','',(#288,#552,#816,#1080,#1344,
#1608,#1872));
#3433=DIMENSIONAL_EXPONENTS(0.E0,0.E0,0.E0,0.E0,0.E0,0.E0,0.E0);
#3435=PLANE_ANGLE_MEASURE_WITH_UNIT(PLANE_ANGLE_MEASURE(1.745329251994E-2),
#3434);
#3436=(CONVERSION_BASED_UNIT('DEGREE',#3435)NAMED_UNIT(*)PLANE_ANGLE_UNIT());
#3438=UNCERTAINTY_MEASURE_WITH_UNIT(LENGTH_MEASURE(2.901663219967E-3),#3432,
'closure',
'Maximum model space distance between geometric entities at asserted connectivities');
#3439=(GEOMETRIC_REPRESENTATION_CONTEXT(3)GLOBAL_UNCERTAINTY_ASSIGNED_CONTEXT((
#3438))GLOBAL_UNIT_ASSIGNED_CONTEXT((#3432,#3436,#3437))REPRESENTATION_CONTEXT(
'ID1','3'));
#3442=CARTESIAN_POINT('',(0.E0,0.E0,0.E0));
#3443=DIRECTION('',(0.E0,0.E0,1.E0));
#3444=DIRECTION('',(1.E0,0.E0,0.E0));
#3447=SHAPE_REPRESENTATION_RELATIONSHIP('','',#3446,#3440);
#3448=SHAPE_REPRESENTATION_RELATIONSHIP('','',#3446,#3441);
#3449=MECHANICAL_DESIGN_GEOMETRIC_PRESENTATION_REPRESENTATION('',(#123,#157,
#190,#223,#255,#286,#387,#421,#454,#487,#519,#550,#651,#685,#718,#751,#783,#814,
#915,#949,#982,#1015,#1047,#1078,#1179,#1213,#1246,#1279,#1311,#1342,#1443,
#1477,#1510,#1543,#1575,#1606,#1707,#1741,#1774,#1807,#1839,#1870,#1881,#1888,
#1895,#1902,#1910,#1918,#1930,#1942,#1949,#1956,#1963,#1970,#1977,#1984,#1992,
#2000,#2008,#2016,#2024,#2031,#2039,#2047,#2055,#2062,#2069,#2076,#2083,#2095,
#2102,#2114,#2121,#2128,#2136,#2143,#2150,#2157,#2164,#2172,#2179,#2187,#2194,
#2201,#2208,#2215,#2223,#2230,#2238,#2245,#2253,#2260,#2267,#2274,#2281,#2288,
#2296,#2303,#2310,#2317,#2325,#2332,#2340,#2347,#2355,#2362,#2370,#2377,#2384,
#2391,#2398,#2405,#2413,#2420,#2428,#2436,#2444,#2452,#2459,#2466,#2474,#2482,
#1873),#3439);
#3450=APPLICATION_CONTEXT(
'CONFIGURATION CONTROLLED 3D DESIGNS OF MECHANICAL PARTS AND ASSEMBLIES');
#3451=APPLICATION_PROTOCOL_DEFINITION('international standard',
'config_control_design',1994,#3450);
#3452=DESIGN_CONTEXT('',#3450,'design');
#3453=MECHANICAL_CONTEXT('',#3450,'mechanical');
#3454=PRODUCT('00-ALL_ASM_ASM','00-ALL_ASM_ASM','NOT SPECIFIED',(#3453));
#3455=PRODUCT_DEFINITION_FORMATION_WITH_SPECIFIED_SOURCE('1','LAST_VERSION',
#3454,.MADE.);
#3459=PRODUCT_CATEGORY('part','');
#3460=PRODUCT_RELATED_PRODUCT_CATEGORY('detail','',(#3454));
#3461=PRODUCT_CATEGORY_RELATIONSHIP('','',#3459,#3460);
#3462=SECURITY_CLASSIFICATION_LEVEL('unclassified');
#3463=SECURITY_CLASSIFICATION('','',#3462);
#3464=CC_DESIGN_SECURITY_CLASSIFICATION(#3463,(#3455));
#3465=APPROVAL_STATUS('approved');
#3466=APPROVAL(#3465,'');
#3467=CC_DESIGN_APPROVAL(#3466,(#3463,#3455,#3456));
#3468=CALENDAR_DATE(120,15,9);
#3469=COORDINATED_UNIVERSAL_TIME_OFFSET(8,0,.AHEAD.);
#3470=LOCAL_TIME(8,22,1.6E1,#3469);
#3471=DATE_AND_TIME(#3468,#3470);
#3472=APPROVAL_DATE_TIME(#3471,#3466);
#3473=DATE_TIME_ROLE('creation_date');
#3474=CC_DESIGN_DATE_AND_TIME_ASSIGNMENT(#3471,#3473,(#3456));
#3475=DATE_TIME_ROLE('classification_date');
#3476=CC_DESIGN_DATE_AND_TIME_ASSIGNMENT(#3471,#3475,(#3463));
#3477=PERSON('UNSPECIFIED','UNSPECIFIED',$,$,$,$);
#3478=ORGANIZATION('UNSPECIFIED','UNSPECIFIED','UNSPECIFIED');
#3479=PERSON_AND_ORGANIZATION(#3477,#3478);
#3480=APPROVAL_ROLE('approver');
#3481=APPROVAL_PERSON_ORGANIZATION(#3479,#3466,#3480);
#3482=PERSON_AND_ORGANIZATION_ROLE('creator');
#3483=CC_DESIGN_PERSON_AND_ORGANIZATION_ASSIGNMENT(#3479,#3482,(#3455,#3456));
#3484=PERSON_AND_ORGANIZATION_ROLE('design_supplier');
#3485=CC_DESIGN_PERSON_AND_ORGANIZATION_ASSIGNMENT(#3479,#3484,(#3455));
#3486=PERSON_AND_ORGANIZATION_ROLE('classification_officer');
#3487=CC_DESIGN_PERSON_AND_ORGANIZATION_ASSIGNMENT(#3479,#3486,(#3463));
#3488=PERSON_AND_ORGANIZATION_ROLE('design_owner');
#3489=CC_DESIGN_PERSON_AND_ORGANIZATION_ASSIGNMENT(#3479,#3488,(#3454));
#1=DRAUGHTING_PRE_DEFINED_COLOUR('black');
#2=COLOUR_RGB('',0.E0,5.019607843137E-1,0.E0);
#3=DRAUGHTING_PRE_DEFINED_COLOUR('green');
#4=COLOUR_RGB('',1.1E-2,1.2E-2,1.E0);
#5=COLOUR_RGB('',1.803921568627E-1,1.803921568627E-1,1.803921568627E-1);
#6=COLOUR_RGB('',2.349514563107E-1,2.509708737864E-1,2.669902912621E-1);
#7=COLOUR_RGB('',2.50980407E-1,2.50980407E-1,2.50980407E-1);
#8=COLOUR_RGB('',3.529411764706E-1,3.529411764706E-1,3.529411764706E-1);
#9=COLOUR_RGB('',3.92E-1,1.2E-2,1.2E-2);
#10=COLOUR_RGB('',4.1E-1,0.E0,2.2E-1);
#11=COLOUR_RGB('',5.019607843137E-1,5.019607843137E-1,5.019607843137E-1);
#12=COLOUR_RGB('',6.952E-1,7.426E-1,7.9E-1);
#13=COLOUR_RGB('',7.84314E-1,7.84314E-1,7.84314E-1);
#14=COLOUR_RGB('',7.960784313725E-1,8.235294117647E-1,9.372549019608E-1);
#15=COLOUR_RGB('',8.392156862745E-1,4.470588235294E-1,3.882352941176E-1);
#16=COLOUR_RGB('',8.784E-1,9.49E-1,1.E0);
#17=COLOUR_RGB('',9.098039215686E-1,4.431372549020E-1,3.137254901961E-2);
#18=COLOUR_RGB('',9.6E-1,9.6E-1,9.6E-1);
#19=COLOUR_RGB('',9.8E-1,6.27E-1,0.E0);
#20=DRAUGHTING_PRE_DEFINED_COLOUR('red');
#21=COLOUR_RGB('',1.E0,8.705882352941E-1,2.745098039216E-2);
#22=DRAUGHTING_PRE_DEFINED_COLOUR('yellow');
#23=COLOUR_RGB('',1.E0,1.E0,9.49E-1);
#24=DRAUGHTING_PRE_DEFINED_COLOUR('white');
#106=EDGE_CURVE('',#75,#76,#28,.T.);
#108=EDGE_CURVE('',#76,#80,#48,.T.);
#110=EDGE_CURVE('',#80,#78,#40,.T.);
#112=EDGE_CURVE('',#78,#75,#32,.T.);
#142=EDGE_CURVE('',#75,#82,#36,.T.);
#144=EDGE_CURVE('',#82,#84,#60,.T.);
#146=EDGE_CURVE('',#84,#76,#52,.T.);
#176=EDGE_CURVE('',#78,#86,#44,.T.);
#178=EDGE_CURVE('',#86,#82,#64,.T.);
#209=EDGE_CURVE('',#80,#88,#56,.T.);
#211=EDGE_CURVE('',#88,#86,#68,.T.);
#243=EDGE_CURVE('',#84,#88,#72,.T.);
#370=EDGE_CURVE('',#339,#340,#292,.T.);
#372=EDGE_CURVE('',#340,#344,#312,.T.);
#374=EDGE_CURVE('',#344,#342,#304,.T.);
#376=EDGE_CURVE('',#342,#339,#296,.T.);
#406=EDGE_CURVE('',#339,#346,#300,.T.);
#408=EDGE_CURVE('',#346,#348,#324,.T.);
#410=EDGE_CURVE('',#348,#340,#316,.T.);
#440=EDGE_CURVE('',#342,#350,#308,.T.);
#442=EDGE_CURVE('',#350,#346,#328,.T.);
#473=EDGE_CURVE('',#344,#352,#320,.T.);
#475=EDGE_CURVE('',#352,#350,#332,.T.);
#507=EDGE_CURVE('',#348,#352,#336,.T.);
#634=EDGE_CURVE('',#603,#604,#556,.T.);
#636=EDGE_CURVE('',#604,#608,#576,.T.);
#638=EDGE_CURVE('',#608,#606,#568,.T.);
#640=EDGE_CURVE('',#606,#603,#560,.T.);
#670=EDGE_CURVE('',#603,#610,#564,.T.);
#672=EDGE_CURVE('',#610,#612,#588,.T.);
#674=EDGE_CURVE('',#612,#604,#580,.T.);
#704=EDGE_CURVE('',#606,#614,#572,.T.);
#706=EDGE_CURVE('',#614,#610,#592,.T.);
#737=EDGE_CURVE('',#608,#616,#584,.T.);
#739=EDGE_CURVE('',#616,#614,#596,.T.);
#771=EDGE_CURVE('',#612,#616,#600,.T.);
#898=EDGE_CURVE('',#867,#868,#820,.T.);
#900=EDGE_CURVE('',#868,#872,#840,.T.);
#902=EDGE_CURVE('',#872,#870,#832,.T.);
#904=EDGE_CURVE('',#870,#867,#824,.T.);
#934=EDGE_CURVE('',#867,#874,#828,.T.);
#936=EDGE_CURVE('',#874,#876,#852,.T.);
#938=EDGE_CURVE('',#876,#868,#844,.T.);
#968=EDGE_CURVE('',#870,#878,#836,.T.);
#970=EDGE_CURVE('',#878,#874,#856,.T.);
#1001=EDGE_CURVE('',#872,#880,#848,.T.);
#1003=EDGE_CURVE('',#880,#878,#860,.T.);
#1035=EDGE_CURVE('',#876,#880,#864,.T.);
#1162=EDGE_CURVE('',#1131,#1132,#1084,.T.);
#1164=EDGE_CURVE('',#1132,#1136,#1104,.T.);
#1166=EDGE_CURVE('',#1136,#1134,#1096,.T.);
#1168=EDGE_CURVE('',#1134,#1131,#1088,.T.);
#1198=EDGE_CURVE('',#1131,#1138,#1092,.T.);
#1200=EDGE_CURVE('',#1138,#1140,#1116,.T.);
#1202=EDGE_CURVE('',#1140,#1132,#1108,.T.);
#1232=EDGE_CURVE('',#1134,#1142,#1100,.T.);
#1234=EDGE_CURVE('',#1142,#1138,#1120,.T.);
#1265=EDGE_CURVE('',#1136,#1144,#1112,.T.);
#1267=EDGE_CURVE('',#1144,#1142,#1124,.T.);
#1299=EDGE_CURVE('',#1140,#1144,#1128,.T.);
#1426=EDGE_CURVE('',#1395,#1396,#1348,.T.);
#1428=EDGE_CURVE('',#1396,#1400,#1368,.T.);
#1430=EDGE_CURVE('',#1400,#1398,#1360,.T.);
#1432=EDGE_CURVE('',#1398,#1395,#1352,.T.);
#1462=EDGE_CURVE('',#1395,#1402,#1356,.T.);
#1464=EDGE_CURVE('',#1402,#1404,#1380,.T.);
#1466=EDGE_CURVE('',#1404,#1396,#1372,.T.);
#1496=EDGE_CURVE('',#1398,#1406,#1364,.T.);
#1498=EDGE_CURVE('',#1406,#1402,#1384,.T.);
#1529=EDGE_CURVE('',#1400,#1408,#1376,.T.);
#1531=EDGE_CURVE('',#1408,#1406,#1388,.T.);
#1563=EDGE_CURVE('',#1404,#1408,#1392,.T.);
#1690=EDGE_CURVE('',#1659,#1660,#1612,.T.);
#1692=EDGE_CURVE('',#1660,#1664,#1632,.T.);
#1694=EDGE_CURVE('',#1664,#1662,#1624,.T.);
#1696=EDGE_CURVE('',#1662,#1659,#1616,.T.);
#1726=EDGE_CURVE('',#1659,#1666,#1620,.T.);
#1728=EDGE_CURVE('',#1666,#1668,#1644,.T.);
#1730=EDGE_CURVE('',#1668,#1660,#1636,.T.);
#1760=EDGE_CURVE('',#1662,#1670,#1628,.T.);
#1762=EDGE_CURVE('',#1670,#1666,#1648,.T.);
#1793=EDGE_CURVE('',#1664,#1672,#1640,.T.);
#1795=EDGE_CURVE('',#1672,#1670,#1652,.T.);
#1827=EDGE_CURVE('',#1668,#1672,#1656,.T.);
#1907=CIRCLE('',#1906,6.752690840300E-1);
#1915=CIRCLE('',#1914,6.752690840300E-1);
#1927=B_SPLINE_CURVE_WITH_KNOTS('',3,(#1919,#1920,#1921,#1922,#1923,#1924,#1925,
#1926),.UNSPECIFIED.,.F.,.F.,(4,1,1,1,1,4),(0.E0,2.E-1,4.E-1,6.E-1,8.E-1,1.E0),
.UNSPECIFIED.);
#1939=B_SPLINE_CURVE_WITH_KNOTS('',3,(#1931,#1932,#1933,#1934,#1935,#1936,#1937,
#1938),.UNSPECIFIED.,.F.,.F.,(4,1,1,1,1,4),(0.E0,2.E-1,4.E-1,6.E-1,8.E-1,1.E0),
.UNSPECIFIED.);
#1989=CIRCLE('',#1988,2.E-1);
#1997=CIRCLE('',#1996,2.E-1);
#2005=CIRCLE('',#2004,2.E-1);
#2013=CIRCLE('',#2012,2.E-1);
#2021=CIRCLE('',#2020,1.999999999999E-1);
#2036=CIRCLE('',#2035,2.E-1);
#2044=CIRCLE('',#2043,2.E-1);
#2052=CIRCLE('',#2051,2.E-1);
#2092=B_SPLINE_CURVE_WITH_KNOTS('',3,(#2084,#2085,#2086,#2087,#2088,#2089,#2090,
#2091),.UNSPECIFIED.,.F.,.F.,(4,1,1,1,1,4),(0.E0,2.E-1,4.E-1,6.E-1,8.E-1,1.E0),
.UNSPECIFIED.);
#2111=B_SPLINE_CURVE_WITH_KNOTS('',3,(#2103,#2104,#2105,#2106,#2107,#2108,#2109,
#2110),.UNSPECIFIED.,.F.,.F.,(4,1,1,1,1,4),(0.E0,2.E-1,4.E-1,6.E-1,8.E-1,1.E0),
.UNSPECIFIED.);
#2133=B_SPLINE_CURVE_WITH_KNOTS('',3,(#2129,#2130,#2131,#2132),.UNSPECIFIED.,
.F.,.F.,(4,4),(0.E0,1.E0),.UNSPECIFIED.);
#2169=B_SPLINE_CURVE_WITH_KNOTS('',3,(#2165,#2166,#2167,#2168),.UNSPECIFIED.,
.F.,.F.,(4,4),(0.E0,1.E0),.UNSPECIFIED.);
#2184=B_SPLINE_CURVE_WITH_KNOTS('',3,(#2180,#2181,#2182,#2183),.UNSPECIFIED.,
.F.,.F.,(4,4),(0.E0,1.E0),.UNSPECIFIED.);
#2220=B_SPLINE_CURVE_WITH_KNOTS('',3,(#2216,#2217,#2218,#2219),.UNSPECIFIED.,
.F.,.F.,(4,4),(0.E0,1.E0),.UNSPECIFIED.);
#2235=B_SPLINE_CURVE_WITH_KNOTS('',3,(#2231,#2232,#2233,#2234),.UNSPECIFIED.,
.F.,.F.,(4,4),(0.E0,1.E0),.UNSPECIFIED.);
#2250=B_SPLINE_CURVE_WITH_KNOTS('',3,(#2246,#2247,#2248,#2249),.UNSPECIFIED.,
.F.,.F.,(4,4),(0.E0,1.E0),.UNSPECIFIED.);
#2293=B_SPLINE_CURVE_WITH_KNOTS('',3,(#2289,#2290,#2291,#2292),.UNSPECIFIED.,
.F.,.F.,(4,4),(0.E0,1.E0),.UNSPECIFIED.);
#2322=CIRCLE('',#2321,2.000000000653E-1);
#2337=B_SPLINE_CURVE_WITH_KNOTS('',3,(#2333,#2334,#2335,#2336),.UNSPECIFIED.,
.F.,.F.,(4,4),(0.E0,1.E0),.UNSPECIFIED.);
#2352=B_SPLINE_CURVE_WITH_KNOTS('',3,(#2348,#2349,#2350,#2351),.UNSPECIFIED.,
.F.,.F.,(4,4),(0.E0,1.E0),.UNSPECIFIED.);
#2367=B_SPLINE_CURVE_WITH_KNOTS('',3,(#2363,#2364,#2365,#2366),.UNSPECIFIED.,
.F.,.F.,(4,4),(0.E0,1.E0),.UNSPECIFIED.);
#2410=B_SPLINE_CURVE_WITH_KNOTS('',3,(#2406,#2407,#2408,#2409),.UNSPECIFIED.,
.F.,.F.,(4,4),(0.E0,1.E0),.UNSPECIFIED.);
#2425=B_SPLINE_CURVE_WITH_KNOTS('',3,(#2421,#2422,#2423,#2424),.UNSPECIFIED.,
.F.,.F.,(4,4),(0.E0,1.E0),.UNSPECIFIED.);
#2433=CIRCLE('',#2432,2.E-1);
#2441=CIRCLE('',#2440,2.E-1);
#2449=CIRCLE('',#2448,1.999999999999E-1);
#2471=CIRCLE('',#2470,6.752690840300E-1);
#2479=CIRCLE('',#2478,6.752690840300E-1);
#2590=EDGE_CURVE('',#2485,#2486,#1877,.T.);
#2592=EDGE_CURVE('',#2488,#2485,#2059,.T.);
#2594=EDGE_CURVE('',#2490,#2488,#2028,.T.);
#2596=EDGE_CURVE('',#2486,#2490,#1981,.T.);
#2603=POLYLINE('',(#2601,#2602));
#2608=EDGE_CURVE('',#2493,#2494,#1885,.T.);
#2610=EDGE_CURVE('',#2485,#2494,#2441,.T.);
#2613=EDGE_CURVE('',#2493,#2486,#1997,.T.);
#2636=EDGE_CURVE('',#2496,#2493,#1892,.T.);
#2638=EDGE_CURVE('',#2498,#2496,#1946,.T.);
#2640=EDGE_CURVE('',#2499,#2498,#2235,.T.);
#2642=EDGE_CURVE('',#2499,#2501,#2147,.T.);
#2644=EDGE_CURVE('',#2502,#2501,#2133,.T.);
#2646=EDGE_CURVE('',#2504,#2502,#2099,.T.);
#2648=EDGE_CURVE('',#2494,#2504,#1899,.T.);
#2652=EDGE_CURVE('',#2507,#2508,#1907,.T.);
#2654=EDGE_CURVE('',#2508,#2507,#1915,.T.);
#2661=POLYLINE('',(#2659,#2660));
#2666=EDGE_CURVE('',#2509,#2496,#1927,.T.);
#2669=EDGE_CURVE('',#2511,#2493,#1989,.T.);
#2671=EDGE_CURVE('',#2511,#2509,#1967,.T.);
#2693=EDGE_CURVE('',#2512,#2513,#1939,.T.);
#2695=EDGE_CURVE('',#2513,#2523,#2300,.T.);
#2697=EDGE_CURVE('',#2521,#2523,#2161,.T.);
#2699=EDGE_CURVE('',#2521,#2519,#2176,.T.);
#2701=EDGE_CURVE('',#2517,#2519,#2264,.T.);
#2703=EDGE_CURVE('',#2517,#2515,#2212,.T.);
#2705=EDGE_CURVE('',#2498,#2515,#2242,.T.);
#2709=EDGE_CURVE('',#2509,#2512,#1960,.T.);
#2716=POLYLINE('',(#2714,#2715));
#2722=EDGE_CURVE('',#2512,#2525,#1953,.T.);
#2724=EDGE_CURVE('',#2527,#2525,#2021,.T.);
#2726=EDGE_CURVE('',#2527,#2513,#2307,.T.);
#2751=EDGE_CURVE('',#2525,#2511,#1974,.T.);
#2758=POLYLINE('',(#2756,#2757));
#2764=EDGE_CURVE('',#2486,#2511,#2005,.T.);
#2767=EDGE_CURVE('',#2525,#2490,#2013,.T.);
#2813=EDGE_CURVE('',#2527,#2490,#2036,.T.);
#2821=POLYLINE('',(#2819,#2820));
#2827=EDGE_CURVE('',#2529,#2488,#2044,.T.);
#2829=EDGE_CURVE('',#2529,#2527,#2314,.T.);
#2853=EDGE_CURVE('',#2531,#2488,#2052,.T.);
#2855=EDGE_CURVE('',#2529,#2531,#2322,.T.);
#2862=POLYLINE('',(#2860,#2861));
#2867=EDGE_CURVE('',#2533,#2531,#2080,.T.);
#2871=EDGE_CURVE('',#2533,#2485,#2433,.T.);
#2893=EDGE_CURVE('',#2535,#2533,#2066,.T.);
#2895=EDGE_CURVE('',#2537,#2535,#2118,.T.);
#2897=EDGE_CURVE('',#2531,#2537,#2073,.T.);
#2905=POLYLINE('',(#2903,#2904));
#2910=EDGE_CURVE('',#2504,#2535,#2092,.T.);
#2913=EDGE_CURVE('',#2494,#2533,#2449,.T.);
#2938=EDGE_CURVE('',#2548,#2502,#2125,.T.);
#2940=EDGE_CURVE('',#2548,#2546,#2417,.T.);
#2942=EDGE_CURVE('',#2544,#2546,#2402,.T.);
#2944=EDGE_CURVE('',#2544,#2542,#2359,.T.);
#2946=EDGE_CURVE('',#2540,#2542,#2344,.T.);
#2948=EDGE_CURVE('',#2540,#2538,#2278,.T.);
#2950=EDGE_CURVE('',#2538,#2537,#2111,.T.);
#2973=EDGE_CURVE('',#2501,#2550,#2140,.T.);
#2975=EDGE_CURVE('',#2550,#2548,#2425,.T.);
#2999=EDGE_CURVE('',#2553,#2554,#2154,.T.);
#3001=EDGE_CURVE('',#2553,#2556,#2285,.T.);
#3003=EDGE_CURVE('',#2558,#2556,#2329,.T.);
#3005=EDGE_CURVE('',#2558,#2550,#2388,.T.);
#3009=EDGE_CURVE('',#2560,#2499,#2227,.T.);
#3011=EDGE_CURVE('',#2560,#2554,#2198,.T.);
#3034=EDGE_CURVE('',#2554,#2521,#2184,.T.);
#3037=EDGE_CURVE('',#2523,#2553,#2293,.T.);
#3059=EDGE_CURVE('',#2554,#2562,#2191,.T.);
#3061=EDGE_CURVE('',#2519,#2562,#2169,.T.);
#3087=EDGE_CURVE('',#2564,#2560,#2205,.T.);
#3089=EDGE_CURVE('',#2562,#2564,#2257,.T.);
#3112=EDGE_CURVE('',#2515,#2560,#2250,.T.);
#3115=EDGE_CURVE('',#2564,#2517,#2220,.T.);
#3185=EDGE_CURVE('',#2538,#2529,#2271,.T.);
#3188=EDGE_CURVE('',#2556,#2540,#2337,.T.);
#3200=POLYLINE('',(#3198,#3199));
#3232=EDGE_CURVE('',#2542,#2558,#2352,.T.);
#3254=EDGE_CURVE('',#2566,#2558,#2374,.T.);
#3258=EDGE_CURVE('',#2566,#2544,#2367,.T.);
#3281=EDGE_CURVE('',#2568,#2566,#2395,.T.);
#3283=EDGE_CURVE('',#2550,#2568,#2381,.T.);
#3309=EDGE_CURVE('',#2546,#2568,#2410,.T.);
#3363=POLYLINE('',(#3361,#3362));
#3369=EDGE_CURVE('',#2508,#2572,#2463,.T.);
#3371=EDGE_CURVE('',#2572,#2570,#2471,.T.);
#3373=EDGE_CURVE('',#2570,#2507,#2456,.T.);
#3380=POLYLINE('',(#3378,#3379));
#3387=EDGE_CURVE('',#2570,#2572,#2479,.T.);
#3432=(LENGTH_UNIT()NAMED_UNIT(*)SI_UNIT(.MILLI.,.METRE.));
#3434=(NAMED_UNIT(*)PLANE_ANGLE_UNIT()SI_UNIT($,.RADIAN.));
#3437=(NAMED_UNIT(*)SI_UNIT($,.STERADIAN.)SOLID_ANGLE_UNIT());
#3440=ADVANCED_BREP_SHAPE_REPRESENTATION('',(#288,#552,#816,#1080,#1344,#1608,
#1872),#3439);
#3441=MANIFOLD_SURFACE_SHAPE_REPRESENTATION('',(#3422),#3439);
#3445=AXIS2_PLACEMENT_3D('',#3442,#3443,#3444);
#3446=SHAPE_REPRESENTATION('',(#3445),#3439);
#3456=PRODUCT_DEFINITION('design','',#3455,#3452);
#3457=PRODUCT_DEFINITION_SHAPE('','SHAPE FOR 00-ALL_ASM_ASM.',#3456);
#3458=SHAPE_DEFINITION_REPRESENTATION(#3457,#3446);
ENDSEC;
END-ISO-10303-21;
